2025-11-17T19:11:57.258+0800	INFO	loggers/logger.go:188	开始初始化 Weaviate 客户端
2025-11-17T19:11:57.271+0800	INFO	loggers/logger.go:188	Weaviate 客户端创建成功，开始检查服务状态
2025-11-17T19:11:57.272+0800	INFO	loggers/logger.go:188	Weaviate 客户端初始化完成
2025-11-17T19:12:00.273+0800	INFO	loggers/logger.go:188	begin text splitting task
2025-11-17T19:12:03.272+0800	INFO	loggers/logger.go:188	begin text splitting task
2025-11-17T19:12:06.273+0800	INFO	loggers/logger.go:188	begin text splitting task
2025-11-17T19:12:09.273+0800	INFO	loggers/logger.go:188	begin text splitting task
2025-11-17T19:12:12.273+0800	INFO	loggers/logger.go:188	begin text splitting task
2025-11-17T19:12:15.273+0800	INFO	loggers/logger.go:188	begin text splitting task
2025-11-17T19:12:18.272+0800	INFO	loggers/logger.go:188	begin text splitting task
2025-11-17T19:12:21.273+0800	INFO	loggers/logger.go:188	begin text splitting task
2025-11-17T19:12:24.273+0800	INFO	loggers/logger.go:188	begin text splitting task
2025-11-17T19:12:27.273+0800	INFO	loggers/logger.go:188	begin text splitting task
2025-11-17T19:12:30.272+0800	INFO	loggers/logger.go:188	begin text splitting task
2025-11-17T19:12:30.428+0800	INFO	loggers/logger.go:188	shutting down gracefully ......
2025-11-18T20:52:43.540+0800	INFO	loggers/logger.go:188	开始初始化 Weaviate 客户端
2025-11-18T20:52:43.547+0800	INFO	loggers/logger.go:188	Weaviate 客户端创建成功，开始检查服务状态
2025-11-18T20:52:43.548+0800	INFO	loggers/logger.go:188	Weaviate 客户端初始化完成
2025-11-18T20:52:46.548+0800	INFO	loggers/logger.go:188	begin text splitting task
2025-11-18T20:52:49.548+0800	INFO	loggers/logger.go:188	begin text splitting task
2025-11-18T20:52:52.548+0800	INFO	loggers/logger.go:188	begin text splitting task
2025-11-18T20:52:53.141+0800	INFO	loggers/logger.go:188	shutting down gracefully ......
2025-11-18T20:53:04.152+0800	INFO	loggers/logger.go:188	开始初始化 Weaviate 客户端
2025-11-18T20:53:04.159+0800	INFO	loggers/logger.go:188	Weaviate 客户端创建成功，开始检查服务状态
2025-11-18T20:53:04.160+0800	INFO	loggers/logger.go:188	Weaviate 客户端初始化完成
2025-11-18T20:53:07.161+0800	INFO	loggers/logger.go:188	begin text splitting task
2025-11-18T20:53:10.161+0800	INFO	loggers/logger.go:188	begin text splitting task
2025-11-18T20:53:13.160+0800	INFO	loggers/logger.go:188	begin text splitting task
2025-11-18T20:53:16.161+0800	INFO	loggers/logger.go:188	begin text splitting task
2025-11-18T20:53:19.160+0800	INFO	loggers/logger.go:188	begin text splitting task
2025-11-18T20:53:22.161+0800	INFO	loggers/logger.go:188	begin text splitting task
2025-11-18T20:53:25.161+0800	INFO	loggers/logger.go:188	begin text splitting task
2025-11-18T20:53:28.160+0800	INFO	loggers/logger.go:188	begin text splitting task
2025-11-18T20:53:31.161+0800	INFO	loggers/logger.go:188	begin text splitting task
2025-11-18T20:53:34.160+0800	INFO	loggers/logger.go:188	begin text splitting task
2025-11-18T20:53:37.161+0800	INFO	loggers/logger.go:188	begin text splitting task
2025-11-18T20:53:40.160+0800	INFO	loggers/logger.go:188	begin text splitting task
2025-11-18T20:53:43.161+0800	INFO	loggers/logger.go:188	begin text splitting task
2025-11-18T20:53:46.160+0800	INFO	loggers/logger.go:188	begin text splitting task
2025-11-18T20:53:49.161+0800	INFO	loggers/logger.go:188	begin text splitting task
2025-11-18T20:53:52.161+0800	INFO	loggers/logger.go:188	begin text splitting task
2025-11-18T20:53:55.161+0800	INFO	loggers/logger.go:188	begin text splitting task
2025-11-18T20:53:58.161+0800	INFO	loggers/logger.go:188	begin text splitting task
2025-11-18T20:54:01.161+0800	INFO	loggers/logger.go:188	begin text splitting task
2025-11-18T20:54:04.161+0800	INFO	loggers/logger.go:188	begin text splitting task
2025-11-18T20:54:07.161+0800	INFO	loggers/logger.go:188	begin text splitting task
2025-11-18T20:54:10.161+0800	INFO	loggers/logger.go:188	begin text splitting task
2025-11-18T20:54:13.161+0800	INFO	loggers/logger.go:188	begin text splitting task
2025-11-18T20:54:16.161+0800	INFO	loggers/logger.go:188	begin text splitting task
2025-11-18T20:54:19.161+0800	INFO	loggers/logger.go:188	begin text splitting task
2025-11-18T20:54:22.161+0800	INFO	loggers/logger.go:188	begin text splitting task
2025-11-18T20:54:25.161+0800	INFO	loggers/logger.go:188	begin text splitting task
2025-11-18T20:54:26.008+0800	ERROR	loggers/logger.go:196	batch create document segments failed	{"error": "Error 1390 (HY000): Prepared statement contains too many placeholders"}
github.com/YOUR-USER-OR-ORG-NAME/YOUR-REPO-NAME/pkg/loggers.Error
	/Users/panwei/Downloads/go/rag/pkg/loggers/logger.go:196
github.com/YOUR-USER-OR-ORG-NAME/YOUR-REPO-NAME/internal/schedulers.(*SplittingScheduler).splitText
	/Users/panwei/Downloads/go/rag/internal/schedulers/text_splitter.go:76
github.com/YOUR-USER-OR-ORG-NAME/YOUR-REPO-NAME/internal/schedulers.(*SplittingScheduler).StartSplittingTextTask
	/Users/panwei/Downloads/go/rag/internal/schedulers/text_splitter.go:46
2025-11-18T20:54:28.161+0800	INFO	loggers/logger.go:188	begin text splitting task
2025-11-18T20:54:28.819+0800	ERROR	loggers/logger.go:196	batch create document segments failed	{"error": "Error 1390 (HY000): Prepared statement contains too many placeholders"}
github.com/YOUR-USER-OR-ORG-NAME/YOUR-REPO-NAME/pkg/loggers.Error
	/Users/panwei/Downloads/go/rag/pkg/loggers/logger.go:196
github.com/YOUR-USER-OR-ORG-NAME/YOUR-REPO-NAME/internal/schedulers.(*SplittingScheduler).splitText
	/Users/panwei/Downloads/go/rag/internal/schedulers/text_splitter.go:76
github.com/YOUR-USER-OR-ORG-NAME/YOUR-REPO-NAME/internal/schedulers.(*SplittingScheduler).StartSplittingTextTask
	/Users/panwei/Downloads/go/rag/internal/schedulers/text_splitter.go:46
2025-11-18T20:54:31.161+0800	INFO	loggers/logger.go:188	begin text splitting task
2025-11-18T20:54:31.802+0800	ERROR	loggers/logger.go:196	batch create document segments failed	{"error": "Error 1390 (HY000): Prepared statement contains too many placeholders"}
github.com/YOUR-USER-OR-ORG-NAME/YOUR-REPO-NAME/pkg/loggers.Error
	/Users/panwei/Downloads/go/rag/pkg/loggers/logger.go:196
github.com/YOUR-USER-OR-ORG-NAME/YOUR-REPO-NAME/internal/schedulers.(*SplittingScheduler).splitText
	/Users/panwei/Downloads/go/rag/internal/schedulers/text_splitter.go:76
github.com/YOUR-USER-OR-ORG-NAME/YOUR-REPO-NAME/internal/schedulers.(*SplittingScheduler).StartSplittingTextTask
	/Users/panwei/Downloads/go/rag/internal/schedulers/text_splitter.go:46
2025-11-18T20:54:34.161+0800	INFO	loggers/logger.go:188	begin text splitting task
2025-11-18T20:54:34.789+0800	ERROR	loggers/logger.go:196	batch create document segments failed	{"error": "Error 1390 (HY000): Prepared statement contains too many placeholders"}
github.com/YOUR-USER-OR-ORG-NAME/YOUR-REPO-NAME/pkg/loggers.Error
	/Users/panwei/Downloads/go/rag/pkg/loggers/logger.go:196
github.com/YOUR-USER-OR-ORG-NAME/YOUR-REPO-NAME/internal/schedulers.(*SplittingScheduler).splitText
	/Users/panwei/Downloads/go/rag/internal/schedulers/text_splitter.go:76
github.com/YOUR-USER-OR-ORG-NAME/YOUR-REPO-NAME/internal/schedulers.(*SplittingScheduler).StartSplittingTextTask
	/Users/panwei/Downloads/go/rag/internal/schedulers/text_splitter.go:46
2025-11-18T20:54:37.162+0800	INFO	loggers/logger.go:188	begin text splitting task
2025-11-18T20:54:37.799+0800	ERROR	loggers/logger.go:196	batch create document segments failed	{"error": "Error 1390 (HY000): Prepared statement contains too many placeholders"}
github.com/YOUR-USER-OR-ORG-NAME/YOUR-REPO-NAME/pkg/loggers.Error
	/Users/panwei/Downloads/go/rag/pkg/loggers/logger.go:196
github.com/YOUR-USER-OR-ORG-NAME/YOUR-REPO-NAME/internal/schedulers.(*SplittingScheduler).splitText
	/Users/panwei/Downloads/go/rag/internal/schedulers/text_splitter.go:76
github.com/YOUR-USER-OR-ORG-NAME/YOUR-REPO-NAME/internal/schedulers.(*SplittingScheduler).StartSplittingTextTask
	/Users/panwei/Downloads/go/rag/internal/schedulers/text_splitter.go:46
2025-11-18T20:54:40.161+0800	INFO	loggers/logger.go:188	begin text splitting task
2025-11-18T20:54:40.804+0800	ERROR	loggers/logger.go:196	batch create document segments failed	{"error": "Error 1390 (HY000): Prepared statement contains too many placeholders"}
github.com/YOUR-USER-OR-ORG-NAME/YOUR-REPO-NAME/pkg/loggers.Error
	/Users/panwei/Downloads/go/rag/pkg/loggers/logger.go:196
github.com/YOUR-USER-OR-ORG-NAME/YOUR-REPO-NAME/internal/schedulers.(*SplittingScheduler).splitText
	/Users/panwei/Downloads/go/rag/internal/schedulers/text_splitter.go:76
github.com/YOUR-USER-OR-ORG-NAME/YOUR-REPO-NAME/internal/schedulers.(*SplittingScheduler).StartSplittingTextTask
	/Users/panwei/Downloads/go/rag/internal/schedulers/text_splitter.go:46
2025-11-18T20:54:43.161+0800	INFO	loggers/logger.go:188	begin text splitting task
2025-11-18T20:54:43.795+0800	ERROR	loggers/logger.go:196	batch create document segments failed	{"error": "Error 1390 (HY000): Prepared statement contains too many placeholders"}
github.com/YOUR-USER-OR-ORG-NAME/YOUR-REPO-NAME/pkg/loggers.Error
	/Users/panwei/Downloads/go/rag/pkg/loggers/logger.go:196
github.com/YOUR-USER-OR-ORG-NAME/YOUR-REPO-NAME/internal/schedulers.(*SplittingScheduler).splitText
	/Users/panwei/Downloads/go/rag/internal/schedulers/text_splitter.go:76
github.com/YOUR-USER-OR-ORG-NAME/YOUR-REPO-NAME/internal/schedulers.(*SplittingScheduler).StartSplittingTextTask
	/Users/panwei/Downloads/go/rag/internal/schedulers/text_splitter.go:46
2025-11-18T20:54:46.161+0800	INFO	loggers/logger.go:188	begin text splitting task
2025-11-18T20:54:46.786+0800	ERROR	loggers/logger.go:196	batch create document segments failed	{"error": "Error 1390 (HY000): Prepared statement contains too many placeholders"}
github.com/YOUR-USER-OR-ORG-NAME/YOUR-REPO-NAME/pkg/loggers.Error
	/Users/panwei/Downloads/go/rag/pkg/loggers/logger.go:196
github.com/YOUR-USER-OR-ORG-NAME/YOUR-REPO-NAME/internal/schedulers.(*SplittingScheduler).splitText
	/Users/panwei/Downloads/go/rag/internal/schedulers/text_splitter.go:76
github.com/YOUR-USER-OR-ORG-NAME/YOUR-REPO-NAME/internal/schedulers.(*SplittingScheduler).StartSplittingTextTask
	/Users/panwei/Downloads/go/rag/internal/schedulers/text_splitter.go:46
2025-11-18T20:54:49.162+0800	INFO	loggers/logger.go:188	begin text splitting task
2025-11-18T20:54:49.780+0800	ERROR	loggers/logger.go:196	batch create document segments failed	{"error": "Error 1390 (HY000): Prepared statement contains too many placeholders"}
github.com/YOUR-USER-OR-ORG-NAME/YOUR-REPO-NAME/pkg/loggers.Error
	/Users/panwei/Downloads/go/rag/pkg/loggers/logger.go:196
github.com/YOUR-USER-OR-ORG-NAME/YOUR-REPO-NAME/internal/schedulers.(*SplittingScheduler).splitText
	/Users/panwei/Downloads/go/rag/internal/schedulers/text_splitter.go:76
github.com/YOUR-USER-OR-ORG-NAME/YOUR-REPO-NAME/internal/schedulers.(*SplittingScheduler).StartSplittingTextTask
	/Users/panwei/Downloads/go/rag/internal/schedulers/text_splitter.go:46
2025-11-18T20:54:51.182+0800	INFO	loggers/logger.go:188	embedding task 5 start
2025-11-18T20:54:51.182+0800	INFO	loggers/logger.go:188	shutting down gracefully ......
2025-11-18T20:58:25.568+0800	INFO	loggers/logger.go:188	开始初始化 Weaviate 客户端
2025-11-18T20:58:25.577+0800	INFO	loggers/logger.go:188	Weaviate 客户端创建成功，开始检查服务状态
2025-11-18T20:58:25.577+0800	INFO	loggers/logger.go:188	Weaviate 客户端初始化完成
2025-11-18T20:58:28.578+0800	INFO	loggers/logger.go:188	begin text splitting task
2025-11-18T20:59:16.005+0800	INFO	loggers/logger.go:188	embedding task 1 start
2025-11-18T20:59:16.005+0800	INFO	loggers/logger.go:188	shutting down gracefully ......
2025-11-18T21:12:45.801+0800	INFO	loggers/logger.go:188	开始初始化 Weaviate 客户端
2025-11-18T21:12:45.808+0800	INFO	loggers/logger.go:188	Weaviate 客户端创建成功，开始检查服务状态
2025-11-18T21:12:45.809+0800	INFO	loggers/logger.go:188	Weaviate 客户端初始化完成
2025-11-18T21:12:48.809+0800	INFO	loggers/logger.go:188	begin text splitting task
2025-11-18T21:12:48.812+0800	ERROR	loggers/logger.go:196	read file failed	{"path": "uploads/1fa368db-1da1-4b75-8f59-2d2a79dd76df.conf", "error": "open uploads/1fa368db-1da1-4b75-8f59-2d2a79dd76df.conf: no such file or directory"}
github.com/YOUR-USER-OR-ORG-NAME/YOUR-REPO-NAME/pkg/loggers.Error
	/Users/panwei/Downloads/go/rag/pkg/loggers/logger.go:196
github.com/YOUR-USER-OR-ORG-NAME/YOUR-REPO-NAME/internal/schedulers.(*SplittingScheduler).splitText
	/Users/panwei/Downloads/go/rag/internal/schedulers/text_splitter.go:64
github.com/YOUR-USER-OR-ORG-NAME/YOUR-REPO-NAME/internal/schedulers.(*SplittingScheduler).StartSplittingTextTask
	/Users/panwei/Downloads/go/rag/internal/schedulers/text_splitter.go:46
2025-11-18T21:12:51.810+0800	INFO	loggers/logger.go:188	begin text splitting task
2025-11-18T21:12:51.812+0800	ERROR	loggers/logger.go:196	read file failed	{"path": "uploads/1fa368db-1da1-4b75-8f59-2d2a79dd76df.conf", "error": "open uploads/1fa368db-1da1-4b75-8f59-2d2a79dd76df.conf: no such file or directory"}
github.com/YOUR-USER-OR-ORG-NAME/YOUR-REPO-NAME/pkg/loggers.Error
	/Users/panwei/Downloads/go/rag/pkg/loggers/logger.go:196
github.com/YOUR-USER-OR-ORG-NAME/YOUR-REPO-NAME/internal/schedulers.(*SplittingScheduler).splitText
	/Users/panwei/Downloads/go/rag/internal/schedulers/text_splitter.go:64
github.com/YOUR-USER-OR-ORG-NAME/YOUR-REPO-NAME/internal/schedulers.(*SplittingScheduler).StartSplittingTextTask
	/Users/panwei/Downloads/go/rag/internal/schedulers/text_splitter.go:46
2025-11-18T21:12:54.809+0800	INFO	loggers/logger.go:188	begin text splitting task
2025-11-18T21:12:54.811+0800	ERROR	loggers/logger.go:196	read file failed	{"path": "uploads/1fa368db-1da1-4b75-8f59-2d2a79dd76df.conf", "error": "open uploads/1fa368db-1da1-4b75-8f59-2d2a79dd76df.conf: no such file or directory"}
github.com/YOUR-USER-OR-ORG-NAME/YOUR-REPO-NAME/pkg/loggers.Error
	/Users/panwei/Downloads/go/rag/pkg/loggers/logger.go:196
github.com/YOUR-USER-OR-ORG-NAME/YOUR-REPO-NAME/internal/schedulers.(*SplittingScheduler).splitText
	/Users/panwei/Downloads/go/rag/internal/schedulers/text_splitter.go:64
github.com/YOUR-USER-OR-ORG-NAME/YOUR-REPO-NAME/internal/schedulers.(*SplittingScheduler).StartSplittingTextTask
	/Users/panwei/Downloads/go/rag/internal/schedulers/text_splitter.go:46
2025-11-18T21:12:57.809+0800	INFO	loggers/logger.go:188	begin text splitting task
2025-11-18T21:12:57.811+0800	ERROR	loggers/logger.go:196	read file failed	{"path": "uploads/1fa368db-1da1-4b75-8f59-2d2a79dd76df.conf", "error": "open uploads/1fa368db-1da1-4b75-8f59-2d2a79dd76df.conf: no such file or directory"}
github.com/YOUR-USER-OR-ORG-NAME/YOUR-REPO-NAME/pkg/loggers.Error
	/Users/panwei/Downloads/go/rag/pkg/loggers/logger.go:196
github.com/YOUR-USER-OR-ORG-NAME/YOUR-REPO-NAME/internal/schedulers.(*SplittingScheduler).splitText
	/Users/panwei/Downloads/go/rag/internal/schedulers/text_splitter.go:64
github.com/YOUR-USER-OR-ORG-NAME/YOUR-REPO-NAME/internal/schedulers.(*SplittingScheduler).StartSplittingTextTask
	/Users/panwei/Downloads/go/rag/internal/schedulers/text_splitter.go:46
2025-11-18T21:13:00.810+0800	INFO	loggers/logger.go:188	begin text splitting task
2025-11-18T21:13:03.810+0800	INFO	loggers/logger.go:188	begin text splitting task
2025-11-18T21:13:06.810+0800	INFO	loggers/logger.go:188	begin text splitting task
2025-11-18T21:13:09.810+0800	INFO	loggers/logger.go:188	begin text splitting task
2025-11-18T21:13:12.810+0800	INFO	loggers/logger.go:188	begin text splitting task
2025-11-18T21:13:15.810+0800	INFO	loggers/logger.go:188	begin text splitting task
2025-11-18T21:13:16.013+0800	INFO	loggers/logger.go:188	create document segments success	{"docName": "rag_rag", "segment count": 0}
2025-11-18T21:13:16.014+0800	INFO	loggers/logger.go:188	start document indexing	{"docId": "fe60514c-96ab-4471-a1a9-a0ad4f2163ee", "docName": "rag_rag"}
2025-11-18T21:13:18.809+0800	INFO	loggers/logger.go:188	begin text splitting task
2025-11-18T21:13:18.814+0800	INFO	loggers/logger.go:188	create document segments success	{"docName": "rag_rag", "segment count": 0}
2025-11-18T21:13:18.818+0800	INFO	loggers/logger.go:188	start document indexing	{"docId": "fe60514c-96ab-4471-a1a9-a0ad4f2163ee", "docName": "rag_rag"}
2025-11-18T21:13:21.809+0800	INFO	loggers/logger.go:188	begin text splitting task
2025-11-18T21:13:21.815+0800	INFO	loggers/logger.go:188	create document segments success	{"docName": "rag_rag", "segment count": 0}
2025-11-18T21:13:21.816+0800	INFO	loggers/logger.go:188	start document indexing	{"docId": "fe60514c-96ab-4471-a1a9-a0ad4f2163ee", "docName": "rag_rag"}
2025-11-18T21:13:24.810+0800	INFO	loggers/logger.go:188	begin text splitting task
2025-11-18T21:13:24.815+0800	INFO	loggers/logger.go:188	create document segments success	{"docName": "rag_rag", "segment count": 0}
2025-11-18T21:13:24.817+0800	INFO	loggers/logger.go:188	start document indexing	{"docId": "fe60514c-96ab-4471-a1a9-a0ad4f2163ee", "docName": "rag_rag"}
2025-11-18T21:13:27.810+0800	INFO	loggers/logger.go:188	begin text splitting task
2025-11-18T21:13:27.816+0800	INFO	loggers/logger.go:188	create document segments success	{"docName": "rag_rag", "segment count": 0}
2025-11-18T21:13:27.819+0800	INFO	loggers/logger.go:188	start document indexing	{"docId": "fe60514c-96ab-4471-a1a9-a0ad4f2163ee", "docName": "rag_rag"}
2025-11-18T21:13:30.810+0800	INFO	loggers/logger.go:188	begin text splitting task
2025-11-18T21:13:30.816+0800	INFO	loggers/logger.go:188	create document segments success	{"docName": "rag_rag", "segment count": 0}
2025-11-18T21:13:30.819+0800	INFO	loggers/logger.go:188	start document indexing	{"docId": "fe60514c-96ab-4471-a1a9-a0ad4f2163ee", "docName": "rag_rag"}
2025-11-18T21:13:33.809+0800	INFO	loggers/logger.go:188	begin text splitting task
2025-11-18T21:13:33.814+0800	INFO	loggers/logger.go:188	create document segments success	{"docName": "rag_rag", "segment count": 0}
2025-11-18T21:13:33.815+0800	INFO	loggers/logger.go:188	start document indexing	{"docId": "fe60514c-96ab-4471-a1a9-a0ad4f2163ee", "docName": "rag_rag"}
2025-11-18T21:13:36.810+0800	INFO	loggers/logger.go:188	begin text splitting task
2025-11-18T21:13:36.817+0800	INFO	loggers/logger.go:188	create document segments success	{"docName": "rag_rag", "segment count": 0}
2025-11-18T21:13:36.820+0800	INFO	loggers/logger.go:188	start document indexing	{"docId": "fe60514c-96ab-4471-a1a9-a0ad4f2163ee", "docName": "rag_rag"}
2025-11-18T21:13:39.810+0800	INFO	loggers/logger.go:188	begin text splitting task
2025-11-18T21:13:39.814+0800	INFO	loggers/logger.go:188	create document segments success	{"docName": "rag_rag", "segment count": 0}
2025-11-18T21:13:39.815+0800	INFO	loggers/logger.go:188	start document indexing	{"docId": "fe60514c-96ab-4471-a1a9-a0ad4f2163ee", "docName": "rag_rag"}
2025-11-18T21:13:42.810+0800	INFO	loggers/logger.go:188	begin text splitting task
2025-11-18T21:13:42.813+0800	INFO	loggers/logger.go:188	create document segments success	{"docName": "rag_rag", "segment count": 0}
2025-11-18T21:13:42.814+0800	INFO	loggers/logger.go:188	start document indexing	{"docId": "fe60514c-96ab-4471-a1a9-a0ad4f2163ee", "docName": "rag_rag"}
2025-11-18T21:13:45.810+0800	INFO	loggers/logger.go:188	begin text splitting task
2025-11-18T21:13:45.813+0800	INFO	loggers/logger.go:188	create document segments success	{"docName": "rag_rag", "segment count": 0}
2025-11-18T21:13:45.814+0800	INFO	loggers/logger.go:188	start document indexing	{"docId": "fe60514c-96ab-4471-a1a9-a0ad4f2163ee", "docName": "rag_rag"}
2025-11-18T21:19:35.690+0800	INFO	loggers/logger.go:188	开始初始化 Weaviate 客户端
2025-11-18T21:19:35.697+0800	INFO	loggers/logger.go:188	Weaviate 客户端创建成功，开始检查服务状态
2025-11-18T21:19:35.697+0800	INFO	loggers/logger.go:188	Weaviate 客户端初始化完成
2025-11-18T21:19:38.698+0800	INFO	loggers/logger.go:188	begin text splitting task
2025-11-18T21:19:38.875+0800	INFO	loggers/logger.go:188	create document segments success	{"docName": "rag_rag", "segment count": 0}
2025-11-18T21:19:38.877+0800	INFO	loggers/logger.go:188	start document indexing	{"docId": "fe60514c-96ab-4471-a1a9-a0ad4f2163ee", "docName": "rag_rag"}
2025-11-18T21:19:41.698+0800	INFO	loggers/logger.go:188	begin text splitting task
2025-11-18T21:19:44.698+0800	INFO	loggers/logger.go:188	begin text splitting task
2025-11-18T21:19:47.698+0800	INFO	loggers/logger.go:188	begin text splitting task
2025-11-18T21:19:50.699+0800	INFO	loggers/logger.go:188	begin text splitting task
2025-11-18T21:19:53.698+0800	INFO	loggers/logger.go:188	begin text splitting task
2025-11-18T21:19:56.698+0800	INFO	loggers/logger.go:188	begin text splitting task
2025-11-18T21:19:59.698+0800	INFO	loggers/logger.go:188	begin text splitting task
2025-11-18T21:20:02.699+0800	INFO	loggers/logger.go:188	begin text splitting task
2025-11-18T21:20:05.699+0800	INFO	loggers/logger.go:188	begin text splitting task
2025-11-18T21:20:08.699+0800	INFO	loggers/logger.go:188	begin text splitting task
2025-11-18T21:20:11.699+0800	INFO	loggers/logger.go:188	begin text splitting task
2025-11-18T21:20:14.699+0800	INFO	loggers/logger.go:188	begin text splitting task
2025-11-18T21:20:17.699+0800	INFO	loggers/logger.go:188	begin text splitting task
2025-11-18T21:20:20.699+0800	INFO	loggers/logger.go:188	begin text splitting task
2025-11-18T21:20:23.698+0800	INFO	loggers/logger.go:188	begin text splitting task
2025-11-18T21:20:26.698+0800	INFO	loggers/logger.go:188	begin text splitting task
2025-11-18T21:20:29.699+0800	INFO	loggers/logger.go:188	begin text splitting task
2025-11-18T21:20:32.699+0800	INFO	loggers/logger.go:188	begin text splitting task
2025-11-18T21:20:35.699+0800	INFO	loggers/logger.go:188	begin text splitting task
2025-11-18T21:20:38.699+0800	INFO	loggers/logger.go:188	begin text splitting task
2025-11-18T21:20:41.699+0800	INFO	loggers/logger.go:188	begin text splitting task
2025-11-18T21:20:44.699+0800	INFO	loggers/logger.go:188	begin text splitting task
2025-11-18T21:20:47.698+0800	INFO	loggers/logger.go:188	begin text splitting task
2025-11-18T21:20:50.699+0800	INFO	loggers/logger.go:188	begin text splitting task
2025-11-18T21:20:53.699+0800	INFO	loggers/logger.go:188	begin text splitting task
2025-11-18T21:20:56.699+0800	INFO	loggers/logger.go:188	begin text splitting task
2025-11-18T21:20:59.699+0800	INFO	loggers/logger.go:188	begin text splitting task
2025-11-18T21:21:02.699+0800	INFO	loggers/logger.go:188	begin text splitting task
2025-11-18T21:21:05.699+0800	INFO	loggers/logger.go:188	begin text splitting task
2025-11-18T21:21:08.699+0800	INFO	loggers/logger.go:188	begin text splitting task
2025-11-18T21:21:11.699+0800	INFO	loggers/logger.go:188	begin text splitting task
2025-11-18T21:21:14.699+0800	INFO	loggers/logger.go:188	begin text splitting task
2025-11-18T21:21:17.699+0800	INFO	loggers/logger.go:188	begin text splitting task
2025-11-18T21:21:20.699+0800	INFO	loggers/logger.go:188	begin text splitting task
2025-11-18T21:21:23.699+0800	INFO	loggers/logger.go:188	begin text splitting task
2025-11-18T21:21:26.699+0800	INFO	loggers/logger.go:188	begin text splitting task
2025-11-18T21:21:29.700+0800	INFO	loggers/logger.go:188	begin text splitting task
2025-11-18T21:21:32.699+0800	INFO	loggers/logger.go:188	begin text splitting task
2025-11-18T21:21:35.700+0800	INFO	loggers/logger.go:188	begin text splitting task
2025-11-18T21:21:38.700+0800	INFO	loggers/logger.go:188	begin text splitting task
2025-11-18T21:21:41.699+0800	INFO	loggers/logger.go:188	begin text splitting task
2025-11-18T21:21:44.699+0800	INFO	loggers/logger.go:188	begin text splitting task
2025-11-18T21:21:47.699+0800	INFO	loggers/logger.go:188	begin text splitting task
2025-11-18T21:21:50.699+0800	INFO	loggers/logger.go:188	begin text splitting task
2025-11-18T21:21:53.699+0800	INFO	loggers/logger.go:188	begin text splitting task
2025-11-18T21:21:56.700+0800	INFO	loggers/logger.go:188	begin text splitting task
2025-11-18T21:21:59.699+0800	INFO	loggers/logger.go:188	begin text splitting task
2025-11-18T21:22:02.699+0800	INFO	loggers/logger.go:188	begin text splitting task
2025-11-18T21:22:05.700+0800	INFO	loggers/logger.go:188	begin text splitting task
2025-11-18T21:22:08.700+0800	INFO	loggers/logger.go:188	begin text splitting task
2025-11-18T21:22:11.699+0800	INFO	loggers/logger.go:188	begin text splitting task
2025-11-18T21:22:14.699+0800	INFO	loggers/logger.go:188	begin text splitting task
2025-11-18T21:22:17.700+0800	INFO	loggers/logger.go:188	begin text splitting task
2025-11-18T21:22:20.700+0800	INFO	loggers/logger.go:188	begin text splitting task
2025-11-18T21:22:20.708+0800	INFO	loggers/logger.go:188	create document segments success	{"docName": "rag_rag", "segment count": 0}
2025-11-18T21:22:20.710+0800	INFO	loggers/logger.go:188	start document indexing	{"docId": "0169be15-72a7-43e0-9aa2-297d76678af5", "docName": "rag_rag"}
2025-11-18T21:22:23.692+0800	INFO	loggers/logger.go:188	begin text splitting task
2025-11-18T21:22:26.685+0800	INFO	loggers/logger.go:188	begin text splitting task
2025-11-18T21:22:29.679+0800	INFO	loggers/logger.go:188	begin text splitting task
2025-11-18T21:22:32.674+0800	INFO	loggers/logger.go:188	begin text splitting task
2025-11-18T21:22:35.670+0800	INFO	loggers/logger.go:188	begin text splitting task
2025-11-18T21:22:36.235+0800	INFO	loggers/logger.go:188	shutting down gracefully ......
2025-11-18T21:22:36.235+0800	INFO	loggers/logger.go:188	embedding store task 2 start
2025-11-18T21:26:34.359+0800	INFO	loggers/logger.go:188	开始初始化 Weaviate 客户端
2025-11-18T21:26:34.368+0800	INFO	loggers/logger.go:188	Weaviate 客户端创建成功，开始检查服务状态
2025-11-18T21:26:34.369+0800	INFO	loggers/logger.go:188	Weaviate 客户端初始化完成
2025-11-18T21:26:37.370+0800	INFO	loggers/logger.go:188	begin text splitting task
2025-11-18T21:26:40.370+0800	INFO	loggers/logger.go:188	begin text splitting task
2025-11-18T21:26:43.370+0800	INFO	loggers/logger.go:188	begin text splitting task
2025-11-18T21:26:46.370+0800	INFO	loggers/logger.go:188	begin text splitting task
2025-11-18T21:26:49.370+0800	INFO	loggers/logger.go:188	begin text splitting task
2025-11-18T21:26:52.369+0800	INFO	loggers/logger.go:188	begin text splitting task
2025-11-18T21:26:55.370+0800	INFO	loggers/logger.go:188	begin text splitting task
2025-11-18T21:26:58.370+0800	INFO	loggers/logger.go:188	begin text splitting task
2025-11-18T21:27:01.370+0800	INFO	loggers/logger.go:188	begin text splitting task
2025-11-18T21:27:04.370+0800	INFO	loggers/logger.go:188	begin text splitting task
2025-11-18T21:27:07.369+0800	INFO	loggers/logger.go:188	begin text splitting task
2025-11-18T21:27:10.370+0800	INFO	loggers/logger.go:188	begin text splitting task
2025-11-18T21:27:13.370+0800	INFO	loggers/logger.go:188	begin text splitting task
2025-11-18T21:27:16.370+0800	INFO	loggers/logger.go:188	begin text splitting task
2025-11-18T21:27:19.370+0800	INFO	loggers/logger.go:188	begin text splitting task
2025-11-18T21:27:22.370+0800	INFO	loggers/logger.go:188	begin text splitting task
2025-11-18T21:27:25.370+0800	INFO	loggers/logger.go:188	begin text splitting task
2025-11-18T21:27:28.369+0800	INFO	loggers/logger.go:188	begin text splitting task
2025-11-18T21:27:31.370+0800	INFO	loggers/logger.go:188	begin text splitting task
2025-11-18T21:27:34.369+0800	INFO	loggers/logger.go:188	begin text splitting task
2025-11-18T21:27:37.370+0800	INFO	loggers/logger.go:188	begin text splitting task
2025-11-18T21:27:40.370+0800	INFO	loggers/logger.go:188	begin text splitting task
2025-11-18T21:27:43.369+0800	INFO	loggers/logger.go:188	begin text splitting task
2025-11-18T21:27:46.370+0800	INFO	loggers/logger.go:188	begin text splitting task
2025-11-18T21:27:49.370+0800	INFO	loggers/logger.go:188	begin text splitting task
2025-11-18T21:27:52.370+0800	INFO	loggers/logger.go:188	begin text splitting task
2025-11-18T21:27:55.370+0800	INFO	loggers/logger.go:188	begin text splitting task
2025-11-18T21:27:58.370+0800	INFO	loggers/logger.go:188	begin text splitting task
2025-11-18T21:28:01.369+0800	INFO	loggers/logger.go:188	begin text splitting task
2025-11-18T21:28:04.370+0800	INFO	loggers/logger.go:188	begin text splitting task
2025-11-18T21:28:07.369+0800	INFO	loggers/logger.go:188	begin text splitting task
2025-11-18T21:28:10.370+0800	INFO	loggers/logger.go:188	begin text splitting task
2025-11-18T21:28:13.370+0800	INFO	loggers/logger.go:188	begin text splitting task
2025-11-18T21:28:16.370+0800	INFO	loggers/logger.go:188	begin text splitting task
2025-11-18T21:28:19.370+0800	INFO	loggers/logger.go:188	begin text splitting task
2025-11-18T21:28:22.370+0800	INFO	loggers/logger.go:188	begin text splitting task
2025-11-18T21:28:25.370+0800	INFO	loggers/logger.go:188	begin text splitting task
2025-11-18T21:28:28.370+0800	INFO	loggers/logger.go:188	begin text splitting task
2025-11-18T21:28:31.370+0800	INFO	loggers/logger.go:188	begin text splitting task
2025-11-18T21:28:34.370+0800	INFO	loggers/logger.go:188	begin text splitting task
2025-11-18T21:28:37.370+0800	INFO	loggers/logger.go:188	begin text splitting task
2025-11-18T21:28:40.370+0800	INFO	loggers/logger.go:188	begin text splitting task
2025-11-18T21:28:43.370+0800	INFO	loggers/logger.go:188	begin text splitting task
2025-11-18T21:28:46.370+0800	INFO	loggers/logger.go:188	begin text splitting task
2025-11-18T21:28:49.370+0800	INFO	loggers/logger.go:188	begin text splitting task
2025-11-18T21:28:52.370+0800	INFO	loggers/logger.go:188	begin text splitting task
2025-11-18T21:28:55.370+0800	INFO	loggers/logger.go:188	begin text splitting task
2025-11-18T21:28:58.370+0800	INFO	loggers/logger.go:188	begin text splitting task
2025-11-18T21:29:01.370+0800	INFO	loggers/logger.go:188	begin text splitting task
2025-11-18T21:29:04.369+0800	INFO	loggers/logger.go:188	begin text splitting task
2025-11-18T21:29:07.370+0800	INFO	loggers/logger.go:188	begin text splitting task
2025-11-18T21:29:10.370+0800	INFO	loggers/logger.go:188	begin text splitting task
2025-11-18T21:29:13.370+0800	INFO	loggers/logger.go:188	begin text splitting task
2025-11-18T21:29:16.370+0800	INFO	loggers/logger.go:188	begin text splitting task
2025-11-18T21:29:19.370+0800	INFO	loggers/logger.go:188	begin text splitting task
2025-11-18T21:29:22.370+0800	INFO	loggers/logger.go:188	begin text splitting task
2025-11-18T21:29:25.370+0800	INFO	loggers/logger.go:188	begin text splitting task
2025-11-18T21:29:28.370+0800	INFO	loggers/logger.go:188	begin text splitting task
2025-11-18T21:29:31.370+0800	INFO	loggers/logger.go:188	begin text splitting task
2025-11-18T21:29:34.370+0800	INFO	loggers/logger.go:188	begin text splitting task
2025-11-18T21:29:37.370+0800	INFO	loggers/logger.go:188	begin text splitting task
2025-11-18T21:29:40.370+0800	INFO	loggers/logger.go:188	begin text splitting task
2025-11-18T21:29:43.370+0800	INFO	loggers/logger.go:188	begin text splitting task
2025-11-18T21:29:46.370+0800	INFO	loggers/logger.go:188	begin text splitting task
2025-11-18T21:29:49.371+0800	INFO	loggers/logger.go:188	begin text splitting task
2025-11-18T21:29:52.371+0800	INFO	loggers/logger.go:188	begin text splitting task
2025-11-18T21:29:55.371+0800	INFO	loggers/logger.go:188	begin text splitting task
2025-11-18T21:29:58.371+0800	INFO	loggers/logger.go:188	begin text splitting task
2025-11-18T21:30:01.371+0800	INFO	loggers/logger.go:188	begin text splitting task
2025-11-18T21:30:04.370+0800	INFO	loggers/logger.go:188	begin text splitting task
2025-11-18T21:30:07.370+0800	INFO	loggers/logger.go:188	begin text splitting task
2025-11-18T21:30:10.370+0800	INFO	loggers/logger.go:188	begin text splitting task
2025-11-18T21:30:13.370+0800	INFO	loggers/logger.go:188	begin text splitting task
2025-11-18T21:30:16.370+0800	INFO	loggers/logger.go:188	begin text splitting task
2025-11-18T21:30:19.371+0800	INFO	loggers/logger.go:188	begin text splitting task
2025-11-18T21:30:22.370+0800	INFO	loggers/logger.go:188	begin text splitting task
2025-11-18T21:30:25.370+0800	INFO	loggers/logger.go:188	begin text splitting task
2025-11-18T21:30:28.370+0800	INFO	loggers/logger.go:188	begin text splitting task
2025-11-18T21:30:30.181+0800	INFO	loggers/logger.go:188	embedding task 2 start
2025-11-18T21:30:30.181+0800	INFO	loggers/logger.go:188	embedding store task 4 start
2025-11-18T21:30:30.181+0800	INFO	loggers/logger.go:188	embedding task 4 start
2025-11-18T21:30:30.181+0800	INFO	loggers/logger.go:188	embedding task 1 start
2025-11-18T21:30:30.181+0800	INFO	loggers/logger.go:188	shutting down gracefully ......
2025-11-18T21:30:30.181+0800	INFO	loggers/logger.go:188	embedding store task 3 start
2025-11-18T21:30:34.613+0800	INFO	loggers/logger.go:188	开始初始化 Weaviate 客户端
2025-11-18T21:30:34.618+0800	INFO	loggers/logger.go:188	Weaviate 客户端创建成功，开始检查服务状态
2025-11-18T21:30:34.618+0800	INFO	loggers/logger.go:188	Weaviate 客户端初始化完成
2025-11-18T21:30:57.328+0800	INFO	loggers/logger.go:188	begin text splitting task
2025-11-18T21:31:02.148+0800	INFO	loggers/logger.go:188	begin text splitting task
2025-11-18T21:31:03.328+0800	INFO	loggers/logger.go:188	begin text splitting task
2025-11-18T21:31:06.328+0800	INFO	loggers/logger.go:188	begin text splitting task
2025-11-18T21:31:09.327+0800	INFO	loggers/logger.go:188	begin text splitting task
2025-11-18T21:31:12.328+0800	INFO	loggers/logger.go:188	begin text splitting task
2025-11-18T21:31:15.328+0800	INFO	loggers/logger.go:188	begin text splitting task
2025-11-18T21:31:18.328+0800	INFO	loggers/logger.go:188	begin text splitting task
2025-11-18T21:31:21.328+0800	INFO	loggers/logger.go:188	begin text splitting task
2025-11-18T21:31:24.328+0800	INFO	loggers/logger.go:188	begin text splitting task
2025-11-18T21:31:27.328+0800	INFO	loggers/logger.go:188	begin text splitting task
2025-11-18T21:31:30.328+0800	INFO	loggers/logger.go:188	begin text splitting task
2025-11-18T21:31:33.328+0800	INFO	loggers/logger.go:188	begin text splitting task
2025-11-18T21:31:36.328+0800	INFO	loggers/logger.go:188	begin text splitting task
2025-11-18T21:31:39.328+0800	INFO	loggers/logger.go:188	begin text splitting task
2025-11-18T21:31:42.328+0800	INFO	loggers/logger.go:188	begin text splitting task
2025-11-18T21:31:45.328+0800	INFO	loggers/logger.go:188	begin text splitting task
2025-11-18T21:31:48.328+0800	INFO	loggers/logger.go:188	begin text splitting task
2025-11-18T21:31:51.328+0800	INFO	loggers/logger.go:188	begin text splitting task
2025-11-18T21:31:54.328+0800	INFO	loggers/logger.go:188	begin text splitting task
2025-11-18T21:31:57.328+0800	INFO	loggers/logger.go:188	begin text splitting task
2025-11-18T21:32:00.328+0800	INFO	loggers/logger.go:188	begin text splitting task
2025-11-18T21:32:03.328+0800	INFO	loggers/logger.go:188	begin text splitting task
2025-11-18T21:32:06.328+0800	INFO	loggers/logger.go:188	begin text splitting task
2025-11-18T21:32:09.328+0800	INFO	loggers/logger.go:188	begin text splitting task
2025-11-18T21:32:12.328+0800	INFO	loggers/logger.go:188	begin text splitting task
2025-11-18T21:32:15.328+0800	INFO	loggers/logger.go:188	begin text splitting task
2025-11-18T21:32:18.328+0800	INFO	loggers/logger.go:188	begin text splitting task
2025-11-18T21:32:21.328+0800	INFO	loggers/logger.go:188	begin text splitting task
2025-11-18T21:32:24.328+0800	INFO	loggers/logger.go:188	begin text splitting task
2025-11-18T21:32:27.329+0800	INFO	loggers/logger.go:188	begin text splitting task
2025-11-18T21:32:30.328+0800	INFO	loggers/logger.go:188	begin text splitting task
2025-11-18T21:32:33.328+0800	INFO	loggers/logger.go:188	begin text splitting task
2025-11-18T21:32:36.328+0800	INFO	loggers/logger.go:188	begin text splitting task
2025-11-18T21:32:39.328+0800	INFO	loggers/logger.go:188	begin text splitting task
2025-11-18T21:32:42.328+0800	INFO	loggers/logger.go:188	begin text splitting task
2025-11-18T21:32:44.915+0800	INFO	loggers/logger.go:188	embedding task 3 start
2025-11-18T21:32:44.915+0800	INFO	loggers/logger.go:188	embedding store task 2 start
2025-11-18T21:32:44.915+0800	INFO	loggers/logger.go:188	embedding store task 4 start
2025-11-18T21:32:44.915+0800	INFO	loggers/logger.go:188	embedding task 4 start
2025-11-18T21:32:44.915+0800	INFO	loggers/logger.go:188	shutting down gracefully ......
2025-11-18T21:32:44.915+0800	INFO	loggers/logger.go:188	embedding store task 3 start
2025-11-18T21:34:52.440+0800	INFO	loggers/logger.go:188	开始初始化 Weaviate 客户端
2025-11-18T21:34:52.446+0800	INFO	loggers/logger.go:188	Weaviate 客户端创建成功，开始检查服务状态
2025-11-18T21:34:52.446+0800	INFO	loggers/logger.go:188	Weaviate 客户端初始化完成
2025-11-18T21:34:52.506+0800	INFO	loggers/logger.go:188	embedding store task 3 start
2025-11-18T21:34:53.105+0800	INFO	loggers/logger.go:188	embedding store task 4 start
2025-11-18T21:34:53.148+0800	INFO	loggers/logger.go:188	embedding store task 1 start
2025-11-18T21:34:53.318+0800	INFO	loggers/logger.go:188	embedding store task 2 start
2025-11-18T21:34:53.914+0800	INFO	loggers/logger.go:188	embedding task 2 start
2025-11-18T21:34:54.510+0800	INFO	loggers/logger.go:188	embedding task 3 start
2025-11-18T21:34:54.871+0800	INFO	loggers/logger.go:188	embedding task 1 start
2025-11-18T21:34:55.431+0800	INFO	loggers/logger.go:188	embedding task 4 start
2025-11-18T21:34:55.447+0800	INFO	loggers/logger.go:188	begin text splitting task
2025-11-18T21:34:58.447+0800	INFO	loggers/logger.go:188	begin text splitting task
2025-11-18T21:35:01.447+0800	INFO	loggers/logger.go:188	begin text splitting task
2025-11-18T21:35:04.447+0800	INFO	loggers/logger.go:188	begin text splitting task
2025-11-18T21:35:07.447+0800	INFO	loggers/logger.go:188	begin text splitting task
2025-11-18T21:35:10.448+0800	INFO	loggers/logger.go:188	begin text splitting task
2025-11-18T21:35:13.447+0800	INFO	loggers/logger.go:188	begin text splitting task
2025-11-18T21:35:16.448+0800	INFO	loggers/logger.go:188	begin text splitting task
2025-11-18T21:35:19.448+0800	INFO	loggers/logger.go:188	begin text splitting task
2025-11-18T21:35:22.447+0800	INFO	loggers/logger.go:188	begin text splitting task
2025-11-18T21:35:25.448+0800	INFO	loggers/logger.go:188	begin text splitting task
2025-11-18T21:35:28.448+0800	INFO	loggers/logger.go:188	begin text splitting task
2025-11-18T21:35:31.447+0800	INFO	loggers/logger.go:188	begin text splitting task
2025-11-18T21:35:34.448+0800	INFO	loggers/logger.go:188	begin text splitting task
2025-11-18T21:35:37.447+0800	INFO	loggers/logger.go:188	begin text splitting task
2025-11-18T21:35:40.447+0800	INFO	loggers/logger.go:188	begin text splitting task
2025-11-18T21:35:43.447+0800	INFO	loggers/logger.go:188	begin text splitting task
2025-11-18T21:35:46.448+0800	INFO	loggers/logger.go:188	begin text splitting task
2025-11-18T21:35:49.447+0800	INFO	loggers/logger.go:188	begin text splitting task
2025-11-18T21:35:52.447+0800	INFO	loggers/logger.go:188	begin text splitting task
2025-11-18T21:35:55.448+0800	INFO	loggers/logger.go:188	begin text splitting task
2025-11-18T21:35:58.447+0800	INFO	loggers/logger.go:188	begin text splitting task
2025-11-18T21:36:01.448+0800	INFO	loggers/logger.go:188	begin text splitting task
2025-11-18T21:36:04.448+0800	INFO	loggers/logger.go:188	begin text splitting task
2025-11-18T21:36:07.447+0800	INFO	loggers/logger.go:188	begin text splitting task
2025-11-18T21:36:10.448+0800	INFO	loggers/logger.go:188	begin text splitting task
2025-11-18T21:36:13.448+0800	INFO	loggers/logger.go:188	begin text splitting task
2025-11-18T21:36:16.447+0800	INFO	loggers/logger.go:188	begin text splitting task
2025-11-18T21:36:19.447+0800	INFO	loggers/logger.go:188	begin text splitting task
2025-11-18T21:36:22.447+0800	INFO	loggers/logger.go:188	begin text splitting task
2025-11-18T21:36:24.334+0800	INFO	loggers/logger.go:188	shutting down gracefully ......
2025-11-18T21:36:28.706+0800	INFO	loggers/logger.go:188	开始初始化 Weaviate 客户端
2025-11-18T21:36:28.711+0800	INFO	loggers/logger.go:188	Weaviate 客户端创建成功，开始检查服务状态
2025-11-18T21:36:28.712+0800	INFO	loggers/logger.go:188	Weaviate 客户端初始化完成
2025-11-18T21:36:28.712+0800	INFO	loggers/logger.go:188	embedding task 4 start
2025-11-18T21:36:28.712+0800	INFO	loggers/logger.go:188	embedding task 2 start
2025-11-18T21:36:28.712+0800	INFO	loggers/logger.go:188	embedding store task 4 start
2025-11-18T21:36:28.712+0800	INFO	loggers/logger.go:188	embedding task 3 start
2025-11-18T21:36:28.712+0800	INFO	loggers/logger.go:188	embedding store task 1 start
2025-11-18T21:36:28.712+0800	INFO	loggers/logger.go:188	embedding task 1 start
2025-11-18T21:36:28.712+0800	INFO	loggers/logger.go:188	embedding store task 3 start
2025-11-18T21:36:28.712+0800	INFO	loggers/logger.go:188	embedding store task 2 start
2025-11-18T21:36:31.713+0800	INFO	loggers/logger.go:188	begin text splitting task
2025-11-18T21:36:34.713+0800	INFO	loggers/logger.go:188	begin text splitting task
2025-11-18T21:36:37.712+0800	INFO	loggers/logger.go:188	begin text splitting task
2025-11-18T21:36:40.712+0800	INFO	loggers/logger.go:188	begin text splitting task
2025-11-18T21:36:43.713+0800	INFO	loggers/logger.go:188	begin text splitting task
2025-11-18T21:36:46.713+0800	INFO	loggers/logger.go:188	begin text splitting task
2025-11-18T21:36:49.713+0800	INFO	loggers/logger.go:188	begin text splitting task
2025-11-18T21:36:52.713+0800	INFO	loggers/logger.go:188	begin text splitting task
2025-11-18T21:36:55.713+0800	INFO	loggers/logger.go:188	begin text splitting task
2025-11-18T21:36:58.713+0800	INFO	loggers/logger.go:188	begin text splitting task
2025-11-18T21:37:01.713+0800	INFO	loggers/logger.go:188	begin text splitting task
2025-11-18T21:37:04.713+0800	INFO	loggers/logger.go:188	begin text splitting task
2025-11-18T21:37:04.943+0800	INFO	loggers/logger.go:188	create document segments success	{"docName": "rag_rag", "segment count": 1}
2025-11-18T21:37:04.945+0800	INFO	loggers/logger.go:188	start document indexing	{"docId": "e1a85572-7670-46c4-95e5-2a292f0bed57", "docName": "rag_rag"}
2025-11-18T21:37:04.945+0800	INFO	loggers/logger.go:188	document embedding task start	{"docId": "e1a85572-7670-46c4-95e5-2a292f0bed57"}
2025-11-18T21:37:04.946+0800	INFO	loggers/logger.go:188	segments embedding task start	{"segmentIds": ["2a719e19-c003-4ddd-ab38-16afdb6b9289"]}
2025-11-18T21:37:04.946+0800	ERROR	loggers/logger.go:196	embedding for text failed	{"error": "embedding create failed: embedding generation returned no vectors"}
github.com/YOUR-USER-OR-ORG-NAME/YOUR-REPO-NAME/pkg/loggers.Error
	/Users/panwei/Downloads/go/rag/pkg/loggers/logger.go:196
github.com/YOUR-USER-OR-ORG-NAME/YOUR-REPO-NAME/internal/schedulers.(*EmbeddingScheduler).embeddingText.func1
	/Users/panwei/Downloads/go/rag/internal/schedulers/embedding.go:92
2025-11-18T21:37:04.946+0800	INFO	loggers/logger.go:188	segments embedding task end	{"completed segment ids": [], "failed segment ids": ["2a719e19-c003-4ddd-ab38-16afdb6b9289"]}
2025-11-18T21:37:04.948+0800	INFO	loggers/logger.go:188	segments embedding finished	{"docId": "e1a85572-7670-46c4-95e5-2a292f0bed57", "segmentIds": []}
2025-11-18T21:37:07.713+0800	INFO	loggers/logger.go:188	begin text splitting task
2025-11-18T21:37:10.713+0800	INFO	loggers/logger.go:188	begin text splitting task
2025-11-18T21:37:13.713+0800	INFO	loggers/logger.go:188	begin text splitting task
2025-11-18T21:37:16.713+0800	INFO	loggers/logger.go:188	begin text splitting task
2025-11-18T21:37:19.713+0800	INFO	loggers/logger.go:188	begin text splitting task
2025-11-18T21:37:22.713+0800	INFO	loggers/logger.go:188	begin text splitting task
2025-11-18T21:37:25.713+0800	INFO	loggers/logger.go:188	begin text splitting task
2025-11-18T21:37:28.713+0800	INFO	loggers/logger.go:188	begin text splitting task
2025-11-18T21:37:31.713+0800	INFO	loggers/logger.go:188	begin text splitting task
2025-11-18T21:37:34.713+0800	INFO	loggers/logger.go:188	begin text splitting task
2025-11-18T21:37:37.713+0800	INFO	loggers/logger.go:188	begin text splitting task
2025-11-18T21:37:40.712+0800	INFO	loggers/logger.go:188	begin text splitting task
2025-11-18T21:37:43.713+0800	INFO	loggers/logger.go:188	begin text splitting task
2025-11-18T21:37:46.713+0800	INFO	loggers/logger.go:188	begin text splitting task
2025-11-18T21:37:49.713+0800	INFO	loggers/logger.go:188	begin text splitting task
2025-11-18T21:37:52.713+0800	INFO	loggers/logger.go:188	begin text splitting task
2025-11-18T21:37:55.713+0800	INFO	loggers/logger.go:188	begin text splitting task
2025-11-18T21:37:58.713+0800	INFO	loggers/logger.go:188	begin text splitting task
2025-11-18T21:38:01.713+0800	INFO	loggers/logger.go:188	begin text splitting task
2025-11-18T21:38:04.712+0800	INFO	loggers/logger.go:188	begin text splitting task
2025-11-18T21:38:07.713+0800	INFO	loggers/logger.go:188	begin text splitting task
2025-11-18T21:38:10.713+0800	INFO	loggers/logger.go:188	begin text splitting task
2025-11-18T21:38:13.712+0800	INFO	loggers/logger.go:188	begin text splitting task
2025-11-18T21:38:16.713+0800	INFO	loggers/logger.go:188	begin text splitting task
2025-11-18T21:38:18.772+0800	INFO	loggers/logger.go:188	shutting down gracefully ......
2025-11-19T00:04:29.190+0800	INFO	loggers/logger.go:188	开始初始化 Weaviate 客户端
2025-11-19T00:04:29.198+0800	INFO	loggers/logger.go:188	Weaviate 客户端创建成功，开始检查服务状态
2025-11-19T00:04:29.199+0800	INFO	loggers/logger.go:188	Weaviate 客户端初始化完成
2025-11-19T00:04:29.199+0800	INFO	loggers/logger.go:188	embedding store task 4 start
2025-11-19T00:04:29.199+0800	INFO	loggers/logger.go:188	embedding store task 2 start
2025-11-19T00:04:29.199+0800	INFO	loggers/logger.go:188	embedding task 1 start
2025-11-19T00:04:29.200+0800	INFO	loggers/logger.go:188	embedding store task 3 start
2025-11-19T00:04:29.200+0800	INFO	loggers/logger.go:188	embedding task 2 start
2025-11-19T00:04:29.199+0800	INFO	loggers/logger.go:188	embedding task 4 start
2025-11-19T00:04:29.200+0800	INFO	loggers/logger.go:188	embedding task 3 start
2025-11-19T00:04:29.200+0800	INFO	loggers/logger.go:188	embedding store task 1 start
2025-11-19T00:04:32.200+0800	INFO	loggers/logger.go:188	begin text splitting task
2025-11-19T00:04:35.200+0800	INFO	loggers/logger.go:188	begin text splitting task
2025-11-19T00:04:38.200+0800	INFO	loggers/logger.go:188	begin text splitting task
2025-11-19T00:04:41.200+0800	INFO	loggers/logger.go:188	begin text splitting task
2025-11-19T00:04:44.199+0800	INFO	loggers/logger.go:188	begin text splitting task
2025-11-19T00:04:47.200+0800	INFO	loggers/logger.go:188	begin text splitting task
2025-11-19T00:04:50.199+0800	INFO	loggers/logger.go:188	begin text splitting task
2025-11-19T00:04:53.199+0800	INFO	loggers/logger.go:188	begin text splitting task
2025-11-19T00:04:56.200+0800	INFO	loggers/logger.go:188	begin text splitting task
2025-11-19T00:04:59.199+0800	INFO	loggers/logger.go:188	begin text splitting task
2025-11-19T00:05:02.199+0800	INFO	loggers/logger.go:188	begin text splitting task
2025-11-19T00:05:05.199+0800	INFO	loggers/logger.go:188	begin text splitting task
2025-11-19T00:05:08.199+0800	INFO	loggers/logger.go:188	begin text splitting task
2025-11-19T00:05:11.199+0800	INFO	loggers/logger.go:188	begin text splitting task
2025-11-19T00:05:14.199+0800	INFO	loggers/logger.go:188	begin text splitting task
2025-11-19T00:05:14.403+0800	INFO	loggers/logger.go:188	create document segments success	{"docName": "rag_rag", "segment count": 1}
2025-11-19T00:05:14.405+0800	INFO	loggers/logger.go:188	start document indexing	{"docId": "250f9d06-cd1f-4ffa-864c-fbaa314b19de", "docName": "rag_rag"}
2025-11-19T00:05:14.406+0800	INFO	loggers/logger.go:188	document embedding task start	{"docId": "250f9d06-cd1f-4ffa-864c-fbaa314b19de"}
2025-11-19T00:05:14.407+0800	INFO	loggers/logger.go:188	segments embedding task start	{"segmentIds": ["a30f2a7b-5d77-436d-9306-ea79d15e2742"]}
2025-11-19T00:05:14.407+0800	INFO	loggers/logger.go:188	segments embedding task end	{"completed segment ids": ["a30f2a7b-5d77-436d-9306-ea79d15e2742"], "failed segment ids": []}
2025-11-19T00:05:14.409+0800	INFO	loggers/logger.go:188	segments embedding finished	{"docId": "250f9d06-cd1f-4ffa-864c-fbaa314b19de", "segmentIds": ["a30f2a7b-5d77-436d-9306-ea79d15e2742"]}
2025-11-19T00:05:14.415+0800	ERROR	loggers/logger.go:196	insert embedding records failed	{"name": "embeddings_store_dataset_81f71a76-43a7-41f3-9b9d-3ca42d016473", "error": "批量插入时发生错误: [0x14000393510]"}
github.com/YOUR-USER-OR-ORG-NAME/YOUR-REPO-NAME/pkg/loggers.Error
	/Users/panwei/Downloads/go/rag/pkg/loggers/logger.go:196
github.com/YOUR-USER-OR-ORG-NAME/YOUR-REPO-NAME/internal/schedulers.(*EmbeddingStoreScheduler).embeddingStore
	/Users/panwei/Downloads/go/rag/internal/schedulers/embedding_store.go:67
github.com/YOUR-USER-OR-ORG-NAME/YOUR-REPO-NAME/internal/schedulers.(*EmbeddingStoreScheduler).startEmbeddingStoreTask
	/Users/panwei/Downloads/go/rag/internal/schedulers/embedding_store.go:29
github.com/YOUR-USER-OR-ORG-NAME/YOUR-REPO-NAME/internal/schedulers.(*Scheduler).Start.func2
	/Users/panwei/Downloads/go/rag/internal/schedulers/scheduler.go:67
2025-11-19T00:05:14.417+0800	INFO	loggers/logger.go:188	embedding store end	{"datasetId": "81f71a76-43a7-41f3-9b9d-3ca42d016473", "docId": "250f9d06-cd1f-4ffa-864c-fbaa314b19de", "segmentIds": ["a30f2a7b-5d77-436d-9306-ea79d15e2742"]}
2025-11-19T00:05:17.199+0800	INFO	loggers/logger.go:188	begin text splitting task
2025-11-19T00:05:20.199+0800	INFO	loggers/logger.go:188	begin text splitting task
2025-11-19T00:05:23.198+0800	INFO	loggers/logger.go:188	begin text splitting task
2025-11-19T00:05:26.199+0800	INFO	loggers/logger.go:188	begin text splitting task
2025-11-19T00:05:29.198+0800	INFO	loggers/logger.go:188	begin text splitting task
2025-11-19T00:05:32.199+0800	INFO	loggers/logger.go:188	begin text splitting task
2025-11-19T00:05:35.198+0800	INFO	loggers/logger.go:188	begin text splitting task
2025-11-19T00:05:38.199+0800	INFO	loggers/logger.go:188	begin text splitting task
2025-11-19T00:05:41.199+0800	INFO	loggers/logger.go:188	begin text splitting task
2025-11-19T00:05:44.198+0800	INFO	loggers/logger.go:188	begin text splitting task
2025-11-19T00:05:47.197+0800	INFO	loggers/logger.go:188	begin text splitting task
2025-11-19T00:05:50.198+0800	INFO	loggers/logger.go:188	begin text splitting task
2025-11-19T00:05:53.198+0800	INFO	loggers/logger.go:188	begin text splitting task
2025-11-19T00:05:56.198+0800	INFO	loggers/logger.go:188	begin text splitting task
2025-11-19T00:05:59.198+0800	INFO	loggers/logger.go:188	begin text splitting task
2025-11-19T00:06:02.198+0800	INFO	loggers/logger.go:188	begin text splitting task
2025-11-19T00:06:05.197+0800	INFO	loggers/logger.go:188	begin text splitting task
2025-11-19T00:06:08.197+0800	INFO	loggers/logger.go:188	begin text splitting task
2025-11-19T00:06:11.198+0800	INFO	loggers/logger.go:188	begin text splitting task
2025-11-19T00:06:14.198+0800	INFO	loggers/logger.go:188	begin text splitting task
2025-11-19T00:06:17.197+0800	INFO	loggers/logger.go:188	begin text splitting task
2025-11-19T00:06:20.198+0800	INFO	loggers/logger.go:188	begin text splitting task
2025-11-19T00:06:23.197+0800	INFO	loggers/logger.go:188	begin text splitting task
2025-11-19T00:06:26.197+0800	INFO	loggers/logger.go:188	begin text splitting task
2025-11-19T00:06:29.197+0800	INFO	loggers/logger.go:188	begin text splitting task
2025-11-19T00:06:32.197+0800	INFO	loggers/logger.go:188	begin text splitting task
2025-11-19T00:06:35.197+0800	INFO	loggers/logger.go:188	begin text splitting task
2025-11-19T00:06:38.197+0800	INFO	loggers/logger.go:188	begin text splitting task
2025-11-19T00:06:41.197+0800	INFO	loggers/logger.go:188	begin text splitting task
2025-11-19T00:06:44.197+0800	INFO	loggers/logger.go:188	begin text splitting task
2025-11-19T00:06:47.197+0800	INFO	loggers/logger.go:188	begin text splitting task
2025-11-19T00:06:50.197+0800	INFO	loggers/logger.go:188	begin text splitting task
2025-11-19T00:06:53.197+0800	INFO	loggers/logger.go:188	begin text splitting task
2025-11-19T00:06:56.196+0800	INFO	loggers/logger.go:188	begin text splitting task
2025-11-19T00:06:59.197+0800	INFO	loggers/logger.go:188	begin text splitting task
2025-11-19T00:07:02.196+0800	INFO	loggers/logger.go:188	begin text splitting task
2025-11-19T00:07:05.196+0800	INFO	loggers/logger.go:188	begin text splitting task
2025-11-19T00:07:08.196+0800	INFO	loggers/logger.go:188	begin text splitting task
2025-11-19T00:07:11.196+0800	INFO	loggers/logger.go:188	begin text splitting task
2025-11-19T00:07:14.196+0800	INFO	loggers/logger.go:188	begin text splitting task
2025-11-19T00:07:17.196+0800	INFO	loggers/logger.go:188	begin text splitting task
2025-11-19T00:07:20.196+0800	INFO	loggers/logger.go:188	begin text splitting task
2025-11-19T00:07:23.196+0800	INFO	loggers/logger.go:188	begin text splitting task
2025-11-19T00:07:26.196+0800	INFO	loggers/logger.go:188	begin text splitting task
2025-11-19T00:07:29.195+0800	INFO	loggers/logger.go:188	begin text splitting task
2025-11-19T00:07:32.195+0800	INFO	loggers/logger.go:188	begin text splitting task
2025-11-19T00:07:35.195+0800	INFO	loggers/logger.go:188	begin text splitting task
2025-11-19T00:07:38.195+0800	INFO	loggers/logger.go:188	begin text splitting task
2025-11-19T00:07:41.196+0800	INFO	loggers/logger.go:188	begin text splitting task
2025-11-19T00:07:44.195+0800	INFO	loggers/logger.go:188	begin text splitting task
2025-11-19T00:07:47.195+0800	INFO	loggers/logger.go:188	begin text splitting task
2025-11-19T00:07:50.195+0800	INFO	loggers/logger.go:188	begin text splitting task
2025-11-19T00:07:53.195+0800	INFO	loggers/logger.go:188	begin text splitting task
2025-11-19T00:07:56.194+0800	INFO	loggers/logger.go:188	begin text splitting task
2025-11-19T00:07:59.195+0800	INFO	loggers/logger.go:188	begin text splitting task
2025-11-19T00:08:02.194+0800	INFO	loggers/logger.go:188	begin text splitting task
2025-11-19T00:08:05.194+0800	INFO	loggers/logger.go:188	begin text splitting task
2025-11-19T00:08:08.195+0800	INFO	loggers/logger.go:188	begin text splitting task
2025-11-19T00:08:11.195+0800	INFO	loggers/logger.go:188	begin text splitting task
2025-11-19T00:08:14.194+0800	INFO	loggers/logger.go:188	begin text splitting task
2025-11-19T00:08:17.196+0800	INFO	loggers/logger.go:188	begin text splitting task
2025-11-19T00:08:20.195+0800	INFO	loggers/logger.go:188	begin text splitting task
2025-11-19T00:08:23.194+0800	INFO	loggers/logger.go:188	begin text splitting task
2025-11-19T00:08:26.194+0800	INFO	loggers/logger.go:188	begin text splitting task
2025-11-19T00:08:29.194+0800	INFO	loggers/logger.go:188	begin text splitting task
2025-11-19T00:08:29.198+0800	INFO	loggers/logger.go:188	create document segments success	{"docName": "rag_rag", "segment count": 1}
2025-11-19T00:08:29.199+0800	INFO	loggers/logger.go:188	start document indexing	{"docId": "88a39806-39a2-49bf-be35-e0c17ec09e8f", "docName": "rag_rag"}
2025-11-19T00:08:29.200+0800	INFO	loggers/logger.go:188	document embedding task start	{"docId": "88a39806-39a2-49bf-be35-e0c17ec09e8f"}
2025-11-19T00:08:29.201+0800	INFO	loggers/logger.go:188	segments embedding task start	{"segmentIds": ["14ef23ac-f358-4a80-83a3-94d14f986e29"]}
2025-11-19T00:08:29.201+0800	INFO	loggers/logger.go:188	segments embedding task end	{"completed segment ids": ["14ef23ac-f358-4a80-83a3-94d14f986e29"], "failed segment ids": []}
2025-11-19T00:08:29.203+0800	INFO	loggers/logger.go:188	segments embedding finished	{"docId": "88a39806-39a2-49bf-be35-e0c17ec09e8f", "segmentIds": ["14ef23ac-f358-4a80-83a3-94d14f986e29"]}
2025-11-19T00:08:53.208+0800	INFO	loggers/logger.go:188	begin text splitting task
2025-11-19T00:08:53.208+0800	ERROR	loggers/logger.go:196	insert embedding records failed	{"name": "embeddings_store_dataset_81f71a76-43a7-41f3-9b9d-3ca42d016473", "error": "批量插入时发生错误: [0x140005c1860]"}
github.com/YOUR-USER-OR-ORG-NAME/YOUR-REPO-NAME/pkg/loggers.Error
	/Users/panwei/Downloads/go/rag/pkg/loggers/logger.go:196
github.com/YOUR-USER-OR-ORG-NAME/YOUR-REPO-NAME/internal/schedulers.(*EmbeddingStoreScheduler).embeddingStore
	/Users/panwei/Downloads/go/rag/internal/schedulers/embedding_store.go:67
github.com/YOUR-USER-OR-ORG-NAME/YOUR-REPO-NAME/internal/schedulers.(*EmbeddingStoreScheduler).startEmbeddingStoreTask
	/Users/panwei/Downloads/go/rag/internal/schedulers/embedding_store.go:29
github.com/YOUR-USER-OR-ORG-NAME/YOUR-REPO-NAME/internal/schedulers.(*Scheduler).Start.func2
	/Users/panwei/Downloads/go/rag/internal/schedulers/scheduler.go:67
2025-11-19T00:08:53.213+0800	INFO	loggers/logger.go:188	embedding store end	{"datasetId": "81f71a76-43a7-41f3-9b9d-3ca42d016473", "docId": "88a39806-39a2-49bf-be35-e0c17ec09e8f", "segmentIds": ["14ef23ac-f358-4a80-83a3-94d14f986e29"]}
2025-11-19T00:08:56.276+0800	INFO	loggers/logger.go:188	begin text splitting task
2025-11-19T00:08:58.025+0800	INFO	loggers/logger.go:188	shutting down gracefully ......
2025-11-19T09:19:10.837+0800	INFO	loggers/logger.go:188	开始初始化 Weaviate 客户端
2025-11-19T09:19:10.845+0800	INFO	loggers/logger.go:188	Weaviate 客户端创建成功，开始检查服务状态
2025-11-19T09:19:10.845+0800	INFO	loggers/logger.go:188	Weaviate 客户端初始化完成
2025-11-19T09:19:10.846+0800	INFO	loggers/logger.go:188	embedding store task 4 start
2025-11-19T09:19:10.846+0800	INFO	loggers/logger.go:188	embedding store task 1 start
2025-11-19T09:19:10.846+0800	INFO	loggers/logger.go:188	embedding task 4 start
2025-11-19T09:19:10.846+0800	INFO	loggers/logger.go:188	embedding task 3 start
2025-11-19T09:19:10.846+0800	INFO	loggers/logger.go:188	embedding task 2 start
2025-11-19T09:19:10.846+0800	INFO	loggers/logger.go:188	embedding task 1 start
2025-11-19T09:19:10.846+0800	INFO	loggers/logger.go:188	embedding store task 2 start
2025-11-19T09:19:10.846+0800	INFO	loggers/logger.go:188	embedding store task 3 start
2025-11-19T09:19:13.846+0800	INFO	loggers/logger.go:188	begin text splitting task
2025-11-19T09:19:16.847+0800	INFO	loggers/logger.go:188	begin text splitting task
2025-11-19T09:19:19.846+0800	INFO	loggers/logger.go:188	begin text splitting task
2025-11-19T09:19:22.847+0800	INFO	loggers/logger.go:188	begin text splitting task
2025-11-19T09:19:25.847+0800	INFO	loggers/logger.go:188	begin text splitting task
2025-11-19T09:19:28.846+0800	INFO	loggers/logger.go:188	begin text splitting task
2025-11-19T09:19:31.846+0800	INFO	loggers/logger.go:188	begin text splitting task
2025-11-19T09:19:34.846+0800	INFO	loggers/logger.go:188	begin text splitting task
2025-11-19T09:19:37.847+0800	INFO	loggers/logger.go:188	begin text splitting task
2025-11-19T09:19:40.846+0800	INFO	loggers/logger.go:188	begin text splitting task
2025-11-19T09:19:43.846+0800	INFO	loggers/logger.go:188	begin text splitting task
2025-11-19T09:19:46.846+0800	INFO	loggers/logger.go:188	begin text splitting task
2025-11-19T09:19:49.846+0800	INFO	loggers/logger.go:188	begin text splitting task
2025-11-19T09:19:52.846+0800	INFO	loggers/logger.go:188	begin text splitting task
2025-11-19T09:19:55.846+0800	INFO	loggers/logger.go:188	begin text splitting task
2025-11-19T09:19:58.846+0800	INFO	loggers/logger.go:188	begin text splitting task
2025-11-19T09:20:01.846+0800	INFO	loggers/logger.go:188	begin text splitting task
2025-11-19T09:20:04.845+0800	INFO	loggers/logger.go:188	begin text splitting task
2025-11-19T09:20:07.846+0800	INFO	loggers/logger.go:188	begin text splitting task
2025-11-19T09:20:10.846+0800	INFO	loggers/logger.go:188	begin text splitting task
2025-11-19T09:20:13.846+0800	INFO	loggers/logger.go:188	begin text splitting task
2025-11-19T09:20:16.846+0800	INFO	loggers/logger.go:188	begin text splitting task
2025-11-19T09:20:19.846+0800	INFO	loggers/logger.go:188	begin text splitting task
2025-11-19T09:20:22.846+0800	INFO	loggers/logger.go:188	begin text splitting task
2025-11-19T09:20:25.846+0800	INFO	loggers/logger.go:188	begin text splitting task
2025-11-19T09:20:26.139+0800	INFO	loggers/logger.go:188	create document segments success	{"docName": "提测文档", "segment count": 1688}
2025-11-19T09:20:26.140+0800	INFO	loggers/logger.go:188	start document indexing	{"docId": "7851bdee-f336-4dd8-806e-ff835c1aafd3", "docName": "提测文档"}
2025-11-19T09:20:26.140+0800	INFO	loggers/logger.go:188	document embedding task start	{"docId": "7851bdee-f336-4dd8-806e-ff835c1aafd3"}
2025-11-19T09:20:26.160+0800	INFO	loggers/logger.go:188	segments embedding task start	{"segmentIds": ["91dbb142-3eeb-4f2d-8ec6-0e01abf425b6", "9e8451f0-5eac-40dd-adb5-0e945882b5e7", "311fff74-6605-496b-ae59-aaa8e9a9e75f", "4b634294-494e-48ef-9e2d-fe1c792ad774", "acd57c04-c68e-4d46-a131-8bf131072c87", "8f547fc2-d9ba-4c57-804f-ce7b5012253f", "7580d4f8-a0e2-453c-89fb-a7665de7aed2", "1dfc75dd-3160-40d3-a3ed-e114886c8534", "c6f158a4-901d-4929-a8f7-4dc1d45fd037", "1cd4c4b9-c0e7-4f40-a2e6-1e1fae7991d4", "8262c3a6-68bb-41d9-8c0e-cc135fb7702e", "e2b02f69-f0ea-463f-bbb3-f6d0f77745fb", "266f61fc-1dc4-4974-9af1-a009d8e16e5e", "c81a66f3-af36-43e9-847c-bca5621a00f8", "9a61cac8-4dfe-4fec-8705-d216c09ef630", "00e5ada4-881a-4340-be33-b71ac48adba6", "2a3a1eef-d70e-44d9-8e07-259189ddf449", "28055909-1a71-4cc7-b5e6-2e77b4315b02", "562c8f0f-4844-4137-80eb-90b42a01bc21", "104b0a6c-fd80-4117-b48f-29fa7ee064d6", "66cd162c-f87d-4611-99d2-64e652a9652a", "92b5a508-d088-43c4-bfef-645085bebff0", "d4609e94-208f-46aa-933f-4e5aebd7b137", "5d428ae5-260c-44c3-b3b5-db041622b5a4", "9449d095-d63b-4eab-9d0b-f3078453d46a", "8f43db15-d851-4cc2-9a4c-66e280968572", "75127453-7c39-40d2-89c2-26162bce748d", "fd0e99f4-a320-4431-b5fb-a29094e326ce", "d34e5d54-57ca-42d3-a6bc-0acc5e1d7e06", "3c2899be-6228-4c47-8e78-0f27f773af76", "5851b128-5b5e-45ea-a189-ba73189d6865", "daaadafd-ba30-4344-b46b-9f67a64a4282", "3638c187-85dc-4e4a-b8f5-2512bdd20df8", "5dc31ecc-8d8c-4b72-b5c2-6f568233868f", "67a76365-e89f-411d-9dad-536ef8dec240", "a1e9b8e4-62db-48a1-85c0-fc3df2973991", "c7383bfa-394a-4be8-a5c3-f5b6fb71f2e5", "99cbe020-a790-4ce6-a306-0c5e12a99647", "3ea72f58-afc3-4afb-874a-42f721372f8a", "c9999c89-9a8e-43ca-9cfa-18b50766b893", "b8efbe76-d556-466f-8efa-9feb7af4ce55", "f4b080bc-06dd-4198-babf-ca3649b04b10", "84d92d4c-acfd-4de0-9c58-912aa95eaf9c", "775c2021-4d8a-4446-b427-d03bf5253813", "c06ffef5-bd04-47c3-8683-a80e6e49f5e2", "6ad7a0f1-cf50-4969-b47f-8615bc339c73", "7029bc3d-ec6a-4bb0-ad90-348d65b6ddf3", "675f0240-5426-4801-be67-63c1f852cb10", "52a1250d-b8a0-4191-9229-2b15dbc19319", "d47bb56b-d795-4285-970d-df640f09888b", "c92f1a93-058a-46bb-9395-f343d48b5ad6", "18cc5871-a39a-474b-af4e-f6f01cdfc3b8", "a6b5cd49-11c7-4c95-ad12-0040505e377c", "a363c257-1b87-4ede-b40f-4e996d380ec8", "a4dc291e-793d-4aa7-b206-19ce900c569e", "58b853ad-a979-489c-a502-8ec8267ba47b", "8c6353c8-9824-4321-8f40-d3521415c5f9", "88c095d1-e4a9-498a-998d-7449e21bed84", "d6c1d3b6-d887-461d-abd6-368b8d45d1d9", "5bc1e9d4-ea45-4251-aabf-c99eab62618e", "95c79b0f-f6d0-4a71-bcab-776ba9efdc30", "1e51bf27-3f7f-4160-8500-0731ad9969e5", "04aefeb0-5cc0-4aef-a4e4-ac58d17e123b", "40d83b1f-091b-4cb2-a4a4-b1935ec9326f", "f848fb8f-0ab6-4a74-be67-f8c358243102", "87ec5519-805e-47fb-9a21-212908c8ff2a", "c225b12e-521f-4b2d-81d2-b5a0da095076", "dd597527-a065-491a-a849-4ccaae5bbc30", "4dd18719-8008-4b6c-b791-1918261569cc", "d7bed008-144c-4193-8fcf-4694861229cf", "9371d2b0-cb9c-47bc-9380-e2f6f063776f", "cd60f77c-1212-4577-a254-5d9caef92f1d", "796e5f1f-ea0b-456f-afec-b3ca568a34a7", "df7f8a90-746b-4d4e-97bf-da3ca46dd9f1", "4177b0d5-315f-4db3-b869-544f387f5ad4", "544243c0-7469-422c-a40c-148bf87fbe25", "8e0b4909-0f4f-4a41-ac7e-89e91802c0d3", "e5903695-5f16-4c8c-b564-152541bd8733", "fe1af3c1-75c3-47dc-9c6b-7daccae8a0c5", "d09d955f-9cc0-4a20-9f60-063392d8e931", "99043f3e-fce4-4125-a2d6-ea13d2dadbe1", "4b9c98e1-0fc5-4feb-a068-cf5f2548b443", "fe061aa0-d3c1-4a03-b87f-7b46281b4dbf", "3b0c5482-43ba-4f5c-a312-c3af56011833", "38ce7525-a40c-4b01-89f0-8a434d45bb88", "f2b31902-2952-4f92-89fa-51cec17c1382", "3f177899-63ba-463e-ab9e-9d5509d2950d", "78a8378d-c610-4242-bb8b-c062a50e236e", "f8f9a8a3-789e-4ec9-bf33-4716c19a0978", "a6ed5c68-a752-4070-bafc-94dd91019d9e", "9dcac443-9de6-40da-824d-3c503ebd0a2d", "3e4db167-1e30-47d8-af9f-682b834fbbab", "7bd71dbe-a699-47c6-98d8-3f66269be73a", "014a6867-ba4d-4088-b183-7e72dc5e6df6", "9d5efb66-7e50-4d88-a74c-8428191cc662", "93afb987-dbdf-4166-be31-3dbd02203da3", "7f7554a8-c8c0-4627-a23c-58fcf724664f", "7e66d692-0cc6-47e2-8673-66539cc7104e", "9fbe22a3-de9d-4935-9bdd-e363a6ec4c11", "9d110535-d30e-4904-b9db-a31b46e613d8", "02f49b74-2456-4399-8cee-7894a371a0e2", "a5205425-f3e6-42cc-aac3-5668a39d27f9", "46f56795-6808-4faf-9160-bc386d2e569a", "e3ba86f2-2ad2-4d22-9ae0-dac1afd1ac54", "61e1b918-639c-43a3-b9fa-f788a4fcf932", "fc39a50f-c45f-4f13-b371-27efb5f12f4f", "c001ac2c-02e5-4001-8ff9-3a02231abd93", "ed438015-a222-4adb-ab00-0130bbfda507", "f0d83f43-de7b-4e3f-95dd-d13346b7ab21", "211f6f1c-885d-40db-a66d-3f91387dbd8f", "a34db24c-1d3b-4426-91f8-a00d5d07fff4", "bfb7df29-8dd4-44ce-b7e2-1c5d2813e9bf", "3c285e2b-84d7-414b-8919-34b1eba351b7", "2b985b22-5902-436a-8b2c-ed424573b36a", "b0cdc85b-119b-4ac2-b92c-87761a890101", "14f34830-65da-4e16-a326-5f2f7344aa8d", "967554c2-f75b-4b6c-a00e-7001201a92cc", "7a03b0a4-5f59-475e-9972-84eebe4e1dde", "27bc8ed3-aca0-4b56-aa2e-6cae11b7f750", "6b71836b-d173-4704-997e-48cf26ddfbb5", "34232c7d-124a-45eb-a240-5c5687f99e02", "415a8280-a528-487f-9011-6a30d12e16dd", "f7b4b6ac-4dd3-4b10-92d2-f31adfc5a6a2", "0afc7467-9d98-476e-8d15-a88c34a2362c", "2ad8d36d-c1cf-4bdf-bc3a-7e2e55f628a9", "2fafc487-3261-4cfa-bd8a-89ffc90ea574", "f7eab2a8-3b6c-4945-8a45-40a5527dc61c", "6f3a6223-8b31-4640-96d9-29bae6a0cf02", "6aaa9a61-2835-4963-9c0e-664de76ec9f3", "50d61968-48ef-48f4-ab4f-7482b66b9ce3", "3582ef08-6f31-4069-9f0b-43cc61a8cce6", "f5b59720-2a7f-4236-adde-881d75449ea8", "41c6bc01-bedb-44b4-b81d-2b7539563ca5", "e79d0c97-0130-4070-9e2f-c8c95b0ceb7b", "b1bf2a20-4f4a-4618-b0ad-7c156fbba4a2", "380f031e-04df-4ce0-a157-557ce77394e9", "6c0c0dc5-b68b-4cc7-bd41-7f46b290cbc4", "4c6662bc-8ee0-466e-ad00-8587da03d44e", "9627f578-c7fa-4140-9234-def120d17313", "7c68067c-a99c-466f-84e3-6cf34a22dc79", "ebcd4920-b6ec-4a8e-9de0-637cf8fcac1b", "79c3bbb5-22ce-465d-9d25-2d389056f66d", "4a29f818-f7d4-4a90-a507-97bbda17d8e9", "10d658bf-6b5a-47c1-9289-36516cb988f6", "f6e5ce23-ccf2-4e52-88de-17d5c3d231a9", "a5ef5afe-e716-4928-a6c0-c8fbf235af6e", "c9af472c-74ce-47eb-ab49-e39834254a26", "61a037c8-d052-4241-b701-cb34ce4df014", "59724ee1-ed8b-4726-b0d1-559bf8bef331", "96cf3e65-0365-4b8f-8e85-ce9d09a7e1c4", "17eb6fd8-721d-4ec5-b96f-f53a94b60fae", "d4178177-4bbd-4c5e-92be-afdf92298a75", "a3e6526d-6bc5-4f28-8120-91dd9b03a9e6", "5008ed49-f955-47b6-8f6c-d987dd6a5798", "6a97effd-af8e-4d7c-8acb-1a8fa91a519c", "bcf9a535-c0c4-4ce7-b013-46bc9989b0c0", "0556908b-5dfd-4ac5-9848-fc6d5fb35943", "acf7f2cd-5704-445b-a039-f6db88405cbf", "aaefcd1f-4a5a-4486-904e-9f8589d48b09", "daa919ad-d370-4ec0-b31a-e1ea1008c08e", "9b91dc93-36f7-4de2-8da7-5510654257e0", "ff72907b-37b7-4be2-bcb1-804a75763861", "1e9dd71e-e4df-4a35-af01-f0c7842aeb5a", "b7fefcee-7e1f-4bec-992f-b46757deceba", "39a4f82b-942d-4db9-afbe-202a26bba930", "6b88b93f-29ba-4f6d-9372-c1cf93c3c185", "7e748899-83de-420f-9cba-3b52c488c7c4", "af46118b-e63f-4417-9894-6ccc0cf24c91", "51d50ed3-ae7c-4ba9-b123-cebdcf3317ae", "76e340b7-361d-4823-97be-58f51694d6a8", "3a3d47b9-61e9-4bb9-a07a-f0a4d934d3b7", "549d2d55-2610-4aba-afaf-e71cc5300ddc", "e4130115-fd28-4932-9c54-9aa177d54501", "ecd554b5-4b39-4ae3-9f56-ffec702f1c80", "1b7452dc-4bca-40bc-b814-637ccaff8b54", "3b44e4a6-0398-4fd1-9ce6-cf124e6e296f", "e581ed77-2d66-420f-824a-880a02beb947", "ecbe0af8-8d15-4efa-b9ab-83ececae9e6f", "d005dab8-24f4-47c0-8617-c71e393f646e", "5e3188c2-1da9-4267-a5ad-bd8cd16f04d9", "b1fbc289-6118-45ad-b3db-cf8e68e4e6e0", "73a984aa-9d7f-47cc-b5d0-d04c62a7e5da", "fd974513-a36f-4e52-a1fa-be586475da6e", "57aa2274-9b3b-4ad0-aa7d-3415153ea457", "214c1f90-b4f3-4238-946c-d1c0f5aaec8d", "10777290-d1a0-4cd2-88c8-a05d862aae5a", "1f167799-06da-42e8-b9d5-7a7be2e593cb", "a988c56a-7e9d-4f85-a7a4-6d24cae92cfc", "80101eb4-8029-4a1f-89d0-4caef45a4bf5", "6b725ba2-b5dc-49af-9914-aa8bbf07af86", "f4f9d681-b492-4cbc-bbb7-738acaa3d519", "c97094f1-6020-46e8-8294-cc95bc82ed9f", "5e532165-d3ef-47f0-8be8-1c28354f24d3", "41c7a65d-6a47-479f-8625-421a910ddfc3", "6203b026-1500-4bac-a3f7-6e3cf146f2e9", "848405df-3aed-448f-8703-e1a82ad0cb70", "ec531c3a-0730-4284-a023-353853f05381", "af900913-568a-40e0-9463-17ed9d0725c4", "dd0da627-0d14-4e53-bea1-06de8da8d999", "cee8d88e-1d76-4098-bb11-99fc289e49c9", "dd9261e8-112e-4cb6-83ac-738913f260be", "c95c28ff-3fdf-4283-b436-1f3fda9e26b9", "01d08a99-e457-484f-8737-bfdea91e6f62", "4438dc3e-6b31-45fa-871e-b18fd8e4e849", "aeec8bb5-45c1-447a-9854-2512e028da17", "e946561f-1b61-44fe-989c-b463164a7e9a", "218e3264-2903-4567-ab10-fb49674a9801", "b3a15acf-e7b1-4013-bc74-61419b95e859", "6630a227-af65-4a50-a7ac-dba9a95ea661", "4df0bc2e-7f00-4f82-82eb-6c07e9bc7121", "e07ede8d-378c-459b-88d9-aafe09ac4110", "82e9433c-184e-4cff-9464-0b6b19f696ab", "be7fc319-0b2e-4f33-ba9b-087866ccbfe5", "0e7d7965-af12-44f1-b6dd-f6464de7388d", "7b10e00b-ee13-41f8-a0da-e6e3efef7e19", "6560c3fc-d9a6-493b-87b2-2617e74649a9", "8b2b8a6d-2e23-4f25-b762-c99aa6788ef4", "d26e3617-e8e1-495b-b1e9-04153911a98a", "4ff51b92-8a21-4b8c-8be0-7d02dd12bc88", "85efd09a-f0cf-4613-9ee1-c4fa1d2aef65", "c3cd2bbc-fecb-4033-ac56-e2829d783609", "da6d3b90-4c1e-4de5-bdb3-badf6df950ec", "5e89990d-b52d-4ede-b82f-2c647fe7517f", "bac09440-040a-459c-986d-2de894c17f34", "1e181809-8c1d-419e-9410-564f93ee2e70", "5ffe2f9d-00e4-40ce-b07a-84fcb1012fb5", "4f4d4648-28f0-4dd0-8442-a8c503658feb", "29f115b5-3e30-4cee-befa-e52cb60a5604", "88293801-5be8-436a-bb28-8c38fdc0350a", "b027c2bf-8a1a-4cad-956f-9e04bbc96362", "f95d80fe-035f-4c4b-bed2-1186cd047d6f", "44389429-12dd-465d-be61-a61805175253", "9075add9-1fa4-4a6b-a005-cd3870af2b50", "2a8110ed-4d42-4bfd-8cc3-1fded32a57cb", "d63c3575-598c-43d9-8792-4058115ff576", "4142b095-4e7d-4d53-87ff-498424a5acac", "0c569086-30df-4b17-8a8d-1a11064104ba", "9372fd06-89a2-400d-ad90-882773e75c5d", "992024c5-c778-42f1-9401-cb616c7a0c0b", "4e429edf-be39-4fb9-bab7-a77a845ac949", "12f82dc7-4549-4436-ba34-a30a4b5c0c87", "6708113a-a95c-46c7-8152-e40f968b052d", "976dced5-44fe-47eb-8fd0-3d0d7d21922d", "2440935b-2356-4f4e-8778-59ff5175636f", "3e404673-d76b-4046-985b-ea67466a73cc", "4a4588b1-1b5f-4284-9c16-b3b56976198d", "7ac3b7c5-81dd-477d-8da6-da5aab37501c", "43adad7f-02c0-44d0-9df5-94852f21e60f", "6e3569bf-b2d9-464f-bbba-842871368a4b", "7532f967-627b-4b3d-81ba-6e05248ac775", "9a4b927c-38dc-4382-ba3a-58932d413606", "fa919e5f-82ac-4b76-8ea9-e99424aab5e3", "79f7d06e-82ed-49f9-8a2b-295d14fcc787", "ec8cdfab-58ea-472b-92c4-fbf0bb968db0", "c9f4f103-f2e8-4bf1-8f5c-b9be1623ed25", "3a713294-9a51-4cab-a2a0-80ef22822eeb", "021cd3ff-4d25-459b-a893-cb6fa17436fd", "d16b54dc-0799-472d-bc42-9903f278f162", "e17df8c0-ff68-4a5f-b0b7-5c780d7282b7", "1ea1e3cf-d32a-4cb2-94cd-1b5a3f7380ae", "230c3c1e-6a83-43b7-9ffc-f18b262d6516", "1a6941b3-d1b4-4e9f-b82b-187a7fa73dd0", "dcaa2807-b78a-48c1-b679-b9f41aa3c77f", "f9fd5dc2-6fa5-4afe-847f-37ab79301a03", "4e9dc726-b921-4b59-92cc-88423a8dd17c", "4abcd6b4-dc06-475f-bfe9-06132f737ecb", "2532aee6-98d9-4ce7-a598-fcc25b8f1450", "b3a2133f-9ead-4457-8350-b75d2ffeb750", "1b3dedfa-f96a-43f3-8235-60f6dbd2039e", "746e18ac-cb2c-488f-8e4f-b6be8b462d74", "69b92aa8-66c1-4c3b-b49a-890fc9c9b043", "08d39eb6-8d4c-4dcc-bbd1-bed547643234", "2d59e515-7b0a-405d-a66e-2f312e668119", "8f774555-29dd-423d-ab39-61cac24bf787", "ae7252e4-67f9-4a21-bf34-78c2dde17568", "a5ec0414-bab0-4bd7-bedc-46b07c1e2b83", "1456a717-27f8-46e8-adc5-9614ff24b557", "71bcc961-c4ee-4556-86dd-9f91c67326ba", "2365490a-15f4-447a-8a85-27be41c8c2c6", "a0ba2b57-21aa-43e9-a311-5b15f30c49d8", "cec217ad-7c17-4867-828c-27c8b7d8a99d", "25577976-d48c-4f39-ac48-f681de9b1681", "22c97e94-6fa7-4a24-bc7c-99ef1eb7a6de", "80d6898e-8353-4168-a205-5bae7e77c8b4", "7ba8b744-eca4-44b9-82af-40d10d3f14ce", "2ee6d7d3-0e69-4081-8dae-2274112def62", "e80c5f15-424b-4086-ab48-d97aa7c1755b", "7acaa785-6db7-4689-b196-3960a95c516b", "bf324f96-db02-47c9-ac29-8667e3ca869f", "8f6afdf0-19b7-4b72-9e9b-6ff7803fb4b0", "afb87d42-fb01-4c06-a5b9-d87463263b8e", "0f56c352-608a-4a7a-8381-a71a5f5b82ba", "383e797c-4b4e-4e42-82ce-4571349a454a", "26b63ecd-8d5d-4fc8-b6f9-99fad420e45d", "9a4387a9-341f-4bfc-a3e4-bdd99f50a7ca", "3c12a7c4-6b43-4be7-8819-fe9dcf6f4d7a", "3092c240-da08-4f8f-826f-7a9cbcb603b4", "20aed453-def6-44b2-926f-47f9c9e26170", "40c9503e-5781-4746-8741-4abd38e23fd1", "8d685772-42c7-48e3-a3d0-4026f69483d7", "5cec3139-0d94-48d3-83d2-76cf09b29b8c", "0859084d-07bc-4c83-8c3c-a5e1d82b2478", "d7aff588-8a60-4b99-be02-1fe0d60cf94e", "60d51abb-1c37-432d-a4c5-7d150e1c6b32", "95843e17-bdb6-48a3-92b7-b9667e646063", "ad496788-aee0-46d7-9574-579b5e105ef5", "8279f3ed-e874-448c-897a-596a94c48c68", "99182c9c-12c9-47b2-8fb3-36a5ba505f22", "d5c149ec-1ed6-4f3b-9b5c-5f051aae1dbd", "98cf41b9-615b-4462-96e9-87ffbc3457df", "8708de68-f7ea-4cf4-a586-f374fea65877", "b8ac12dd-45f1-4f6e-9999-e31d1f26ac97", "bb7f1521-f8df-4a95-8210-68e25715c9de", "f15200b4-38ef-482d-a1b1-84eb29154615", "5c9075ea-3f70-416f-88e6-45107c4bdf60", "b382d549-8b60-4a56-9349-6f81c3aaedb0", "a4c56444-0e03-46b8-93d4-f31009c70875", "ea26c14f-361a-4d93-9f4c-403338259fdc", "67a6cf34-aa34-4aca-8475-2201a3af610b", "d62df2fb-1560-4b1b-ac63-985728ad6031", "d8289ddb-9858-4d8f-b38d-5226f4226135", "62aae454-4174-4117-905d-7605bc547922", "602a97d0-80d6-4924-bed7-f3c416f51908", "714daa3f-d04b-427d-9e25-7ca314b7a7a9", "c8610dbe-12d0-41a5-8ce1-35cdae80bddf", "45feeeba-422a-4ea9-81e8-aee49d03929b", "b7d89068-a009-4fec-9e01-c8e901f3e82d", "b532b084-27d7-446b-8486-5999f2341e52", "31d54777-cfb7-4d20-8b92-586619102fc1", "3ab55c6c-b1c6-4b09-8295-6669e744ce68", "ac5893c2-679c-4762-9d45-4286d87db52f", "910ba49c-98ee-4825-beab-23a188eb0572", "19285212-8a23-4fa6-b522-97b9b639a9f2", "e1fdaed0-3898-45e4-a17f-909878d91758", "be2966e1-0a68-4d53-9c6e-cd93ba789146", "ba89729e-c76c-4595-bc71-d98ab6f3b8af", "64b60290-8555-48d7-b978-e7280c07a116", "cba7f92f-fc6d-4751-af58-3c8bcaf97dd2", "97f553e7-18a9-487c-b132-411a3c2aa1ae", "d7cc7487-c774-4011-9abf-e0363e439927", "8dcbd0b1-688a-4085-899e-29f196b090c4", "b2d1f166-3f4d-4ef1-97b9-5ff038cd3cc2", "401f211b-581f-475b-8feb-03098fd5156f", "a4b7394a-8912-4d47-b25f-3cf7b824d17f", "ab6c71fc-94ef-4c2b-a28b-6fa8184ffd30", "e8dfea2f-d5ab-40cf-b0f9-559b64d628eb", "fe9eba95-c596-4694-8b8e-253e99a11b47", "47eafa46-f21b-43c9-8ba9-f7ce23a2018b", "8d13f13b-8e45-4263-aa63-56bf891d7ecf", "961ec67f-ad0a-4e26-a259-540ecea26ba5", "113f2cc1-2203-49f1-abd2-5071dae20b70", "573b86ec-7a02-4702-aaf0-ce6536c9dfed", "2b750bef-d3ac-43a7-a1af-a1b425c2e094", "dcb1897e-740c-461b-ae24-5729dc8acef4", "13639599-c48b-49f4-8d33-c4552cb6c00b", "17dac5bf-cfce-4a06-91be-98290ed2d26d", "15261505-fdf8-4209-b101-b3b53cf8b348", "b0817536-8902-4b9c-a7e8-089a4c50dd2b", "a36eb055-fd02-47df-9940-92f00a053f15", "eacc0f64-789c-43d8-8933-14670e200806", "a8dfe436-f5a2-4ddb-925c-b9c7cdd2f188", "c22fc196-9725-4bcd-84f6-95f49d14dbf5", "8e46c24b-4290-4dc4-9691-ecb6b21f6a4f", "f88b278a-6b75-49f4-837b-15eb3322a254", "29ccb3bb-94cc-4789-89e6-27b7b0bdffdf", "df12a26d-8442-44ea-9a6d-05e2a77857eb", "9e2eea2c-b28f-41eb-824c-b6fcf244b129", "d73bcd72-365f-4986-b304-fd5a9aa6ff6d", "a23bd85c-ab19-4106-97aa-35fcf658757b", "a8c2d3b0-733e-4f00-90bd-c1cf79e70a71", "e0047c8c-3c60-4b28-8dcd-2fb5d59796b0", "d4ca0a92-541d-4ccb-b8ef-84048bf337b6", "d0c34513-bd0a-4c6c-8519-78dc96bb23cf", "ca48ee17-d27a-4dea-bb8b-1669c9f169b7", "c434bcb9-bacb-4069-ae45-df5353fdbcc0", "8d5fb31f-9cd7-4c38-8301-179a9279657d", "fc347703-4a3b-459a-a52c-df80183d298f", "7fb382c8-d491-42c6-a110-bd8e8d3e0797", "d25170c3-7c8c-46f3-83c5-a76d7e18d58f", "dddd2f97-d6df-4766-ba5d-8d12a7e15fb9", "d6ffb846-1b50-471c-8ed9-eefd7772439f", "3688c48e-7f8b-4ce2-9566-a64fa5d69d6d", "be1a5a1d-5338-40f7-9fd0-202129ab1f1c", "a85a64a8-53de-4d34-87f8-3ce0354c972f", "313a10ae-c8b8-4b9c-a58c-c005d2940d3f", "e6b85613-e7de-40e9-88c5-638790de06e7", "a73b7ffe-81b3-4974-a3d2-eaebc0b88eef", "c4f8daf4-ba2f-4076-92df-2127e27b4109", "701ad282-ff72-421b-94a8-801ddb4e8f9d", "ab462e5b-174e-4806-b62d-480d9bfa9344", "11a6e337-5c5e-4042-87ed-0e3ac11fe664", "00bc7405-0c05-4272-a3a6-6c7b32a99c82", "8f5a4279-8d57-4ac1-ba68-a164881f561a", "5e70eb2a-707a-483c-9651-2550ec8796c5", "ce5c5a04-6e32-4301-b417-cd574ca5574c", "412c03b3-a9ce-4c97-917c-da15fdf7db24", "0c1a03d2-6aae-4efa-9b2f-340e54f4e9f5", "98248106-9749-4d9b-a914-d5cd21ed23d2", "018e59dd-54c3-4c60-8ae2-e9d26ed10895", "65f14e74-0eef-444a-871e-74475df55bd8", "ff2ad97a-b6fa-4817-939f-97a3018c3f9d", "f6ac84f7-37bb-4dc9-a7b9-ee7118c6c980", "36772336-7731-4619-8481-1a9a37b23e6f", "9849c627-d3cf-4113-b99f-d6e088baf6b3", "c029065a-bf8d-4123-b115-d7f66ea58006", "7e2491af-54a3-44fd-874a-fdf35cc9962a", "e7f170f5-7b98-4f53-b1c6-c021a4331939", "a9fd751c-b7d3-4e14-9183-a8ef1dd59a53", "7972fbbb-adce-44fb-9d82-c3e91ce040e4", "4a903733-0388-481d-b3f4-267fd987bd7f", "db8ce72e-838a-475f-b401-1e8401c79abf", "85b8f340-eb43-4fb1-a8eb-5b28702e8b92", "836fff43-98e6-4aa3-9d84-89497c143b03", "94ec907a-48f9-476b-84d3-000f8f41a0ea", "0d2f216a-8e8a-437b-9d8d-be13d578829d", "defdd996-1048-4369-81f6-35aef972c98c", "922666f6-bc03-4486-8ff4-d1a588b43580", "a0bc7160-5b29-40b4-9c8c-6961a8ec95f6", "5d5d1a00-2b3e-4edb-bdae-b6abd098220a", "9d185a04-9f28-45ad-ab97-2700e28214bc", "a6547808-27ff-42de-b3b3-ed2480581caf", "9b9a72c1-4ee7-4f06-98f2-83e9db391c78", "b1f745e5-ea20-4cd0-aee8-f0eabdb0cfd0", "efa94473-64c8-485b-92c2-989e6e9d6e6a", "5abbf978-b830-4a26-bbb0-1f731b715a78", "9d9a17c1-4522-4cec-ae1b-969cf0e4c187", "e3e975e0-58d1-41eb-8a77-dce96fcb0f92", "8d1d4051-4f76-4aa3-b326-6f95baf96da9", "ccf33b0e-8c1b-49ce-84a0-600a9ff29a42", "c06014d0-c2b8-4e52-8a4b-e10571c77e05", "241906b2-d17c-475b-b699-e16ed705a165", "ad896907-03f5-42b9-9f44-56f3aa3989cc", "7b71972f-2fee-4c7f-9405-320e9e253617", "11a3119f-f2ca-4c36-a7e0-ee2100d13eef", "e2274248-24c4-4bf1-aacf-f083a4cdf1bc", "ee356bed-cb7b-4a31-8706-69a552bc1533", "7fd16f15-490e-43fc-b5b1-79de161d42d2", "02d388a8-a715-4bd9-b0ca-f71eaecf5de5", "f470d489-4de1-4668-a194-2b9a38aea327", "b366c740-60eb-4baf-90c2-b19e4560fe1e", "d8cba8ce-d07f-41ef-bcd2-5a0a37d2686e", "7c989260-9736-4fd2-a296-aee914d8ae50", "e455376f-f61d-4df5-a598-7cce0f6a67e0", "cbb55918-8c9e-4aef-89d6-d7b533a335ef", "0ba9fad5-c447-4b9a-ba58-846d796f56b8", "0eca9d67-1e25-45f2-86e3-fcc0a9904127", "0733f906-4586-4b98-bbdd-c00da8af5425", "86437872-5ee3-4b82-b34b-b55486bbd037", "d73d6b11-e33e-459f-bf20-e01b0eff5b1c", "12d7988d-5a20-441e-bde7-d59bd016b2dc", "9255d597-1fa7-424d-ba2b-f72fddd5ea5c", "83f09215-282c-4703-9cd2-2870ed828839", "7d1a6513-21ad-495c-bf2e-bc9c6d3d5bde", "5ced9225-8224-4df5-8c69-a1d3b856551a", "f744fb59-dcf9-48a0-b9eb-3b5f6fe02cd9", "1dc1bd15-8d2d-4132-a55d-9d2e901faae4", "e464fb9d-64ef-4bf0-bf26-1aef8edd6951", "4b4d6d78-09a9-4204-965a-2b4332c1c6de", "b331ced5-6e9b-4227-a1bd-22127fd90829", "365e93c1-0545-46bd-b2b7-9f6fd983bff0", "a54817ee-cf34-4fbc-be8a-a943cb99d473", "2e6f290b-4409-4d0a-aa62-0a5bdf58eb42", "c71ecdde-5418-48c1-800e-19d8b61a3f28", "16c4c47c-b342-4400-b7fe-43e227b6733d", "ff4777a5-9f39-413e-ac9e-baf5de0f2ed2", "dc41d1aa-c1d8-4423-abe7-76101b85fff6", "b6f9a2b2-1c01-4136-9725-1ee87dcff120", "c57edfb0-c764-4b20-adfa-f812f33781fe", "6578a531-7c20-4120-945e-a338cf5b0100", "60b56044-c7b1-4670-a3ad-5bd238a21b2f", "739ee68b-79f8-44cd-a9a1-cbb34b225148", "ea3f3c66-fbb4-42b2-bd72-b123d8fbca8b", "f8d3468d-7907-4196-88c5-febc5c50207a", "087f62b8-3cdb-4584-9c85-db7ab511f98f", "21e4c1f8-9899-4bea-8b73-0453a3711b3e", "9ffcfbe2-d431-4f5c-80b4-065d3d7bcfcb", "9ba99a87-5118-496d-b275-f3d7f945944d", "3a548e66-2c0f-45b7-882f-7881cb6b0609", "749e7df2-5b3a-48dc-abee-8642e9ba3a8f", "d65cc685-a11a-45eb-b243-75da0ccb4deb", "865024d6-3e3f-450f-9f4d-5602ff5e75f8", "5611f95a-0c79-4a59-b8ba-0250333787d8", "85777db0-f14a-4f8f-ab2b-8f25e5321292", "7f831ee1-84f7-4597-bcba-b749e3773a04", "dbc28166-c6fd-4942-b988-1ba8d68c5af3", "b3a9e2fc-eaad-4e31-ae78-92c37c09dc07", "0550feae-45f0-497e-9937-927c8bc9a769", "2c234121-b224-4f0e-bca6-1caadc0d5ef2", "d5cdc3c5-8b69-4d24-afaa-6633407fd929", "0c00c5d8-1999-4cf8-913f-c8c142549a66", "e7fe0ef1-8f3a-4f82-ac79-29534a84da8f", "6209b83c-73c5-4b00-a6c7-b0e32534e241", "4904f5f5-650b-4b8b-94ac-4556969c6373", "fe1c873f-4ab1-468a-84b5-e9e179b7992e", "aafd96fb-00ac-42bd-8eaa-93e6d2a626bc", "a0665a26-548b-4f02-863d-f54f78e0388d", "9870b86b-3558-4ace-92d3-3ae474d14e80", "ee6ad578-6607-4ac3-ab0b-9ca5219e6db6", "22de24bf-2972-46eb-8dcd-0b520a5ce8cf", "8df46ef4-1e3d-4f1d-8eaf-69f045555058", "faa35115-544d-423b-bcb6-e86061eded00", "a92656fc-28ad-4833-ad0f-0f8938317b5b", "cf765b1e-af0e-4087-b04d-1a2ad7b69021", "b53bd28c-73b2-4dbb-99d7-ef19eddc4bf6", "b6d8c380-51ff-4c99-8378-4c42de45cb8f", "eb560ab9-9418-47d3-988f-7b73d0570ed7", "4b5f45d9-7221-4e14-893b-5c8db02e0acf", "527c93e3-c320-4ade-b3d6-cda63e841025", "b168317d-d671-4089-9645-49d23620c7e7", "c13ae7fd-a8b8-44f3-830b-5ebbc7fdbcb6", "3fe6db7a-7cba-4755-aaa1-1adbdcfc9a2c", "4f800cc6-c769-4ab5-9fa7-dda45df2ff0f", "e6f7c792-be36-4b44-ac02-d1024ae16a26", "75150319-ee13-4b64-8447-1856b4dae15d", "420c79f2-591e-48de-9d3b-80db41e1fe67", "9df4c660-910a-4310-9c56-3a17f7777e7e", "c10ca6c2-3fec-47a2-8690-f4a81dfbbc01", "d10e1c8c-e6dd-4259-983e-8c99fdf4d2dc", "e8af192c-ce1b-4b46-b191-8060163b7d2d", "705419f4-171d-4bfe-9509-309f0a3b19c9", "6e0fe5d3-11ee-44d7-9860-58499e86909d", "fd4aa7f4-a835-41b5-bed6-4394afd97c89", "1f17bf72-49f3-4773-9861-0213fb35d330", "ca6d6e0e-5f4a-4127-ae32-3f07fdac75ec", "06a746d4-d32d-4aac-8d66-9fab745cabbc", "b1fdfdce-0713-42c1-b2d3-57b9e077f191", "6718fee4-d817-4728-bb1a-5478cbebbb03", "614c480c-e775-4bd6-bb79-013a42b85ded", "3cd11212-4c3e-47cd-85c7-b10d0b4f6e6b", "d74e823b-d0c5-4a8c-ac74-ceea1401847a", "d676d3f7-b800-4604-b20e-5b4f0f377bc0", "4b50b580-e497-4737-990d-392adadf4a54", "a777d448-44bf-4f40-abbf-94438bee9af4", "7a341411-3e64-4646-9fc1-141f1aebd13d", "6581ed73-cbc9-40e9-a31a-1f14773f6ec4", "ed472180-c8be-4329-a794-b3aed73a0b6f", "85469296-2184-46c8-a803-fe1124744603", "c9a7c799-02f3-4a66-948f-c0289c87e7e7", "015333fd-0e1c-4532-9acb-5c6364bfe60e", "16e184f6-ac37-43e7-a329-a22e888a8c4d", "25886978-7c69-4000-956e-d76365ebbba4", "8c6dd8a9-280b-47de-86fb-4d60d5a752ac", "086d3558-358f-4512-bccd-f9d499b20e1a", "155e65c9-63e2-4437-8ed6-7223daae64fa", "6a682e8d-dcae-4861-b096-7f63bae152d6", "dae549eb-b1df-4b84-9437-a589b6a44435", "e6127bdd-064e-4f4d-99b6-0ea2ea0965b3", "89eb3bd3-434b-4da3-a54a-5ec6b02c776c", "51175a7f-d1fb-4124-bc5a-ceebc551464e", "a115f5cf-7d2e-4e8c-a49d-a92d536dc6d4", "120acbf5-44e9-4cb4-b9f7-1a754948106c", "ff71990f-8376-4315-8fb6-8c884e13f17b", "f75e5fc7-c9e4-4312-89f9-d86563a4faee", "b9cab056-c6c6-4af8-9561-ef53e8dc2378", "49f22837-c517-43d2-8163-f3f3cabeae81", "a6b07061-6b03-4bd7-ab4a-078e13cb3765", "6446e8cd-2b23-4a4d-b8bb-89ff9b3dd68e", "908f3a5c-a5b0-4b25-a13e-85b71b1b1883", "cf46ef57-7bf9-44ba-8307-4459b3b4539a", "b6076698-5cb4-4e48-953e-b24dfa256495", "877dccbd-be58-494a-aed2-064af8ff6129", "72ce3c3b-c440-4d7b-a1d2-87b44ff0b6cd", "f49a0435-7a00-4dbc-9895-ecd21c96356b", "f93f9fbb-1740-482a-8cef-7e6ce4474c12", "7cc4e925-6f38-4266-b716-b6071435cb4c", "6910ec63-5fe4-4eb5-80ed-af1d3f746ac2", "15650bd5-4fab-4da0-98e5-4649ec5cd6cf", "4140d090-e720-41fa-8a96-db47447b88a0", "79e902e4-23b9-460c-be8f-7d6356412b7c", "852035ab-fb7f-4b87-b7b9-e88a00cc0aad", "2286416d-2890-407c-adb6-bd604fbdeb7f", "d80be44c-be27-47b7-9787-8d9ff8dca33a", "1e752cf1-55c6-4cdb-a070-282bc543a2e6", "ef88d8f9-f0e9-4b17-82ee-26c3522e596b", "455e7343-bff4-45d6-9311-0cd136f33df5", "86f4cfd0-e568-48cf-9d1b-6a10b7abd53e", "64887c7d-2a3a-455c-8013-ec98af98aed3", "577c7e25-8ba1-41f0-9679-b336b6b39be4", "dc84a9a8-9769-42c8-a9f3-868a86f7b93d", "a7387f8f-dc38-4a35-bb60-7616f81fc838", "d72c6e44-ca0a-4503-8b2c-779a00991d02", "08672a90-10c3-49ff-8f00-ac52ef99aeb5", "8ae9dba8-bc7d-442c-9e1a-d0a0794d41ae", "aa00bfb6-65c0-44b3-8042-c2be6d88b32b", "6e99bb04-1d06-4c2c-be82-2a737d6ce876", "c04f00e4-7551-4466-81de-91b3050da9ef", "78e10c7c-7998-48e3-89d5-b49a9e8c6dff", "bccef508-99a2-4a7c-8f5a-f4fb6b233397", "f8e6ae0f-5bcc-47ca-874e-02ab5d1d725a", "c8f7e000-3cfc-4fcc-be52-fa0838af8ecb", "a6c865d4-56e7-4b7c-9a49-6461a9794bd5", "3ac94285-ec81-41a9-8901-7312ddfc6d50", "ad41c916-62d0-440e-8401-e17edb395fc6", "bf7bef7a-7652-4044-88c3-9888a5570bac", "c4131a38-86ab-4c91-ab2b-d7f918aed19f", "1cfaf817-98f9-47ed-a96d-cbf87f1cf038", "a388042f-ec37-471f-b7db-84ec24b17a11", "999fabaf-1412-41c6-a429-6149cf7b4b1b", "5255d0d7-7caa-4db2-a318-a18b268e148d", "913a0ac5-fdbc-452e-9e7c-04ac6f2e1543", "059ee1ae-95ca-4266-a371-03b984791a2d", "c246bd55-24d6-4b7b-b27a-6aac4b94f200", "d0e119f4-7fa7-41ca-b458-d729100597eb", "b2f28306-101c-4143-a69b-44722ff60464", "e9de3bcf-58b1-4c63-a4de-52956d3a9282", "14237f5d-31d9-4af6-a483-de758127083f", "d89a52f3-41f7-478f-a1e7-52425eef6df2", "118cd83e-267e-4c77-a88c-7d341b32da9c", "4b5a07d7-66f3-40c7-88d4-6e94673f23d2", "3db0d3ed-4d00-411e-aba4-e178f29b361b", "e33db61d-0394-452e-8c2c-166a6806d2c4", "4a0545ec-7da4-48bc-846d-6c1d76e2e144", "f2c4a88d-67f4-4ccc-be63-6c9fd02a7950", "73394cd4-10af-4b91-9aed-e983cec8524d", "e770b75b-2df1-4f90-9d6c-fbf4d7bde574", "f5810ff6-bc71-4e67-94b3-48770ec3aef6", "395d512d-aa0b-4041-9923-a179e6536509", "3e4572c8-f8ce-4c82-98e8-cc652d865caa", "b2ac0fb0-cd0f-46b5-b1f6-fad231753103", "5fa2895b-1ad1-42be-a212-846a25aaff7d", "a990c921-213e-4ece-9a5b-8b1b6b73f964", "e6e78a24-dcab-4edd-97eb-a9d4a35e2a08", "abc0b71a-bd22-48a9-bbfe-15d73fae9d09", "b0e0f736-1c98-444d-8ee7-65072097eac6", "0deae3da-bb09-44c4-aef7-8c2f75c2ac11", "99ab6599-0778-40d2-adf0-07b78dc22c9b", "192d25bf-fff3-410c-b802-86904a46bb28", "fbb29866-6294-4187-b487-090c9c29a890", "ee188cfd-2cfb-4b13-ac58-ccc8cc18282d", "aa79c259-b666-4939-ba25-c340cef85342", "ad30b3e0-390b-49d8-87a2-972f6ffbef48", "2073ebce-da5b-41ae-a37e-d6decc870444", "6eb27934-93b5-4892-99cd-a0004af2b953", "2aff902f-f8cb-48b4-98ef-54b4acd3b26b", "4dc75d33-4053-441f-a81b-13d9c889a331", "5817a4d0-1fd3-4fd4-abd0-393933ebe4f6", "e3b84e6a-3075-4603-aa58-1ae699ebbd34", "a805302d-a930-40c9-9453-c01cbc3fee2a", "cca618ea-011c-4228-a98d-03406eba4a5e", "8f304f0a-cfeb-4c7f-935d-f028a82ee9dc", "1795ee4b-b9bb-4c29-bead-fde0d1b0118e", "c402f79b-cc5f-43c8-a892-c4f1d0e4330b", "d181c5a5-2a14-4896-8cb4-f5e27bcf056b", "7efcc8d7-ff45-490f-80ca-21b1281088fa", "0f964b24-11e9-4395-acde-7c9f0cd73099", "75794eec-af98-424b-8eee-02015ea4e1c7", "b0b538e4-723f-4bf3-aa59-5a8c0c8f34d7", "2cac2098-658d-4c8d-b16a-7c4d07cb50a0", "bb3641f5-743a-4f54-bba8-5ccf7312d0fd", "dafcbab5-3073-423f-8574-a8f3319edc19", "3d880a87-5aff-4e50-82d7-a1f198ec73b8", "8b8fe44b-c71e-4a4c-abe9-735dcf8f200f", "e97b04fd-73bd-4573-814c-65fd4e83cfee", "1fd456f3-f0e7-4ff5-9c80-95f7012d998a", "086bdb81-2a7d-4e28-ac4a-7fe39d1b5bc6", "2c87aaf1-a30c-46a7-afc3-678c791c2016", "0164a3ef-4586-4a3d-8067-27e841124223", "b720e967-a9c5-45c2-ad0f-b4ec0f101c80", "764f8c99-5d83-4388-852b-3bdef11d226f", "bde1706f-5a3f-4c9d-9b53-f138b210b675", "ba53d97e-a1d2-4922-80ca-46414e85acbf", "80621b26-524b-406f-80f4-5f8589834544", "4e3a86df-0405-4e37-86bf-61826df478ec", "205e9595-9270-433a-bd3f-79643cd26afe", "64c05a11-1f9e-4636-895c-c10bffc6e26f", "dbafafba-a985-42b5-9bcd-3004e4754a69", "494bdd2b-9230-449f-a148-ef07490b2a3a", "9231576a-581a-4488-9bb1-cec264db995f", "7c3f5ba8-d228-4d43-9a14-c3ceaacd99a4", "f638aed4-fe36-4768-a415-be5ccd0ab1ba", "05d3983e-1b2d-4977-92f7-980838581b27", "0fa7960a-c606-4f09-a47f-81d7d0b740e9", "1a896a1f-7156-4927-a497-184b9a55a172", "c0261a8b-fedf-4719-8826-268d436e9b11", "453981ef-fd99-4bf5-8456-7287944c5a50", "60e43ded-d9ae-4f73-98fc-12d8ceb32deb", "d20dcad0-7a5f-4f87-9769-eb446513497a", "c80d2f21-a9fa-452f-878d-708888bb9246", "64e781ce-8369-4e01-846c-3d8cc7696311", "f11bfc88-f024-4c61-b589-af1d4eb924d1", "4e526a62-0d95-440d-9763-ac92d592803a", "486b52d6-9ff6-4b26-b534-5538e2572b33", "30f46aeb-b43f-4b53-b2c0-ee2d692fa6ed", "d52f38ee-8fe2-4193-9ed4-ef76646d8ef5", "a58e87fd-9723-499f-b92e-50fbe3995cb7", "70ca5d7f-f43a-4180-96e6-c71dd68d4807", "02a8f3ff-656d-4e94-b37d-3b716a02fe46", "74309ea8-6fb8-4fd0-9e4c-3945d04b5e24", "e67162db-9e44-4c87-8914-2819ff914084", "3b9359b0-97d4-4af7-9018-71dc1b3c5955", "e57fdf40-e528-4258-a717-0c24313fc68e", "85216c5c-6d6d-4fc9-82b9-5388d3e3763c", "192ed46f-6000-4be0-a4ce-1ef057237ce6", "a89d2481-1753-4813-b778-255255ebd392", "743de338-cf7b-4f45-9d4f-16380d8372c8", "32cf72e8-d92a-4538-9ee1-9c090c922c6b", "0b7087fa-0ef6-4f72-b7ab-8cd27295e5f5", "3f63f5b0-6f40-4529-a40b-ef1a0df498bf", "89abb7c9-2494-4e4f-a44a-dd6ff29f212a", "25c33db3-c388-4fac-a4cd-7b57ac12bec3", "cc0e34f7-f109-437a-9ab5-3f1ff875cfaa", "66aadacb-ba00-4b00-bc83-bf983a192183", "549a6175-ffd1-4d4c-ad66-b66953761ef6", "1a06d5d0-7a4d-4d20-b791-74257ebd4247", "1b775822-2cc5-4cf8-b2bd-24a24f37653b", "f6ebf093-5721-4415-95f5-1c184e61b7c8", "1e544e5d-2dd2-4a07-a495-9b04b0f9e9de", "ed7575dc-56d7-4869-a9c3-c12796299305", "610c84fd-34e5-4069-abe2-234d7abc9f58", "8fe0627d-33e9-4dfe-be31-e623ee8019d0", "d3827933-6b73-435a-a791-302af1b460c9", "d7169520-ed98-4cb8-82d9-aba1d1a86bfa", "f8aa36d7-849a-4f09-9440-547385667e50", "128992fd-1c68-4472-b8d6-12f851dae4cb", "fb805d7d-148e-49d5-963a-60d20f115f99", "75452826-527f-484d-bd8a-922d91719525", "76574efa-82c4-4590-bfd9-72f6e674fc78", "eaa19ac7-f8c9-44d9-a6e8-09bd6f9f66e2", "8f44d81f-c76f-47da-b9d3-592884fa7b3f", "0f002020-bd31-49a9-a498-e3a7927df53f", "a4a54d71-70ac-445c-9874-4cefc94186e0", "b030fb95-c0f6-409b-93fc-6747a168c91a", "1e047472-1f36-46fa-b253-733d22025ed7", "5ed2027c-87ac-4614-9334-5c741103ab1a", "2d5b8b2e-5638-4d95-b79f-696596d0ca9d", "dca26274-bb33-478f-9365-be438ccacc83", "b0bca65c-5732-44a0-ade2-0a1d268f8909", "8666363e-63c3-4a71-be54-fbfedbb03298", "03c8a79c-da9c-43a4-8b41-8460982da0ca", "0f88ddd9-3e22-40b9-9fa2-0d44b8b2dc6f", "145462d5-fec3-450e-8724-673627d2bcd0", "40596c80-e8c1-4e20-a2de-29e344193f3d", "538bc7d9-50f5-456c-bf70-5d00583a43b1", "3a2124f5-f02c-40bd-bd54-4a893b63e480", "797569e2-779c-421f-9ae3-8436751bf4e2", "bb1191d7-0874-4a58-81fb-f45a0673a724", "8eff716a-02a5-41e1-842d-040ba00b3027", "88ad532a-6ab0-491b-a9b7-4af7f4f375ae", "32541ba4-51a2-4180-a75f-3d8230d10145", "b336c691-6ca7-4922-9ab3-2ae55fdf45b7", "37edbae9-99b2-4e8b-975a-43ed8e0b7524", "49ea0e9b-705d-49e6-a10f-0d972c10fe8d", "98ee4aa9-1662-4f37-95b8-cc9b2ced45ed", "e8facc7a-81d2-4457-aef6-a3aab10cc786", "3123ab30-b86a-4267-ab0e-ca02bc5f374e", "0906a069-62fb-40da-ae0c-55c9f40f474a", "79fb6864-a399-4bdb-9de3-b13484bb4049", "d41b6128-28cc-4e27-85d0-4bddd9101217", "6999b021-4d36-4369-86a2-54b2b43b061c", "5bcf0801-8551-406f-a340-4375ed9f82b1", "7ff9b848-c8dc-4243-bc1a-b92c99f6ef8a", "2bc59a41-91ee-4a9c-b4f9-da82ff11543c", "77af2993-fb12-4852-a400-3089b908ede4", "dc19f7e5-0d86-415d-b06f-bebe09607ca0", "ee6ff5cf-fcf6-4f85-9c61-b444eb69d4ce", "8990a872-c038-46f2-b444-dc500f394741", "fa20544f-3a90-4b47-ac4e-e3db118473f3", "c7811b21-bfda-475e-980f-35d5181b3330", "d6f64668-5080-4c10-a2f8-2922aacf19b6", "076b54b9-f302-4eff-8a44-db0fdab11c81", "135fa37a-f7a8-49e9-acbb-2703292ef181", "7310b164-4474-4016-aa0f-3fdd497eca77", "9f630407-9357-4be1-8aa7-bb18dcbd289c", "29e0a699-4a89-4968-8d42-5752d6cdad44", "1c8bff58-11c3-43d2-84be-60cef5d7aa54", "c5cd0f09-72bd-477c-a8f7-dbc703ba18c3", "6a04a6a2-7005-47a9-9eb5-bfe25938a082", "d560971c-9273-49e7-bc26-6069c3478976", "cd17180c-f301-4608-8c73-020ffe9ec7e8", "d5880a3c-8837-4c59-9962-b6b6aa17b9b5", "ff76fbc3-a6d4-4c56-b78d-7eb007b9822c", "619d8ce5-a458-4376-b203-3fa85af4d0e8", "e4cfece1-7a0c-41ba-9f2a-62c166feea11", "1c1588b2-288d-4355-aeea-881914a2ced6", "9fbd25ad-223b-4f48-ae31-a5d507e60242", "5262c9b8-b672-4add-baa0-441df4a19567", "4a80e9e5-1165-4cc4-a439-fdd7b29dd202", "f3ca5f54-40dd-4a9a-97fd-928f1686c1ba", "f078597b-80d1-4cb6-bb74-a2ea4728f9da", "cba65c3c-f838-40ea-93f4-e745f3ce5822", "dfc8b228-593f-4868-aa67-70f48ad4be2a", "49a9f441-aeb4-4d71-bcb6-2d6ae3e0d0a0", "2389fbbf-1d7f-4e55-9a1c-27510e291edf", "17a5a4ac-a868-4dc7-b576-313d74226dd4", "1ac3cf07-44a6-4a9d-8af2-1d25967550c4", "cbb05de6-5299-47fc-a725-0eb1f08d5c67", "1d743f85-3108-4b7e-97c6-1d8e2e5bff50", "7a6f7a84-6a7c-4e94-a408-8f06133d6cfb", "b78da2bf-5ee9-4ecd-bc87-c89b044a2425", "57810974-8e13-402a-9904-47bc5fac2fe2", "d199ab68-8f46-4f0c-a876-439fe36e837c", "11bdac0b-ec2b-4647-bf1e-2c0bb5d012a4", "cf626554-d036-42b5-95f7-6d2196a72a50", "a43da2f2-21b4-4fbf-8734-25c06e0fef79", "67ac89d8-65f0-4022-9117-9eeeb46c564f", "dcd808a8-ef6c-44a1-b8c4-5316ab187433", "48cd0716-f808-469e-9dc0-b23d97cf6ce7", "924cfcb1-16ee-49f8-a2ff-f3ce9fb5be02", "ae8c8db3-ac86-4485-9575-b984a5c46274", "0f1a97e4-12d1-4ded-aa38-443e3e2de1ef", "63364dbb-410c-484e-bd86-5fb2f9fc0676", "c6ea3e97-51c0-4575-a7f2-7e6b7107aa22", "dfde3d1f-ab0a-478f-a914-4262b66f7c6a", "9ce50510-18c3-476d-a445-c57f93e22b41", "d3f88b21-53c8-4fcb-8a2f-691b959d30e7", "bc184945-ce9c-465d-a7ba-1176ff1ebe8b", "a630801b-8b02-4b55-9ae1-dc6534bc2236", "d0b7abf7-6c73-4875-8f9b-7a47d6297f89", "05459ab2-227f-4da8-8e1c-49fd1bd24ca8", "6250302b-13fd-4362-a379-da2fae2e34c5", "e7bc1571-33a8-40ef-baf7-9892e235cb53", "24c8b156-deb0-4495-9cf5-168aa8d1b830", "bdb6d41a-2446-4c53-8bdb-f55effd18ae7", "4be4e30c-c6d5-4e7b-9578-d61dd6f5785e", "e2c8543b-20a0-4890-8c0c-47b3bc6d5eea", "60f27af6-22fe-446c-8131-2a73ab390668", "a7772ecf-869c-418c-9504-2937aca9495b", "c59e5efa-92c4-45cf-9359-ed92583006b6", "1b66e047-ce7b-43da-804d-f8120b16549b", "b2afb954-945c-4210-a9c2-cb00e1164fc4", "d5bf941c-7059-4d0b-ae0b-ac0a3e5b3f6d", "9e3fcdff-b6bf-4746-b455-5e46c20c92fb", "9f459340-5b38-4713-95b2-044b1aeb853b", "2533590e-d0e6-40e0-aa77-3178875b471f", "4e5253af-8d64-444e-8768-073338c0e2a9", "2aeaca52-8991-4b87-a920-c33ceab69af4", "5ed760a2-ff4c-44c7-bf23-0024578d96fd", "aebb8e53-00a3-42f4-b67b-44718d28ee5c", "82de1d66-964b-42b5-9de7-017b18eacf55", "eb8f71d5-9171-4536-a07d-77f0b928e4cb", "0914186c-839d-4234-8558-ae1686d908ad", "d969ec5e-5db4-45d1-9c43-7a8a4a2fa1bc", "bffc1041-d298-4040-839e-9b6786b98fb7", "84a09348-a79b-4a0e-a76b-152d6064757a", "679da358-1443-4faf-b1b0-c1ba00e440c5", "f7424452-6d39-4fed-9b21-b29c5b7ba310", "f62c09c4-8887-4aca-9664-821d7dd61d1b", "3695754e-e1ec-4a4d-840e-51a1310f4bc9", "2a1185f4-3887-429a-9a60-e50188dcc07b", "2ca03113-0d48-493a-a7bb-94c70c3336db", "08d1913b-b72a-426f-88d2-094c62b6c663", "f0919764-0764-441e-ac62-77c0b7729247", "b962ce6b-79dd-451c-8690-ba4a11f7ca67", "d0abc4e1-2ae7-46f6-aa10-d4d12a5357ba", "31e2eec8-b0ca-4289-93bf-6d9f0ed2b45c", "38e7311d-4ebe-4363-9f33-09b49a0cee42", "3549eb4b-3a1c-4d7e-8415-3b3adb04c93e", "bf05fd9a-4db6-4980-84b5-6b27dbdfe231", "ed43b694-6c5b-4de6-b58b-f802db4122c1", "712bdd1e-4c8f-4132-a27f-6700c5230e1e", "e1f4ae61-e776-4008-9848-c3ee5a092799", "7cf4e007-3820-44d2-bd8e-e3b8f8834e5f", "7f7ad599-7f49-4d81-91e3-213cfede5481", "16c6df5a-a96f-4ea9-b815-8a8f03255140", "196ec9d2-711c-4b0a-b563-b337e83bc01d", "7b85cb6b-5f5a-404f-afc8-ab5c9766c7c5", "4f5fad0a-eaa2-4047-8374-c3056d16309d", "0619475a-58b9-4ede-b36e-013cc9ac1d71", "a0103544-3cad-4193-ba55-d15588770eaf", "362cc375-36dd-45d3-8cce-db70c1eaf592", "4587635f-5e69-4686-b530-df17e0eee36b", "4063828a-cb2c-4880-843e-489995d36fbd", "98c1dc47-4ff3-464f-9555-e8b3399361be", "1e066b10-2d14-42f6-8a38-11f13ea3d7a9", "a9b8e52e-8d93-447a-8d35-6de9ebe1159d", "271e9c06-bf68-4aec-8386-363a12e4aeca", "6dd6485b-a577-4c78-8259-eb7d3f17a365", "fdba1591-0249-442f-8d01-59e9475b32ea", "8d46b749-a6f5-468d-9af5-004b2a716f63", "dd734710-0b13-4238-b176-3a3328e7d4d8", "1cc4a841-b46b-4728-aaa8-6871b3c183ad", "d5185188-573d-4cf8-b85f-d0da715bac6a", "4f66d665-99a7-4a1e-9cb3-d7bad1f50a50", "d6f9a804-0661-43a1-bb36-31883109ece9", "ec2abbbf-2d0b-4b08-8a15-335f55fd3eb3", "81699491-83df-48d3-9182-0830662665bb", "57876678-07e3-4671-bf8e-3cb9ededdf28", "101d40b6-1b60-4369-89a3-ccc83fc6eb9d", "a424faea-88d5-486b-9007-8d93de6eec65", "aaf3f400-aa85-4a9d-b5aa-42c0425bd03e", "bcb038a3-4f2f-49bf-bad4-2964b826118d", "9ceba9b5-b40d-47bf-a9f7-4dbe33d83e9e", "8810d0b9-5a87-41dc-b9f2-4cfac46a42ee", "382c7a28-03c4-4a1b-83e7-e474b23947eb", "24f9faf1-82e6-4a73-b6f0-a1308a525d6f", "da9dda38-d644-430f-b645-a3b2bb727fd5", "7cd4eecc-6d48-485c-8e3e-04fc22f34ffa", "eb854ae7-cb5f-4ac5-9d92-e70f7d5bc80e", "0ef9bf10-18d9-47ca-ac38-9203b1a39dcc", "e631b903-7eac-4bac-ad19-b93fb98f0ea8", "5cb47c23-db62-49d3-a76b-b852326a645c", "4ad05c08-9497-4f4f-b176-83cdfe6d7365", "788257f7-2242-47e7-a402-28b2649464be", "767e02e1-244c-490e-87d4-31041406fb56", "23e36138-4063-43d1-90b5-fa25c4da7f0b", "b249191a-ff5d-402e-bce1-2db1573a9b4d", "b883f07c-24cb-419e-9068-32cd9be25334", "60fe64d8-a4bc-4ad3-b9b2-5aca52bdefff", "d3426433-5b5a-4c5b-b19e-d691de81b425", "4b2130c5-8c9c-4483-b83a-ce6fc524758e", "c2acb49b-4fe5-4ce5-957e-535cbdbc5206", "e3b17ecf-c3fa-4a34-81ee-12b370525e2b", "5831f6c5-ba71-4e60-95a6-f9588488a57f", "afb87398-f015-4591-8a20-7a0dc72654c7", "f8b4fc5e-2ae4-49d2-9e48-db92ad743bf5", "3af0c98d-d5b3-4d25-9d3b-735eb4456614", "ca5f2323-a576-4afb-aa40-62fe799b8f46", "5ebb2821-c4bc-4dc9-ad4a-a69990be8df9", "ad755e72-a385-47c1-bbfe-3b66452cb1cd", "f9cb474b-b80a-4060-9111-0ca77f9fb660", "83c448b8-2537-4cb0-960f-93f5a43fa4f8", "4ac2cd17-10e2-4b82-948e-3e5d6c4b961f", "45462c6c-e082-4d4f-a09d-a2f9b3f6e837", "94256b39-6f8a-47ac-b542-6e57cef01b47", "7a8e93eb-5835-48d1-9ce4-12f789946d12", "8887ae35-898f-4cf5-a008-7c3a71fd180b", "3cf76a56-958c-4206-a20b-2b0514b32e5a", "54b51ca3-ab68-4b80-8cc1-172509321525", "26032522-a2e4-4ec7-ada8-90c34647456f", "e3cd31c8-de49-4233-a1ad-c4c6fa4b3bd4", "3cb678b5-a486-4e5a-a415-a376c7520520", "0445429c-80d3-4373-bfac-c439b3156c61", "d693e574-6d17-4faa-8707-23b7bcc76a61", "81df55ee-af29-4fac-b4c5-a7de364c3261", "c29320ff-8e75-4b77-b016-18e1be25d01d", "3d38c5a3-9bfe-444b-bad4-6091256634a1", "a9daa784-a625-43c3-8a68-2609ecf11533", "3abcefe4-ff1c-4359-b33d-20767f5fe8db", "b10dca99-82d8-46a2-9518-17125e3ee528", "66d285c6-9c50-409f-9a2e-4808a260d981", "739b6d65-95a4-4c2c-b417-eb471d431990", "28f0353e-46db-42ac-b473-2cab6017eee1", "f692ffa9-d1ed-4146-b3a2-e12f5c06f6fd", "247d7216-1186-46bb-bc3f-b1a64b730031", "f6df5c1e-e4e6-44e2-a72a-2810c11b952c", "58e87b5a-7cfc-4a5e-bb05-d3bbe7d5f904", "eba37ffb-e55f-466e-8630-7b7c8573b5c5", "06409ace-c115-438b-90de-c266dec7bcc3", "a02c4902-f06c-4abc-b332-bf94ae53270a", "bf2bafcb-f5cc-44f9-bf0b-25de3d51351e", "90cc6ca7-19fd-476f-afc8-b4312ced97be", "38a76a14-2d59-4a52-9294-0cf5c1cdbe87", "be070a2c-cfe9-42bb-a1fe-6b449c331206", "d6fba244-f3f8-4955-98e7-834f858c2635", "17d960aa-0e43-4517-ba8b-6087e36d4cb3", "b1cb3431-38f8-4596-bccf-710945c36b4a", "b66e9fb7-e472-48a3-8d93-2ceaa0d14134", "bf963b7b-a306-4b5b-bd51-41806902c9f8", "af46d5a0-740a-48eb-a6b9-dfc329320a3d", "d809f4cb-d156-40d2-8ed5-8a14468c9dcc", "6b97c323-a8e4-443f-8d24-06c4d197a061", "c679dc11-a409-4270-9a99-8a73330ecb2d", "9162e014-a9ab-4e6d-abed-9ead7e90dc54", "a5dbc671-bbe1-4015-bd00-babaa2521ebc", "b675920f-e07d-4ea7-82bf-ea02b40dc9be", "1021f3bf-f620-4585-ae1e-85388fc6ddf5", "e39cdd10-b634-4b23-afd8-3fcd30cec54f", "8629604b-9ef0-48d5-98d6-56cbb47dc7b4", "8309b7a4-1eb9-4da5-a94b-e57b546276a0", "2eb7be2a-7b48-44ee-a3a9-98b1bca6c1ae", "277e03bd-6f1b-48d8-8df5-8e32cc5cc5d6", "5f20fe28-92cf-4d58-b15e-e5b94c8b74a0", "5ee87f5c-b11a-4472-81fe-25db52273940", "464ea157-450d-42c9-87a9-bd60c4d4d52e", "c51592e6-3b48-4d59-9b1b-b744d43826b0", "2dd0d052-4bdd-45db-a188-0f139d953bc3", "797c66c9-eca2-4127-a804-f8b3c06f3c4d", "37878cfb-5e98-4961-8440-ec9729abaaad", "41579097-0879-46d9-b264-fadf4f9f1713", "a15f5eeb-4fff-46fe-9496-0ee1fa67ee58", "d2a4afa9-d409-4183-b7c7-64dbde3d07d3", "a827efce-862e-4d47-907b-d619d44bcd75", "33432c82-5e72-4e72-a43b-43db723e60df", "fe4b5714-f176-4545-bcaf-8087a8387fb1", "ad7f2636-e029-4d11-9e8f-044162977f98", "7853ab46-134a-437d-861d-673a5fe3ff56", "a72df8ee-9ef8-48ca-98f2-493e326ecc59", "306b4071-b960-4f9e-b3d4-ceb24cc39cad", "6dc0613a-cbc2-4f13-ac7e-9a3408f40f3b", "6d09702a-bc5f-4956-8e42-9fabda905219", "45ec6840-401e-4ec7-82f7-cc8384aa0bb1", "f12ac3d3-d682-469d-b5a9-486282f18a4a", "8aa9a2c4-f706-41d8-bcf4-39299628c04a", "bf8a9c83-b646-4acd-9b0f-a645654e5f18", "d816b36a-67e8-44bc-91a4-09bd95cfb8cc", "8fb7c6cf-a208-4c9b-9643-3d38acbac570", "b700e670-f061-4273-98ff-701c5ec8f36a", "3baed922-5012-4059-924a-e56cc9897a9b", "e717653c-48c8-4502-ada1-64a551acb89d", "238fe926-903b-404d-aef6-0e06b61e791c", "fc98a23e-a558-42cb-801a-406f2b4d622b", "ba741116-6e0f-457e-88e1-bf30493fda44", "29887441-be5b-4f9d-bf66-799207c310ba", "77a2f620-2536-4292-9af2-c5823df91b17", "25cc0af1-9a3a-4848-9e90-c99b7466d35a", "f232ae61-0d64-46b1-99eb-68092590bae2", "807b6dbd-c2d5-4760-8923-db87023990a1", "03457655-a738-4df2-8fe9-62c4488f59a4", "96f8e126-d6f4-4ce3-a5f2-e8046ae8c236", "d9e216b0-3fee-451e-924c-c98a89e9b9f9", "6b0e50b4-09fc-46ce-afeb-6e77058e6e6a", "6643a4b5-3a44-4bf8-bcd1-bb27bd70c8de", "9c9e19a4-673e-46a0-9d2f-8bc1918529c3", "71e3acc7-cc04-41b3-bc7e-a36644b8f865", "aaea03ee-739e-4f85-9d15-8decb78f9cc0", "2a56495a-830c-4c65-8a2f-15764a80689b", "5574de2f-245b-4a9e-9534-f7d6474c85af", "4912274c-ae98-4cf8-968b-6b3cee36e3f5", "58cb3998-0e9e-44ef-90e9-26d94613dbbb", "31b2ef88-1e95-4480-b1b1-5ccabbe6aa58", "3176bea2-c7a4-4c02-9d4b-f76f21e9f870", "a1f5bc04-360f-4ef3-a3a9-78a732c3144c", "9af206d3-1544-4cac-8149-9ec9650d15f7", "88585eb7-3e60-43f4-92f4-19d57c0f62f7", "a23f1183-1999-4d1e-bda7-6aa411b24179", "b965bc79-399d-4a87-8345-3d84821e812d", "5c373af8-8466-4025-b9f7-73e31139f96b", "e8b2463a-e21b-4ce8-aa1f-73bd9ca4e4b2", "67c73b5b-0df2-48e1-910d-ca36eddc800d", "82c0e836-4f45-40a8-b4ca-ccc0403b43f3", "60f911fc-9bc7-4a15-9e7d-7f0b3aa11e98", "f8fca3bc-e759-4419-9dcb-87d5bbcc2c44", "5f84bb8c-4354-48c3-8f82-8046d604eb93", "d8902077-1c85-4f4a-9cf3-4673514bfe04", "e532fca6-7ab8-43b7-b606-d14a3b3fdc7c", "fdada14a-73e4-420a-8c4d-a5c83b27260d", "0e279f51-70a5-41c2-8c0f-48c35ced0a28", "f53c8c98-03f4-4a61-b4b5-ef141fff5a1e", "11b8827d-5fb5-4aa0-b276-21fe7a7e64f0", "9f82e78f-8937-4ef8-9a3e-4bb7fc9b2381", "daaeee10-de8c-47bd-825d-df14725ab34a", "875ac044-f6f7-4343-8c01-1d6d4ba86494", "c588d8eb-59ed-48e5-977d-e73a29de9a8d", "5f1eeec0-c00d-4b86-80e4-e42742e604e7", "dd7b8e39-fad3-452f-a56d-dfaca813364b", "62ddeeba-b3c5-4233-b800-c8560fc30d31", "ad597600-6728-4974-a5ab-0c7e6d99cda4", "e0dc8e0e-9a8b-4300-bfbf-ef38a56f74be", "67932514-80e0-4afe-b16d-c56d5c8b1c3f", "886fd8ef-91eb-4c52-9d36-40b5729cc5ed", "6d3e6f08-4778-4ca4-98c8-017161adb91b", "dc73f841-932d-4592-91d4-d2b8b4151137", "97b1d38d-864f-416f-875b-5af059601502", "f9d11fc3-1c39-4a2c-8c97-88452899a7af", "fb3d1be8-dcdb-46e2-9e2a-9539a98f627d", "cbe97984-1d37-42a5-9787-9239b03cd401", "2742dfcf-d110-4639-952e-86ac9eb75069", "c01d4386-cebc-493d-93d1-aaa974745c76", "b244345b-3579-4a00-b87e-82dd5a9fa418", "50afe544-d75a-4e16-97fd-4db608d0e0cf", "e67c35a3-6d5f-4aea-bdeb-16d749451219", "876f226a-0eee-4188-91e9-4020fe67cbcc", "f203b569-7e7c-4d4d-8289-7a6f484ac009", "2536fed6-2981-48c6-a391-9db3a845ee21", "2fb7c1dd-3247-47de-b095-b253fdeff476", "d3c1712d-f11c-4544-b2da-903a070fd440", "c3f730e2-78fb-491c-953d-7f477a013ab8", "6a5bf7a6-843c-4510-a4b9-595f54ef95b0", "0dd5aaf5-2aaa-46fb-8681-3c4e2b86ab4d", "05931fc0-4e15-4e5e-bc89-b7933ddeebc2", "141b0bfc-a772-407b-8b9f-e0b635065bec", "0fd9e96a-0614-4c0d-b25f-d4b4a4388e20", "56eca2f8-581d-449a-81fb-450ef47c51bb", "9225ced9-1eaf-4338-a0e7-409f16e3a15b", "54e0d206-2efd-472a-8f75-9d1c1a881652", "ca5232bd-aa93-4bf6-b483-2471ff7e352d", "03fd645a-40d5-4018-8248-fb81af0dc7cc", "cb122663-1232-4517-83ae-9d4ca41239e1", "8252fb9e-2b29-449a-b3aa-a376db3f16ce", "a935ac13-6f68-4688-ab2f-e04635690a15", "6a44168b-1fe1-4fd1-af50-e5487a642730", "2f5d5e0b-2d0b-4220-9afd-5f44c8b34e90", "ddff9adc-c31d-44db-b0ce-e801a194cfa6", "821ab7b1-3fd9-4966-bdb6-3804a95c62e2", "e1002ee8-3369-43d7-ad31-0d4e872b7d2d", "09ba4907-3a29-478d-96a3-1b1432de3a43", "3948734d-7d39-4a5d-a085-f1e90e904865", "2531f53c-dec4-42e1-9ede-93a56523c450", "04b0d947-3083-4d43-9f0a-8bc670337ea5", "0f0110c6-06b0-4247-a35e-2954b1a88335", "dc093609-b2f1-45fc-93a9-ee94b8112a1e", "922868b9-cc92-4024-8475-e4664b7d93b3", "f0d66693-04c5-404f-8b49-32aea0cc7d25", "60e972cb-3885-498b-8cb1-52f7f814d992", "00f3f306-7f48-4134-879c-17ce0d602b45", "061c9dc7-5c4d-4607-a443-cd71dc5c27b8", "0f802e1e-5f79-4166-8cca-87b87885cf94", "6fa64924-3d3e-4660-89a0-db65d4856d19", "9bc17093-4cb6-476b-9f93-d21ddd909bb0", "7c453f14-66a0-4edc-bffe-5da01bdb1126", "9f838921-1847-43dc-97ba-23521f626a44", "50ba3629-5a95-405d-99f8-5cc3d6f478a9", "619db6df-020c-4353-ae9d-08f5a10102d4", "c352cba5-8678-48bb-9b4f-50de821117cb", "62d117ae-2c58-4d92-a1cd-b68221edce24", "4ccdfdc3-a586-4e56-a46a-a3a7e58491a5", "7a2bea74-cadf-4bde-8cd2-dc39e6911443", "f5c5693c-01e9-43b4-8fba-41dc45b0fbb4", "f1985ff8-2d6a-430b-8161-a38e9f914d9a", "bb21f3bd-03d1-4311-b721-0aa01b96c375", "b88a362a-f9a7-48d4-95d9-9160620b587c", "f0d3a7c2-8044-4ed3-b370-4a9dec51e6a4", "b8b98935-b1ea-40de-b2ce-c2a7913f2605", "c52e747d-5149-48c6-9594-f8ad53938989", "27f9e159-238b-48b4-b0f8-813a6a72e9b9", "ca80affa-ef33-4ff8-9312-4676436178be", "816e1dfb-fe73-43c9-8a3a-c8b2c2e4435b", "8fefdc87-256d-434a-8c4e-89e4124792ab", "c3e7d14b-87ab-4043-8f3e-a85583809f45", "d3cf41a8-c273-4a39-8a2d-9e33ee38cc4e", "f8c984bd-638f-4d5c-93bb-c8b2ace9ecd3", "5a048adf-3c5e-4832-b807-18ef2be2ff38", "fd16a3e2-88b9-450b-87da-c2d474243a2e", "87e36a25-0ad2-4ea1-b1f8-172892552337", "c14f7b41-8869-4ea7-9e21-1b6097a4b057", "f7df613c-4fa7-4d56-bc95-3ac71f283427", "5ad1e1ef-0e86-4683-b2cb-439fa621301b", "bb146724-a313-4a33-9605-b2606ae6c62e", "4a774fed-086f-4629-aed4-2823e555a386", "f04621ac-6f39-492e-8ed3-80749bb1d3b8", "a8109e5a-5d29-4645-809d-63f7655c387e", "c3a2f776-7b95-4fc1-8104-59e9abd7d190", "bfff426e-aac6-4f31-b0e5-38360bb917a1", "a852542b-1567-4ba7-b05a-ed6ee29671ac", "b3f0b085-7637-4e4d-a3b1-079d467f0d60", "93eb31f2-98d8-4e3a-a2a5-118c22dab09b", "b77bb7b7-15a1-49fa-9137-02cc60debdf4", "21fc9719-2b13-4aad-a3d4-6d15c219c1bb", "9e62022c-9310-4183-9c5a-0ac20e5fb766", "25f96acd-1f31-45f9-9b40-625e0aaa2eac", "054863e2-e54d-41e5-891d-7b248100f891", "97df3c3f-7f3e-49f4-b069-c3583f088f67", "05eb7a29-9051-4e0e-87c4-fcd37eea6ac6", "ab496b79-a5a5-4fde-a403-c150c2ce261b", "6c8dd5c3-ac11-4c7f-976c-d62bb7350ced", "1482063d-a97a-436b-b568-94e8cd50135d", "f410b40f-9825-4372-b905-04eeeabb2088", "9f07f5e1-78e0-4ac4-a911-bcb3d5a1052c", "3a9c63d6-1d90-45b1-953f-edaa6103588a", "5ccf02e6-8b36-431d-8163-52756b6c3687", "6e379c66-176c-4d21-891b-1ccd4c6c51ae", "1db962a2-9395-4d81-86ce-390f45473882", "cd390cd2-f4bc-48a2-8bbc-2dadfdddad7c", "7842fa72-c70e-44e9-8e4f-43f05883ac5a", "843155e6-b200-459a-83e1-0772011e82e7", "b91fbcbe-6612-4fd3-8bf0-e8aa6c525262", "0caa5033-2554-412d-8c8d-53a5ad815cb3", "e8763d67-bb08-4af5-8f1e-b31dd47e4f9b", "b20cbd95-ed8b-48e5-9f86-8ced16704a0b", "fd235e04-cee0-4fbd-b93f-09d8a502da4e", "b0a2301d-e3f6-4aa5-9983-41c91d7d18af", "4f45f13c-4fbf-4dcb-b592-3ab838457b45", "7d7704f1-eae6-467f-93e0-a326eeee91b6", "61f32d50-b2b8-4f79-8fb5-47496472c85e", "2bd54ab0-64bc-4c9a-b93b-4e1b2198780b", "6e502c3d-7ed8-4df9-af02-46872b753283", "473da4cc-e8c4-4c5a-bc3a-7e4cea629533", "8e36db05-ae88-4afe-982b-c21260142dda", "9d227c74-a0ca-43dc-8798-3f0dca962165", "1969695d-b299-4082-a703-b59b5017200c", "59c53790-d508-4458-be10-7c2e5a4786fd", "44206f95-8cf7-4a4f-b0f7-070a92b6cdb1", "1384484b-975f-4e95-a9d3-f1226fff94c9", "9b785620-f5b7-4885-af86-b64b69bbc7ba", "a06f5e8a-1f14-409f-aea5-85cc14da5b4d", "dd1a1aae-e39e-435e-acdf-f2e5d2146fa6", "f34f4335-d838-4b35-b738-ab82addbed40", "987a3b46-b013-4ec2-9ad7-d3635599d48f", "3e067ce7-f2f1-4379-a8c0-753dc5cddba7", "cbb239e3-890e-44de-a61b-ddecaaf2cd7f", "1a098d96-e345-470a-b69d-bc63fc4f0a9b", "0fd12e63-d29f-4a3b-b296-a3b080749c69", "0ec74d77-4545-4c96-ae72-f70ab62b7be1", "298584cd-2947-4c03-867f-c162e49208c7", "be1cb60b-cbe8-4e09-8ed3-47ea0687f81a", "1c579500-02af-47eb-b6bd-4ed4a2179d4c", "e5922a5a-212c-4156-ab41-4d7f4f5b0a98", "dd0628d6-ceba-4791-a32c-aa260137e362", "b4a32ccb-8aee-485a-8f8b-925e310b7dcc", "3643e534-fff9-496c-9cd1-415879981b03", "3a9a795a-1a9a-4232-9684-2c1b34aac9b7", "99c6a56c-0085-4472-8190-7332ed6d4091", "1734eab3-127a-4436-9a9b-3328d83de7e3", "d424c7c2-11dc-4bee-a16e-f911426fd875", "e6006834-5a0d-4ec8-80a0-d03e631df2ea", "598c49d0-a682-4179-a276-1d0853f521cd", "2a44ad1b-7dc4-4d59-8236-f1d3370730ef", "744f2a2d-850e-4f5e-bc82-ea5c567df9f2", "3d241120-cf73-412f-b037-f7d4be7b284f", "e51f4a5d-f191-4d66-b3ff-cd6664c9ec1b", "372f9c69-a220-4851-a936-3f8dae9b08e4", "a4d90935-0be6-46c6-b6f7-199c9fd4c7c1", "2c20473d-e277-4bbf-bb80-e5734d214505", "e0c6c97d-5c4b-418a-b0c0-a73353c93f0f", "3918843d-5fd3-4c66-a5ad-577741e53e65", "34be6e66-7cb0-4cf4-afa1-346d5fd47ed1", "945d1f9f-fab7-4e59-af21-241d7b35ffdc", "38fff677-8a7a-4e3b-854b-949549c9e701", "75c51500-837e-4035-b6df-48190a8f5671", "98e1cd6d-9efb-4da3-a5c3-5a722dc93ba3", "c7fb2b6b-f3f3-42a2-935c-31f8001e5244", "a40ddbce-efbc-43ec-8254-eeb3e5a1c9a7", "522ccc13-5c5e-46d4-8404-a323744d7e9e", "74a7cd9e-7c82-47c9-9cbf-231d9c1d9c72", "fa0fbde0-b815-4a87-8564-077be83faa6c", "b20a0705-f396-4b08-996b-95217fc5d784", "fa1ed924-1f7c-4310-a0d9-ef2cb056898d", "d9d9d186-3677-4899-a6a5-6811277ef574", "0c28efe4-b3b7-49fc-bb0c-f6f6333a334d", "f00aa4b0-d67d-4dbe-81d3-71dd387d56bb", "1adddbd3-660f-40d1-a580-f260304fd609", "59388318-0807-4a6d-bae9-7da34cf54c5c", "d7055ffc-4de8-446a-9b4e-621cd0824e1f", "a8bb1b89-b0ad-4be8-a82f-23da2247b7f3", "fa878deb-afcd-4096-9ccf-dc54ac2bea83", "9e03c584-2cd5-4614-a627-8bcc353a2ddf", "11a9ad6e-8f13-47b1-a1af-07c59e685f89", "3ff8b20c-2ee4-4d3a-9a6b-786231c434e3", "d003cd9c-29e2-4c9c-bdb1-a40f399fe418", "20096312-260a-442a-b1ed-37ca48d08ce7", "e83eb2eb-e68e-494a-97f9-a617ab91b219", "36e4c6ad-3362-4a8b-b244-0efaf625870e", "6de5c457-c1ea-4ab9-a98e-bb19d30f6e4e", "3591463e-04d8-4a22-b522-98ff58dc5f40", "7ea6a896-6e2f-452e-80be-d3e11231f998", "3176a33f-2608-4eaf-86a8-7fdac562dede", "db907373-d73f-4372-b574-ae550f2767de", "420bf7cf-380e-4574-8d81-965f82d13553", "bfde4d05-12d8-4292-8a85-bd7a9307764c", "643c4618-96c1-4cfa-8ef4-5679d5c7ebf7", "c49b6fc2-6683-4cd1-98c2-ca8bef152856", "6c64c8e6-f931-4abd-af80-be06011fee69", "1551b9aa-c0d2-4c72-b98f-38e0123289c8", "382ecc35-dbc6-4b82-96b2-ccc8e3b758b1", "c68441b8-dd0e-4225-8c10-9aeaf7013806", "840e6808-87d9-49ab-928e-04b745f7b7ea", "4fb88a39-3ab9-4319-aed2-3eb0bb3f1c55", "4da41b0a-d561-4273-9798-9997f5fc033b", "8f0447b5-1fa2-4546-a7eb-9ebd53cf138f", "9c2dd81f-1da8-4dc3-9333-188ab7bb8b57", "35c629ec-8f58-4f0f-ac7e-1a9048671cbd", "89348f9d-802a-4b00-b2d3-1301cceca2cf", "49194d4a-e472-4453-a483-9f14932242bd", "f61271ae-7c89-4f94-9646-31e9673468a8", "0ee13a3d-bc72-4387-8618-6c91fd469efd", "275a9f39-204e-4696-b955-0c807198c526", "dc4785d0-01e9-4b84-8763-77d790c909a2", "351bb1bd-ea87-4c2a-9e7a-644f5b1fbafe", "e29781b1-8594-4267-9d8a-3c66dffd2b00", "a57dd32d-8087-4d27-923e-1f3e399e1798", "47e2efc8-fda1-40ee-a975-250ecea8218f", "7494aa3e-e311-4020-bca4-c1fb1735816d", "2455db84-5eb4-4ba8-8ee1-101ba737dc86", "77d7e3ce-43a1-4a50-a607-5131389924fd", "dd013005-771f-4aab-ac73-da5b79d17857", "0518887f-e71b-4bc6-90d0-0ddb87939aff", "ef9a0c3f-e4ed-4b28-991b-08cb300e843d", "2dbda8a7-2634-4edd-b4d9-baa779583632", "be4a0f30-cf29-4e1b-9931-642f94e443f8", "4efc8d44-3b11-4139-8638-00f728a616bf", "5b86e126-9953-4f96-8fe0-4e85ccc3e9ce", "7ee5760a-8249-4950-b1e3-edd045936db9", "da785eca-7af4-40fb-80c6-d8e354c30634", "7092a911-d13a-4b08-a30f-8c9acd8a1b19", "1f98b872-9495-4b0f-9d04-5293687a69fb", "8482662a-45a3-415c-99f1-6bf92c3bafe5", "eb602560-9ad4-438d-a077-5d0385bcc3bc", "728e731c-189b-4a59-9a6e-45c5221db625", "804c494c-a92d-4c76-82db-b2e10d505fe8", "748c08a6-c55c-49bd-81fc-5472e5c85d73", "2d1caa80-7505-4682-b7dc-70c917dcb293", "fd0f78f7-ea97-46ec-8cfb-f347f8619fcb", "c9d77766-dcb8-4af6-bdd0-b5be7cb9867f", "dfb5ed7c-1c4c-4e0d-a439-c609bf80b940", "dd0f73f7-5723-495a-94b1-9c8fbba247f9", "42596635-1a01-47ee-a48a-8aafe038671a", "22d4c91f-b1c8-4a1c-bf57-a5e2ad0ba78d", "0ea19541-093e-4a2d-acb6-621ed8ba2d2c", "badcfa3e-8c27-445e-9c09-b1766ba261b6", "ab1f124a-1caa-47c5-98df-19f573e77978", "3a683afc-b410-4664-b132-af126ef9ef25", "08af65fe-7bd3-4cbd-86b4-2e9de01078de", "116c7a3a-32d6-455e-9fda-8c7166bd4533", "d056c0ea-857b-4975-b2a6-ba1857b08334", "409a656e-bc1a-4d1b-ac78-320d27cd4440", "b7d00f5a-bca8-410f-94e3-d1fa8e6bf293", "a76aaa46-3cc0-4a9e-9b8f-0fc5d544b639", "f0ab7cf1-e497-465a-92dd-2ff44ff76126", "58b44914-5912-4c2e-bf15-38f9b66989c5", "f4c1269f-1e54-45a7-a14a-040a6ba4790b", "b9f5cde6-6c7e-4daf-be09-be66948ec0a2", "59875474-6365-40cf-bd96-0cbeb0842b39", "3b731dda-284f-4c9d-a2c0-aa6c2c1a7128", "a82db656-b4d1-46a0-9085-e5a9e0548b7a", "16b57bd7-3904-42c9-8e2b-329f2f1d1984", "fdfbc60d-012b-499e-be34-23fcf9acbdd4", "051922b1-9315-41f1-87c2-5514ddc275a1", "401bdf40-1f1f-4667-8209-08fd754a3d11", "cbc0709f-28e6-4468-bef4-ba2ca743a84e", "0e8251b7-f147-401a-b6b8-0b5e38857fa5", "ba7ffe5a-0dd1-4107-987c-6f469dcd2404", "a18c7570-b8db-4625-837f-1245ab69b5a7", "4c6af709-9f65-499b-b6c3-2e4e06916a76", "9839b7e1-c8cb-4386-bdf7-c338d7b37746", "132f9311-f566-4b6e-96f2-496b2ef5825a", "8d6db9d2-e4da-4038-8ba4-53c5191cfef2", "ab31c43b-963c-4480-a0d2-1599d313bab2", "4abac2b1-b836-444b-a1b6-55a00ed060af", "32a8493a-7fd1-499f-97be-d20626a5bf7e", "57e15f2a-0a07-4bbd-b79a-27ad242d73dd", "2ad52447-162a-45c2-a5ec-4f414cf7f77b", "484c5cad-ec7b-4c76-9894-b518b1e2edee", "9dde07d0-6efd-411d-8b99-740596190840", "ca91fc10-b356-4f0d-888c-96e90ec283df", "5907d09e-4340-4e1a-b9cb-0e4f5f4ca02a", "7a8518b0-5a03-47ec-9ed8-09e90a92e132", "39a28071-ad14-4be0-8637-45e92e2bf1a6", "92cb7b6a-6fd1-4dab-932e-a3acc4fe4f62", "b23fda26-8a4d-4ad1-9501-d2f501c77d52", "57ed6f7b-129f-4bf8-b40d-2f8f74822d64", "ce9d70d3-6317-4230-a67d-356c299346d1", "345211b4-8afa-4fec-9c70-5d1366da6691", "757d3c31-15a3-4caa-aea1-cc3b5b72c784", "a715a9d7-971b-40b2-9e59-213a7dcdf19c", "46849b84-8fb6-4ad6-afe1-61d3bd5a5386", "815bdc70-e2a9-4af1-910a-bfe3ef0284b8", "69d203eb-7682-45b7-a2c9-ba5e36054c5b", "4d4faf24-2efe-48eb-8308-2e4d2efb1bb9", "f8db9063-e23d-4fc0-bb4e-0aa939377379", "3d6b8abc-62a2-4db5-a275-4cc98468d82a", "28f7bffe-b860-4e39-a91b-bb248031fe64", "71619285-d853-4c4f-96b7-28f4d62bd0cb", "51b7b9b4-8212-4984-ab60-d7b9d3c027d6", "37dac668-2569-4edd-9e5b-6fb7f88037b6", "7c06a14a-2a02-4ddb-b9d8-7138dee566c1", "ae74f12e-5cb0-4e35-8b01-66521966e8ef", "aff0b092-46f4-4204-a046-547483b021ff", "37b6ce4b-0f03-40a7-bbf0-22478a1feff9", "7e1337ae-ce5b-4b53-a118-00fdcdcdcb07", "3fcdbb34-01c9-4ef3-a126-f637833f3d1d", "58883bfb-2e88-4d30-81c2-b112e24c16f2", "00b6a9a6-9f8a-4d12-bba6-3fd06474612c", "00293f4a-a896-4c7a-8618-16eb1bcc6432", "8d3079c7-f232-4a5e-8c4f-64f2b0017438", "08c09922-a851-4606-b87c-4645455a9873", "bf2d8604-d938-4c2b-a424-825383d5f8e0", "7d2cda1c-64af-4122-8fe9-bd18b7bb3283", "1ce36864-54fd-4ddc-ba40-a54525ff5a73", "a520bc5b-b731-431e-8667-b81eafb1db24", "d6c5eeb4-b34f-4699-a6f8-9a25cb827f5a", "ebbd7829-4491-41a3-b79c-3c03f71a176e", "ab9add54-a9cf-44e0-8a8e-03981a2688ff", "e700535f-f3c3-40e9-914c-518908958aa7", "803c36b0-cf5e-441f-9683-277d6eefa249", "1b63fd73-a444-4e9f-ae1b-28c964f00e33", "0e7b1a78-983b-4f25-bfae-424e5487c8b2", "3c8ecc66-5813-4738-929f-28c74f966486", "816746db-0b3a-4db2-85d6-200e0fb832b0", "59a867a7-1f19-4dc8-8168-169a75e606a9", "0de0b5ea-fd34-448b-913a-e8913d029d12", "80e3c6d9-26a8-452f-af80-cc6373c05835", "fa5730de-b1e0-4af1-94c0-5768ab16121d", "29b26a3b-5468-4391-b85a-3fb096bd2447", "60af1917-5787-40c0-9f74-b5d3c837fa0e", "f435a2dd-9b81-448a-a6fd-49896d0930d5", "bef05c1b-3059-4bfb-8298-df3246012e1f", "76513f57-4aa1-4d7f-9797-2516da4faab1", "3c04f1d2-9b56-4ae8-a0e0-d58c7d420731", "2665d133-1265-4552-b541-d06bf882ea8f", "a4873bfa-2b3d-4b01-a68f-a1bc08c4186e", "2942ebf7-e901-4003-8f83-5d8101a44f6b", "9795898a-f1c6-4fb8-890a-6343d2607bd1", "5fa543a5-fe61-444b-b008-900b1389e338", "efc26ba5-27dd-4f6f-af00-e86df7c13597", "da938f2e-b45f-44b2-b37e-75faae82005b", "2d32f8a0-7040-45e9-942b-7dc0b9b61fad", "de791844-8a87-4c1d-9bc4-a54c03b893e6", "a76125ee-f9c0-489c-aea3-5f349ac00eb0", "0f57cbdb-e1a8-4d08-aa08-2b757b554b4d", "c1b96deb-f6c8-40d6-82c4-f9ae84a7ced7", "374ce86d-25c1-44eb-bfc6-b37d85b34f65", "ff3681bc-d6e8-4ecf-9619-1980f7664fd9", "42ac8256-1dfd-4f6b-90ba-62c31ee28aec", "a7993e56-7cd2-44ab-86cc-7a3a21e4166c", "7503b9d5-e20a-43e0-8d55-da994d5ba5c5", "25399e4a-9110-46eb-bcd9-e1ddcaf78865", "b0f84b99-86c2-4fbd-9c07-d41de798aa41", "07c4a872-08bb-4eda-a7ca-5f480427ce9d", "f9fa5cfb-e301-49f5-9df3-dc409973edbf", "a845068a-705f-4f12-bfd0-ee47cdcdfbc5", "bf9c38e9-b381-477c-bdd1-b08512fbaceb", "7d080591-9643-445e-b865-85c3cbaf3dfb", "5c436efe-41f8-4cff-ab48-1053e0375aa5", "4ce3b9c2-96ca-4fb8-8141-191838624862", "58c9d790-3108-4358-97b9-ffa89f419e78", "98d16031-39f1-41bc-a6e3-9abe6952321e", "b7ae0554-a7b9-45b5-b889-8e4b7ee30573", "2ddbed3c-b152-435a-b695-057ae28a5cae", "32f6d27c-44d7-4919-8896-9ee49805a1a2", "234e4c5d-f3d8-43b8-b6e8-ef77605e4e1d", "ae9179c1-2f63-45d2-a53f-96091406061a", "7df1ffb4-6569-4345-819d-05d7a876620a", "11bac740-5d89-4d7b-982e-ea97beeea3e8", "eb2a8673-1d83-45e2-985e-56a34ab014c3", "d2186187-6c41-47ea-bf24-d03af9d7d2fe", "617390a5-cee0-452d-b968-d8f7e243fa46", "ab694e45-fd84-4175-8e8f-46fc62a1ff5a", "dcb69843-f541-47d4-af09-6960f844e3eb", "ea73667a-f4e1-47ec-865e-7bff65f24492", "27658820-5a76-4cb0-9c9b-790267cc0cbc", "4c9d3761-2df8-47e4-a7a5-1f1066943f0f", "5d50ba1b-1cd2-426e-b829-4f872a5fe35b", "ef7621fb-a8f8-4573-9963-777b9646bb16", "5d589d9d-03b3-4bd9-a3cd-4dae868c401f", "a035971c-2c32-4084-818b-648a0a814c13", "abd2e899-f94f-4af3-8641-585b6fec713f", "db8e3809-16cb-4096-adf9-e6279561c522", "29aa771d-f519-4cf6-8252-ffed684ecf1f", "ee851e10-6fc8-4110-a66d-3309af3a176d", "c1645d75-04bb-4a84-bda6-96b1d62ffc70", "c0c4bbe4-db1b-455b-bf8a-fa8ed5bee5fb", "7d1656de-640b-48e4-b26a-d1a3d1b34058", "57a1de46-3281-4a5d-920c-a6eb4b7f01f8", "79291dcc-c46a-4ae4-b516-5d1c359fbe56", "60a11cca-704b-41d6-acad-4ccaf223489f", "8c44df2d-ce7c-4db5-85d5-3c73b6b7c48a", "434dc1c4-2b60-463b-a02d-bb1789762843", "14b5b804-fe33-43c9-ac93-2efaff7db992", "e9dbf45e-032e-4fa8-9b2a-10923b6d737a", "73aa6bfb-3e3e-46d2-a01c-04ca15c76c43", "a1193005-8f10-41c8-bc10-3e8a9e6072bc", "b99e0143-42b4-4656-86df-8b5c91530094", "a67e5faa-9ef2-43ca-b801-541da633ddfc", "5695278d-6e87-42d0-92c3-583913fd9bbb", "d98ecabb-6d2d-4fb3-b1c9-384d66e2a4b3", "cdf96b89-a533-48e6-8c2e-11708699f5ce", "5c995368-0fbf-4c12-8317-35bfd86cb6ab", "47e1b5bb-e274-47e6-8489-905a4401d456", "be832d6f-07c1-4038-b0db-919ae875334d", "d49324a1-5476-4be8-b668-14d8b1778650", "1e72625a-184c-4e9e-b765-45724764f40e", "fbdfdb54-7d7f-421f-936b-e4370c524669", "c52f8ad7-394f-4250-817d-6117572f088e", "ce7d27a1-29bb-4831-8d71-e025a545796f", "45e19605-e853-4e3c-9ada-1018d5b1c722", "4b99e707-7852-4720-9b1c-c02b5d6cfbc1", "352c6d18-624c-4ea8-a1c8-5f90e03fd462", "cdf63eda-9cd1-49f6-9e39-8ec33920e760", "e179355e-1d40-4d0c-a5c1-a802d7345d8e", "d3bea40f-6545-4212-ab8d-ebabd2c09b8e", "6389e45d-6bd2-4caa-b2b9-9fb072958af1", "5c1cd0a3-341f-4414-a19d-cb2922316c98", "f0a3129f-18b8-4903-a5da-3e3b0838318f", "3619bb3a-e330-46d0-9769-4948eba8e4da", "921c1e29-9dc4-4666-b075-34b16979b04f", "3d22b08d-5f7f-49dc-89ec-3d0620f968a7", "d585604c-4d1c-427d-a176-9c4bcc566e23", "b98af43f-b76c-4b25-96c1-524843c6169e", "5a2aa0c1-c0f5-46ce-92be-3bedee49b54b", "d792873a-db43-4d31-b153-3bf84e2789e9", "49abc8ce-0640-4038-9e58-21d29d771ffd", "643768ce-aac1-4626-8e2d-4d22ee6c1860", "03d21f92-c0ba-43d9-a804-0ff4f3b5c3a5", "d811f9e2-dbcf-4f70-938b-216ac96a4229", "1efe3dc9-ddac-4787-a27c-420e7e058b0e", "04338f05-1258-4c16-8e2b-fabededde552", "a5d7fc5c-f060-4409-8c76-86f311230a1f", "29dfadcd-deaa-407b-839c-801d04f8a5ae", "167fcb44-4c16-45f5-a156-da55c819d856", "51e1a25e-7d51-4303-8c53-603749985234", "1df8391f-f5c1-4f60-ba0d-5fc16959f99a", "fc5c0f0f-9ca5-4f7f-9bb3-9c043467cd83", "d549df20-b688-4463-afa9-e5070b96786b", "bfa62021-e225-4ed5-90ca-22df6fac1054", "322dcdfd-1134-43ad-82ee-e3681d2307f4", "b81d65a7-e2b3-4bde-898e-803fae707ea2", "a57405bb-889d-4218-b7e8-e6e5b8215960", "fb383f98-d240-4d05-8344-ab3e866409df", "396deed9-494f-4efb-b2f9-a3f1f3e75d91", "97630de0-4193-49a7-ba3a-bd8a48259f53", "f4ce7984-1ebc-49f1-80c3-3bbdbbf44b55", "621ea891-07df-4cb8-9e72-54ea1d8fc5d1", "5b3a8f2f-3675-4065-9f0e-69ab65097049", "98ea062c-4a7c-4777-9f17-39efac95fce9", "561a067a-f0a5-4b9c-8685-949666e6e03f", "9f6742c4-a257-4eb7-bbca-3878ee2f7f2f", "11b40d28-83c2-4553-a3e2-348a4cc5a158", "b2a7d7b5-3a24-467d-9e78-25dc49e1b8ff", "04be3ab4-d736-48ff-b748-6d4b288211d9", "0860f7b6-7b52-44bf-b6dc-bec9e983cc2d", "80348040-dcfb-4fb3-9b87-4adc3140d886", "7179886e-3a50-4921-8cd5-90fae4819d68", "df57c13d-3287-4681-8761-f1594311639d", "5c45fb9f-d6f1-4310-abfc-f2f88085f7cb", "fbb2a198-5585-4434-b23f-df1884c8bfbd", "b06c891b-7742-4020-a683-0ce9eae15242", "45a124bf-ab75-46ca-b7a2-697b60d49448", "078eef65-9e63-4232-bbd5-1765e757c781", "ac71cb1f-66da-4ef9-9673-7d07a15dabd3", "a3495114-9c31-4521-b8e1-1b712fa34808", "2134f195-ce13-4ff6-aeff-bf138474e342", "0bd8605f-1dac-4e4f-9ff9-5e2d90b10183", "7b66fa61-0469-4963-a6a4-5cf3f5ffba4c", "0e961d8e-a606-488f-ab1d-3adc355544dc", "3024c549-1844-410f-a059-2f5a1fcebd50", "593060ed-00df-410b-8203-02bcf628c634", "cdfa1cb6-eec3-4ff3-ad38-79a6a67d84fb", "fa3014cf-516b-40ae-bcf2-96ff1bf09f8d", "03e9644c-7495-4e59-bb3b-523d6dbc7a73", "c9b87620-5413-48e8-8ac6-89ec68b515e8", "f204434b-2d2d-49d8-9ada-7072332b5121", "d86422a8-27d9-4941-8ae5-e14ce46d82c5", "3442b7f7-d5e3-46ae-9349-1ee6e281f812", "1ad50c90-5752-4952-9568-65767236eb84", "f09ea658-40e0-4648-9114-12751d3208c7", "8e0a970c-03a7-444e-93c5-a4e7705f2f18", "de6cc13e-36cb-4674-bea8-898f1aa18211", "ecb4d2e0-1f22-4325-b766-6e48c7ad0a7b", "48083668-4fec-4080-a76f-7824edc8a699", "58e3c27a-1f35-432d-997b-f18c4b584f17", "cb048a8c-83fe-4fda-a5d7-f68592835e7d", "074fbde0-dfdf-4f51-88d2-a51026dc7984", "6d4af24e-1ca1-4c0b-838b-0a85404b578f", "97e24615-bd7f-487a-9773-b610309fcde1", "13653c20-b222-4159-8d20-7377f482869f", "2123ade6-5708-4f8c-993d-d23f13eac754", "45f1e478-e2ae-45e6-95ea-39307ea65735", "c6b736f9-a0c7-416d-b991-1e74f828b22f", "72a61c99-1bc0-4c28-af19-77319364c60e", "3cb64391-3a37-4f4d-aca4-0d43a1a2d6e1", "c9db827a-1c51-4ddf-af55-d65c24a2fef5", "848f592b-15a2-41fb-bb61-5f4962e8be16", "351ae76e-ac90-47ca-be4a-98dedf6c80a4", "63e79551-21e0-4f1f-95d3-ded4c10b00b6", "c422dc66-e749-4efe-bc2a-c17c6667f95d", "f3432491-be89-416f-a234-e641cf9c6c4c", "49da6845-be56-4291-8762-33da89fd85ab", "df9e0ade-6e43-4987-af74-8cec7cc72ef9", "1f227e48-f53e-457e-b735-121c2044b020", "fb94b907-0110-4baf-a541-a4f6416a0417", "57136d07-4dcc-4bab-819f-68453b018c89", "2ef31f83-27b4-4c21-bdf2-4c329bf908e5", "c074530b-a9e0-4cbc-97cd-b359c52ed35d", "ca551668-f2a5-4c4d-9588-97beae198f18", "2b114dd8-b2d2-4b47-b697-72757420a39e", "6cada005-5a2f-47e5-98cc-c24968ec16eb", "7de77d3e-2c2e-42d0-9e58-c355ade66442", "84e14568-93c0-42d1-80f4-8505bced5dfe", "a3b6d1be-9649-435b-9bbd-f45043df97f5", "e9365c49-b88d-4e91-ab30-12f5bc94a9a1", "d0f7f724-aa3c-490a-9989-ffc606c08ad9", "2e60b144-edd4-47ea-b0ff-33fa01f7d8ea", "4c0e93ac-6875-40cf-8fd8-5a40f5b32fd0", "1de62b9c-6c28-4ff5-9c40-ed0ff02e6e3d", "f7db82e0-33d2-4118-a524-03c8324fe7fa", "62486af8-c0a9-4c8a-845c-b622c13b7667", "4373e66e-95e2-4bbd-94ec-b69d73fb0665", "398fc45e-9823-448c-9f09-55778384b196", "7aa0f593-cf37-4693-86c2-6582d5aa88cd", "fbea61c5-b34c-4277-ac2b-ea1b14f03149", "b39577d3-5c89-4645-bfd5-c094b3abe35c", "acbb94f9-f97a-4ab5-9491-bcc1d826d5b7", "3451b50d-1649-41c6-8b0b-5cb93b358297", "02454a9b-83a8-4e16-bc35-7cc3586182c4", "7979160e-a8b0-46de-b203-46468d4763c8", "93cadd0d-6128-49a6-ac86-12a8e553b4f2", "18601390-6c47-4beb-9570-ed80855d1231", "6b3db56e-9f5c-4c6c-b713-a8cb477bcc57", "e22e2fa7-0701-4c10-badd-cb0ce17346ab", "2ed5ba3c-c5a9-48a2-b1d7-6071b1babe2e", "e99deb8e-e955-44df-9ff4-3fa02aa34c2b", "e77c4849-2cb3-4e6b-908d-f1c59246d33d", "5d64d0e9-a8c9-4700-9c8e-f9febce37af0", "c9f5bb1b-562c-410f-bec6-5ed0ae29101f", "5ac9d94c-a953-4e7e-9f45-1c514f2770ec", "04cf4a64-7c61-4182-986a-5f5a43d3a544", "d45a210c-e2cf-4028-a11f-cefd690e63c1", "175de025-34b8-4b52-895a-4db075ebcda8", "fbd92cfb-4de3-423c-9497-c280b2d4576e", "76dda38d-288a-4f2a-b44a-7cd31bc1e55c", "faeeeba5-61e4-42a0-9097-7778426bb115", "438f618e-2695-453e-8459-0d9ec08a2caa", "229e14e5-4dc1-40cb-a90b-5b51a12fb052", "ba443884-1b45-4a48-a2f6-4fbe27b5fe05", "0c670653-393f-4722-b473-a1cf1068f805", "fa9a0188-f49c-4f35-9283-eba408e64a33", "cba6bf34-8923-47af-b0b2-24a04edcbf31", "5a5c89bb-76e2-4e26-ab3e-dcbb339de2bd", "d61e2d16-694e-417c-a24b-50a839738313", "22b88a0f-3bb3-4262-b923-689e8b72dae8", "d5aa1dae-d37c-42aa-b6e1-b2a1bb648176", "823d8df0-8c12-4017-affb-887ee1fea7ec", "8f4fdf95-b8e5-41f4-b8c2-27863f4b350d", "b0ef23c2-f232-4f08-8cb5-e1ce1af7313f", "da966db9-32f5-46de-8cd0-c3c92fccdbe5", "cf9a9210-5588-4390-af14-22f70585db39", "1ee7f521-a7d2-4044-9514-5fd53e9e9008", "60ccfa97-d74d-427d-8333-f1d5b52c2b3c", "6012659e-e60e-4e0a-90f6-069dc617562b", "4a52c7db-28c2-47c0-b615-59f2a713a60b", "6146163c-a114-44bd-9869-8b490962862a", "756a0fa3-887f-48e6-b111-22c207d43b13", "0b78443e-9da5-4203-bbf4-4cb6a0a34fd9", "1ac208bd-a186-46fe-bc05-463246b236dc", "3f868a8c-524f-437b-aa75-415a36a38798", "64853303-51b0-4b80-88d0-7a149dc5e67d", "b6f50f76-b8f0-4468-9ed8-2b87622f12a7", "531e7603-242c-4f72-a484-0e9e065b6e85", "69c32716-2322-466f-9c72-68d4aac1fa94", "291bddfa-16c3-45f2-9bc1-eec8350572e9", "bc0b2a1a-ca9b-4fd3-9141-dac75d92f9ce", "210ddb9f-b393-4bc9-b026-87adc054b338", "0812b719-43af-47e7-a615-a095a7b35ab5", "da304d61-fa87-4db0-8bbb-cf96d8d0db96", "1c0470d6-4c30-4605-bc77-0f89e1edf126", "ec45fc94-9a9b-4be6-b149-926ebe1b12e9", "ac976777-3e5c-4a96-95a8-f64c3f848172", "38857a0e-d04e-4ec9-bdfd-4baadd940d7d", "c636e7dc-b47b-45f4-b127-152ad6b3e296", "62a8e57d-48ca-4aff-8354-4e7f70eaeb83", "021c558d-adca-41b1-9e41-d9a01c8f1985", "ce0fe94b-f17d-47b5-8352-76b3eb3f4b7c", "a13c230f-70fb-4ee7-991a-79f0fcb0739a", "d0aae5d0-fbad-481d-9ab7-9cf9f03bc584", "8e6313e5-f977-4d6e-9a26-fa9fc94ff06e", "7cb6f612-c220-4453-82a4-e9821bfefaae", "ea2e5421-4642-428e-a253-ac230b7b0776", "53d6200c-a52b-4a9a-b09b-f008e66d1d42", "0692ad4e-fc04-4b77-97f4-d55561e95e54", "45844464-14a6-4dd3-af9b-bd380216c2f4", "a6e968a8-11d3-40f3-b804-303af8127649", "d1f7645d-0dd8-4ee5-9e47-fcdcb61da808", "4910b01a-004d-452d-abcc-8f271aaf3454", "622d056d-5d16-4f97-8dcb-a1814624c7bd", "43427da1-114f-40af-a50a-a1ec55f2a070", "ae9e8d04-1aed-487a-a634-ea938a197498", "e95a39bc-5812-4873-952f-1c68747a7823", "6d8193e7-c531-4137-854d-7c77cc3456d0", "d3080e08-6ab0-4c88-b625-b13e9b007166", "563473c2-88eb-48d6-974f-48bf23004656", "cc1974fd-fc23-4ff2-900a-5ca938d02522", "db3668c3-cf23-4b5e-8e63-b2c269b93687", "0248dcca-babb-48fc-a648-73b2b78f8031", "64eb988d-5da0-4c4e-9648-3755dd7638b4", "80f5077b-1e73-4b61-b84d-d5b0d8da2fcc", "b6a11c43-b8b8-428e-a682-4862674daecb", "390fb260-82b9-46fb-a034-d9e632a1460a", "c5af2db3-e377-4dc2-b774-368cf65e264e", "b20620d9-6352-4246-8007-b24d67611d15", "f94d817b-3fd6-4d50-801b-ea50d0ebe32f", "10846a33-aff1-461f-a437-9e584bb61832", "32cf176e-cf64-49ed-af26-a99c0301a420", "1fe57233-2f5a-450c-bfd6-41b9769334bf", "5c9cbff0-39ce-40f2-ad92-9417b8973a93", "7c90cb57-b645-4f17-a1ba-9bfadea2e0a2", "ea7c8935-1229-45d0-b0cf-fb0610d739d0", "fc813158-7dc0-47a9-a96b-e3728b03ed30", "a3e53c26-c184-46ae-9be6-e5c7c44fe193", "325e96a7-9972-4c12-aeee-54b84d996564", "f6532739-5e45-4b71-bb3a-11f65bd4aef1", "b9b77f02-399a-4e29-aa3d-495de1e811f0", "370fbdad-e5f5-4edc-8650-08b7556061a3", "05df90be-0de1-48c3-9b72-dff304dd418b", "fefccfb4-d386-472c-9294-f00daa7ab834", "99e3b3d6-acd2-425a-843b-c223b4cdbd7a", "8e8d6ebd-970f-4556-8079-9db5dd0cc66a", "3dadc0ff-befb-433f-b418-4b88e18a72b1", "b424533d-d74a-458b-9852-1740b59ffbd7", "bce3bdff-7661-4091-9267-dfc3cacbe2ef", "c6612315-f13d-433b-85ac-3e83b237820b", "cdf8d360-f250-48b9-8294-f88336bb32ed", "ad0b02d2-00e6-4403-83c7-c33f1c5eda7a", "f82f150f-32fa-4636-b2df-0ef50dda6206", "21d23ff2-b9dc-4aa5-b18e-e3613df50c2d", "0520a1b3-0eea-4717-aaa2-bdf9f8054b9d", "73a2d929-cf5c-492b-8162-a0df9086eb88", "63f1f421-e62e-4d15-b956-f2d36c82cb09", "3d0cb2e1-da5d-487a-9f04-7d0b77199107", "e1036e61-439a-4437-87d3-b2d25ced7f7d", "d44cf9e9-8548-463d-80b6-4449a62efbe0", "453a0ce8-d1ac-490a-90ce-b392f2b040fa", "0c9ec95c-56c6-444f-8e97-efa8fc1aff6e", "e78597db-0445-4ae4-8810-506ae8a15569", "45edd501-2bde-439a-a0ea-637932b0d418", "8abf2383-2002-47b4-8959-b8a4957b5762", "0869f75c-4e22-4300-a4e3-27fe0296167d", "5dcd3020-5bde-4cf5-b8cd-52a8bb5b7f18", "62666d92-b7cb-4a94-a6ba-3458cb1d7d5b"]}
2025-11-19T09:20:26.165+0800	INFO	loggers/logger.go:188	segments embedding task end	{"completed segment ids": ["5d428ae5-260c-44c3-b3b5-db041622b5a4", "266f61fc-1dc4-4974-9af1-a009d8e16e5e", "c81a66f3-af36-43e9-847c-bca5621a00f8", "9a61cac8-4dfe-4fec-8705-d216c09ef630", "e2b02f69-f0ea-463f-bbb3-f6d0f77745fb", "00e5ada4-881a-4340-be33-b71ac48adba6", "91dbb142-3eeb-4f2d-8ec6-0e01abf425b6", "2a3a1eef-d70e-44d9-8e07-259189ddf449", "28055909-1a71-4cc7-b5e6-2e77b4315b02", "9e8451f0-5eac-40dd-adb5-0e945882b5e7", "562c8f0f-4844-4137-80eb-90b42a01bc21", "311fff74-6605-496b-ae59-aaa8e9a9e75f", "4b634294-494e-48ef-9e2d-fe1c792ad774", "acd57c04-c68e-4d46-a131-8bf131072c87", "8f547fc2-d9ba-4c57-804f-ce7b5012253f", "104b0a6c-fd80-4117-b48f-29fa7ee064d6", "d4609e94-208f-46aa-933f-4e5aebd7b137", "92b5a508-d088-43c4-bfef-645085bebff0", "f7eab2a8-3b6c-4945-8a45-40a5527dc61c", "9449d095-d63b-4eab-9d0b-f3078453d46a", "1f167799-06da-42e8-b9d5-7a7be2e593cb", "8f43db15-d851-4cc2-9a4c-66e280968572", "75127453-7c39-40d2-89c2-26162bce748d", "6f3a6223-8b31-4640-96d9-29bae6a0cf02", "c6f158a4-901d-4929-a8f7-4dc1d45fd037", "7580d4f8-a0e2-453c-89fb-a7665de7aed2", "1dfc75dd-3160-40d3-a3ed-e114886c8534", "66cd162c-f87d-4611-99d2-64e652a9652a", "8e0b4909-0f4f-4a41-ac7e-89e91802c0d3", "6aaa9a61-2835-4963-9c0e-664de76ec9f3", "d34e5d54-57ca-42d3-a6bc-0acc5e1d7e06", "fd0e99f4-a320-4431-b5fb-a29094e326ce", "3c2899be-6228-4c47-8e78-0f27f773af76", "e5903695-5f16-4c8c-b564-152541bd8733", "50d61968-48ef-48f4-ab4f-7482b66b9ce3", "fe1af3c1-75c3-47dc-9c6b-7daccae8a0c5", "3582ef08-6f31-4069-9f0b-43cc61a8cce6", "d09d955f-9cc0-4a20-9f60-063392d8e931", "f5b59720-2a7f-4236-adde-881d75449ea8", "41c6bc01-bedb-44b4-b81d-2b7539563ca5", "12f82dc7-4549-4436-ba34-a30a4b5c0c87", "e79d0c97-0130-4070-9e2f-c8c95b0ceb7b", "5851b128-5b5e-45ea-a189-ba73189d6865", "8262c3a6-68bb-41d9-8c0e-cc135fb7702e", "b1bf2a20-4f4a-4618-b0ad-7c156fbba4a2", "ff72907b-37b7-4be2-bcb1-804a75763861", "daaadafd-ba30-4344-b46b-9f67a64a4282", "1e9dd71e-e4df-4a35-af01-f0c7842aeb5a", "20aed453-def6-44b2-926f-47f9c9e26170", "b7fefcee-7e1f-4bec-992f-b46757deceba", "9b91dc93-36f7-4de2-8da7-5510654257e0", "6708113a-a95c-46c7-8152-e40f968b052d", "39a4f82b-942d-4db9-afbe-202a26bba930", "1cd4c4b9-c0e7-4f40-a2e6-1e1fae7991d4", "6b88b93f-29ba-4f6d-9372-c1cf93c3c185", "976dced5-44fe-47eb-8fd0-3d0d7d21922d", "7e748899-83de-420f-9cba-3b52c488c7c4", "a988c56a-7e9d-4f85-a7a4-6d24cae92cfc", "2440935b-2356-4f4e-8778-59ff5175636f", "3e404673-d76b-4046-985b-ea67466a73cc", "af46118b-e63f-4417-9894-6ccc0cf24c91", "4a4588b1-1b5f-4284-9c16-b3b56976198d", "51d50ed3-ae7c-4ba9-b123-cebdcf3317ae", "7ac3b7c5-81dd-477d-8da6-da5aab37501c", "76e340b7-361d-4823-97be-58f51694d6a8", "43adad7f-02c0-44d0-9df5-94852f21e60f", "3a3d47b9-61e9-4bb9-a07a-f0a4d934d3b7", "6e3569bf-b2d9-464f-bbba-842871368a4b", "8f774555-29dd-423d-ab39-61cac24bf787", "ae7252e4-67f9-4a21-bf34-78c2dde17568", "a5ec0414-bab0-4bd7-bedc-46b07c1e2b83", "2d59e515-7b0a-405d-a66e-2f312e668119", "a4dc291e-793d-4aa7-b206-19ce900c569e", "7532f967-627b-4b3d-81ba-6e05248ac775", "5dc31ecc-8d8c-4b72-b5c2-6f568233868f", "80101eb4-8029-4a1f-89d0-4caef45a4bf5", "6b725ba2-b5dc-49af-9914-aa8bbf07af86", "f4f9d681-b492-4cbc-bbb7-738acaa3d519", "c97094f1-6020-46e8-8294-cc95bc82ed9f", "549d2d55-2610-4aba-afaf-e71cc5300ddc", "5e532165-d3ef-47f0-8be8-1c28354f24d3", "41c7a65d-6a47-479f-8625-421a910ddfc3", "e4130115-fd28-4932-9c54-9aa177d54501", "2532aee6-98d9-4ce7-a598-fcc25b8f1450", "ecd554b5-4b39-4ae3-9f56-ffec702f1c80", "4e9dc726-b921-4b59-92cc-88423a8dd17c", "4abcd6b4-dc06-475f-bfe9-06132f737ecb", "40c9503e-5781-4746-8741-4abd38e23fd1", "1a6941b3-d1b4-4e9f-b82b-187a7fa73dd0", "8d685772-42c7-48e3-a3d0-4026f69483d7", "5cec3139-0d94-48d3-83d2-76cf09b29b8c", "b3a2133f-9ead-4457-8350-b75d2ffeb750", "0859084d-07bc-4c83-8c3c-a5e1d82b2478", "d7aff588-8a60-4b99-be02-1fe0d60cf94e", "f9fd5dc2-6fa5-4afe-847f-37ab79301a03", "1b3dedfa-f96a-43f3-8235-60f6dbd2039e", "1b7452dc-4bca-40bc-b814-637ccaff8b54", "746e18ac-cb2c-488f-8e4f-b6be8b462d74", "60d51abb-1c37-432d-a4c5-7d150e1c6b32", "95843e17-bdb6-48a3-92b7-b9667e646063", "69b92aa8-66c1-4c3b-b49a-890fc9c9b043", "ad496788-aee0-46d7-9574-579b5e105ef5", "3b44e4a6-0398-4fd1-9ce6-cf124e6e296f", "08d39eb6-8d4c-4dcc-bbd1-bed547643234", "8279f3ed-e874-448c-897a-596a94c48c68", "e581ed77-2d66-420f-824a-880a02beb947", "ecbe0af8-8d15-4efa-b9ab-83ececae9e6f", "98cf41b9-615b-4462-96e9-87ffbc3457df", "d005dab8-24f4-47c0-8617-c71e393f646e", "8708de68-f7ea-4cf4-a586-f374fea65877", "5e3188c2-1da9-4267-a5ad-bd8cd16f04d9", "b8ac12dd-45f1-4f6e-9999-e31d1f26ac97", "b1fbc289-6118-45ad-b3db-cf8e68e4e6e0", "bb7f1521-f8df-4a95-8210-68e25715c9de", "dcaa2807-b78a-48c1-b679-b9f41aa3c77f", "73a984aa-9d7f-47cc-b5d0-d04c62a7e5da", "fd974513-a36f-4e52-a1fa-be586475da6e", "99182c9c-12c9-47b2-8fb3-36a5ba505f22", "d62df2fb-1560-4b1b-ac63-985728ad6031", "d8289ddb-9858-4d8f-b38d-5226f4226135", "d5c149ec-1ed6-4f3b-9b5c-5f051aae1dbd", "62aae454-4174-4117-905d-7605bc547922", "6203b026-1500-4bac-a3f7-6e3cf146f2e9", "602a97d0-80d6-4924-bed7-f3c416f51908", "57aa2274-9b3b-4ad0-aa7d-3415153ea457", "714daa3f-d04b-427d-9e25-7ca314b7a7a9", "214c1f90-b4f3-4238-946c-d1c0f5aaec8d", "10777290-d1a0-4cd2-88c8-a05d862aae5a", "c8610dbe-12d0-41a5-8ce1-35cdae80bddf", "45feeeba-422a-4ea9-81e8-aee49d03929b", "8d13f13b-8e45-4263-aa63-56bf891d7ecf", "3ab55c6c-b1c6-4b09-8295-6669e744ce68", "b7d89068-a009-4fec-9e01-c8e901f3e82d", "961ec67f-ad0a-4e26-a259-540ecea26ba5", "f15200b4-38ef-482d-a1b1-84eb29154615", "ac5893c2-679c-4762-9d45-4286d87db52f", "5c9075ea-3f70-416f-88e6-45107c4bdf60", "113f2cc1-2203-49f1-abd2-5071dae20b70", "910ba49c-98ee-4825-beab-23a188eb0572", "b382d549-8b60-4a56-9349-6f81c3aaedb0", "19285212-8a23-4fa6-b522-97b9b639a9f2", "573b86ec-7a02-4702-aaf0-ce6536c9dfed", "a4c56444-0e03-46b8-93d4-f31009c70875", "e1fdaed0-3898-45e4-a17f-909878d91758", "1456a717-27f8-46e8-adc5-9614ff24b557", "2b750bef-d3ac-43a7-a1af-a1b425c2e094", "b532b084-27d7-446b-8486-5999f2341e52", "ea26c14f-361a-4d93-9f4c-403338259fdc", "71bcc961-c4ee-4556-86dd-9f91c67326ba", "67a6cf34-aa34-4aca-8475-2201a3af610b", "31d54777-cfb7-4d20-8b92-586619102fc1", "848405df-3aed-448f-8703-e1a82ad0cb70", "9e2eea2c-b28f-41eb-824c-b6fcf244b129", "be1a5a1d-5338-40f7-9fd0-202129ab1f1c", "d73bcd72-365f-4986-b304-fd5a9aa6ff6d", "a85a64a8-53de-4d34-87f8-3ce0354c972f", "be2966e1-0a68-4d53-9c6e-cd93ba789146", "a23bd85c-ab19-4106-97aa-35fcf658757b", "a8c2d3b0-733e-4f00-90bd-c1cf79e70a71", "ec531c3a-0730-4284-a023-353853f05381", "ba89729e-c76c-4595-bc71-d98ab6f3b8af", "e0047c8c-3c60-4b28-8dcd-2fb5d59796b0", "313a10ae-c8b8-4b9c-a58c-c005d2940d3f", "64b60290-8555-48d7-b978-e7280c07a116", "2365490a-15f4-447a-8a85-27be41c8c2c6", "98248106-9749-4d9b-a914-d5cd21ed23d2", "cba7f92f-fc6d-4751-af58-3c8bcaf97dd2", "a0ba2b57-21aa-43e9-a311-5b15f30c49d8", "97f553e7-18a9-487c-b132-411a3c2aa1ae", "d4ca0a92-541d-4ccb-b8ef-84048bf337b6", "e6b85613-e7de-40e9-88c5-638790de06e7", "d0c34513-bd0a-4c6c-8519-78dc96bb23cf", "ca48ee17-d27a-4dea-bb8b-1669c9f169b7", "c434bcb9-bacb-4069-ae45-df5353fdbcc0", "dcb1897e-740c-461b-ae24-5729dc8acef4", "af900913-568a-40e0-9463-17ed9d0725c4", "a73b7ffe-81b3-4974-a3d2-eaebc0b88eef", "8d5fb31f-9cd7-4c38-8301-179a9279657d", "dd0da627-0d14-4e53-bea1-06de8da8d999", "c4f8daf4-ba2f-4076-92df-2127e27b4109", "cee8d88e-1d76-4098-bb11-99fc289e49c9", "701ad282-ff72-421b-94a8-801ddb4e8f9d", "dd9261e8-112e-4cb6-83ac-738913f260be", "13639599-c48b-49f4-8d33-c4552cb6c00b", "c95c28ff-3fdf-4283-b436-1f3fda9e26b9", "17dac5bf-cfce-4a06-91be-98290ed2d26d", "15261505-fdf8-4209-b101-b3b53cf8b348", "fc347703-4a3b-459a-a52c-df80183d298f", "b0817536-8902-4b9c-a7e8-089a4c50dd2b", "7fb382c8-d491-42c6-a110-bd8e8d3e0797", "a36eb055-fd02-47df-9940-92f00a053f15", "ab462e5b-174e-4806-b62d-480d9bfa9344", "d25170c3-7c8c-46f3-83c5-a76d7e18d58f", "d7cc7487-c774-4011-9abf-e0363e439927", "dddd2f97-d6df-4766-ba5d-8d12a7e15fb9", "11a6e337-5c5e-4042-87ed-0e3ac11fe664", "8dcbd0b1-688a-4085-899e-29f196b090c4", "d6ffb846-1b50-471c-8ed9-eefd7772439f", "3688c48e-7f8b-4ce2-9566-a64fa5d69d6d", "eacc0f64-789c-43d8-8933-14670e200806", "b2d1f166-3f4d-4ef1-97b9-5ff038cd3cc2", "018e59dd-54c3-4c60-8ae2-e9d26ed10895", "401f211b-581f-475b-8feb-03098fd5156f", "65f14e74-0eef-444a-871e-74475df55bd8", "cec217ad-7c17-4867-828c-27c8b7d8a99d", "01d08a99-e457-484f-8737-bfdea91e6f62", "25577976-d48c-4f39-ac48-f681de9b1681", "a4b7394a-8912-4d47-b25f-3cf7b824d17f", "22c97e94-6fa7-4a24-bc7c-99ef1eb7a6de", "ab6c71fc-94ef-4c2b-a28b-6fa8184ffd30", "80d6898e-8353-4168-a205-5bae7e77c8b4", "a8dfe436-f5a2-4ddb-925c-b9c7cdd2f188", "00bc7405-0c05-4272-a3a6-6c7b32a99c82", "4438dc3e-6b31-45fa-871e-b18fd8e4e849", "7ba8b744-eca4-44b9-82af-40d10d3f14ce", "aeec8bb5-45c1-447a-9854-2512e028da17", "e8dfea2f-d5ab-40cf-b0f9-559b64d628eb", "e946561f-1b61-44fe-989c-b463164a7e9a", "fe9eba95-c596-4694-8b8e-253e99a11b47", "218e3264-2903-4567-ab10-fb49674a9801", "b3a15acf-e7b1-4013-bc74-61419b95e859", "6630a227-af65-4a50-a7ac-dba9a95ea661", "2ee6d7d3-0e69-4081-8dae-2274112def62", "4df0bc2e-7f00-4f82-82eb-6c07e9bc7121", "e80c5f15-424b-4086-ab48-d97aa7c1755b", "8f5a4279-8d57-4ac1-ba68-a164881f561a", "7acaa785-6db7-4689-b196-3960a95c516b", "c22fc196-9725-4bcd-84f6-95f49d14dbf5", "5e70eb2a-707a-483c-9651-2550ec8796c5", "ce5c5a04-6e32-4301-b417-cd574ca5574c", "8e46c24b-4290-4dc4-9691-ecb6b21f6a4f", "380f031e-04df-4ce0-a157-557ce77394e9", "bf324f96-db02-47c9-ac29-8667e3ca869f", "8f6afdf0-19b7-4b72-9e9b-6ff7803fb4b0", "f88b278a-6b75-49f4-837b-15eb3322a254", "6c0c0dc5-b68b-4cc7-bd41-7f46b290cbc4", "29ccb3bb-94cc-4789-89e6-27b7b0bdffdf", "230c3c1e-6a83-43b7-9ffc-f18b262d6516", "9a4b927c-38dc-4382-ba3a-58932d413606", "afb87d42-fb01-4c06-a5b9-d87463263b8e", "df12a26d-8442-44ea-9a6d-05e2a77857eb", "f6ac84f7-37bb-4dc9-a7b9-ee7118c6c980", "4c6662bc-8ee0-466e-ad00-8587da03d44e", "3638c187-85dc-4e4a-b8f5-2512bdd20df8", "99043f3e-fce4-4125-a2d6-ea13d2dadbe1", "67a76365-e89f-411d-9dad-536ef8dec240", "e07ede8d-378c-459b-88d9-aafe09ac4110", "ff2ad97a-b6fa-4817-939f-97a3018c3f9d", "b1f745e5-ea20-4cd0-aee8-f0eabdb0cfd0", "0c1a03d2-6aae-4efa-9b2f-340e54f4e9f5", "9627f578-c7fa-4140-9234-def120d17313", "7c68067c-a99c-466f-84e3-6cf34a22dc79", "0550feae-45f0-497e-9937-927c8bc9a769", "82e9433c-184e-4cff-9464-0b6b19f696ab", "0f56c352-608a-4a7a-8381-a71a5f5b82ba", "efa94473-64c8-485b-92c2-989e6e9d6e6a", "5abbf978-b830-4a26-bbb0-1f731b715a78", "79f7d06e-82ed-49f9-8a2b-295d14fcc787", "ebcd4920-b6ec-4a8e-9de0-637cf8fcac1b", "9d9a17c1-4522-4cec-ae1b-969cf0e4c187", "383e797c-4b4e-4e42-82ce-4571349a454a", "be7fc319-0b2e-4f33-ba9b-087866ccbfe5", "1dc1bd15-8d2d-4132-a55d-9d2e901faae4", "49f22837-c517-43d2-8163-f3f3cabeae81", "26b63ecd-8d5d-4fc8-b6f9-99fad420e45d", "4a29f818-f7d4-4a90-a507-97bbda17d8e9", "e3e975e0-58d1-41eb-8a77-dce96fcb0f92", "0e7d7965-af12-44f1-b6dd-f6464de7388d", "58b853ad-a979-489c-a502-8ec8267ba47b", "2c234121-b224-4f0e-bca6-1caadc0d5ef2", "9a4387a9-341f-4bfc-a3e4-bdd99f50a7ca", "c7383bfa-394a-4be8-a5c3-f5b6fb71f2e5", "ec8cdfab-58ea-472b-92c4-fbf0bb968db0", "8c6353c8-9824-4321-8f40-d3521415c5f9", "e464fb9d-64ef-4bf0-bf26-1aef8edd6951", "10d658bf-6b5a-47c1-9289-36516cb988f6", "99cbe020-a790-4ce6-a306-0c5e12a99647", "3c12a7c4-6b43-4be7-8819-fe9dcf6f4d7a", "3ea72f58-afc3-4afb-874a-42f721372f8a", "c06014d0-c2b8-4e52-8a4b-e10571c77e05", "0c00c5d8-1999-4cf8-913f-c8c142549a66", "7b10e00b-ee13-41f8-a0da-e6e3efef7e19", "4b4d6d78-09a9-4204-965a-2b4332c1c6de", "88c095d1-e4a9-498a-998d-7449e21bed84", "c9999c89-9a8e-43ca-9cfa-18b50766b893", "c9f4f103-f2e8-4bf1-8f5c-b9be1623ed25", "b8efbe76-d556-466f-8efa-9feb7af4ce55", "3092c240-da08-4f8f-826f-7a9cbcb603b4", "8d1d4051-4f76-4aa3-b326-6f95baf96da9", "241906b2-d17c-475b-b699-e16ed705a165", "d6c1d3b6-d887-461d-abd6-368b8d45d1d9", "b331ced5-6e9b-4227-a1bd-22127fd90829", "3a713294-9a51-4cab-a2a0-80ef22822eeb", "f6e5ce23-ccf2-4e52-88de-17d5c3d231a9", "6560c3fc-d9a6-493b-87b2-2617e74649a9", "4be4e30c-c6d5-4e7b-9578-d61dd6f5785e", "ad896907-03f5-42b9-9f44-56f3aa3989cc", "c10ca6c2-3fec-47a2-8690-f4a81dfbbc01", "1e51bf27-3f7f-4160-8500-0731ad9969e5", "d5cdc3c5-8b69-4d24-afaa-6633407fd929", "e7fe0ef1-8f3a-4f82-ac79-29534a84da8f", "f4b080bc-06dd-4198-babf-ca3649b04b10", "fa919e5f-82ac-4b76-8ea9-e99424aab5e3", "365e93c1-0545-46bd-b2b7-9f6fd983bff0", "5bc1e9d4-ea45-4251-aabf-c99eab62618e", "775c2021-4d8a-4446-b427-d03bf5253813", "ccf33b0e-8c1b-49ce-84a0-600a9ff29a42", "79c3bbb5-22ce-465d-9d25-2d389056f66d", "021cd3ff-4d25-459b-a893-cb6fa17436fd", "2aff902f-f8cb-48b4-98ef-54b4acd3b26b", "02d388a8-a715-4bd9-b0ca-f71eaecf5de5", "9075add9-1fa4-4a6b-a005-cd3870af2b50", "a7387f8f-dc38-4a35-bb60-7616f81fc838", "fe061aa0-d3c1-4a03-b87f-7b46281b4dbf", "a5ef5afe-e716-4928-a6c0-c8fbf235af6e", "fa20544f-3a90-4b47-ac4e-e3db118473f3", "6ad7a0f1-cf50-4969-b47f-8615bc339c73", "8f304f0a-cfeb-4c7f-935d-f028a82ee9dc", "a54817ee-cf34-4fbc-be8a-a943cb99d473", "a6ed5c68-a752-4070-bafc-94dd91019d9e", "675f0240-5426-4801-be67-63c1f852cb10", "549a6175-ffd1-4d4c-ad66-b66953761ef6", "c029065a-bf8d-4123-b115-d7f66ea58006", "9dcac443-9de6-40da-824d-3c503ebd0a2d", "5817a4d0-1fd3-4fd4-abd0-393933ebe4f6", "e17df8c0-ff68-4a5f-b0b7-5c780d7282b7", "1ea1e3cf-d32a-4cb2-94cd-1b5a3f7380ae", "8c6dd8a9-280b-47de-86fb-4d60d5a752ac", "3db0d3ed-4d00-411e-aba4-e178f29b361b", "155e65c9-63e2-4437-8ed6-7223daae64fa", "8df46ef4-1e3d-4f1d-8eaf-69f045555058", "4e3a86df-0405-4e37-86bf-61826df478ec", "88ad532a-6ab0-491b-a9b7-4af7f4f375ae", "4a0545ec-7da4-48bc-846d-6c1d76e2e144", "6dd6485b-a577-4c78-8259-eb7d3f17a365", "a6b5cd49-11c7-4c95-ad12-0040505e377c", "89abb7c9-2494-4e4f-a44a-dd6ff29f212a", "0f002020-bd31-49a9-a498-e3a7927df53f", "d3827933-6b73-435a-a791-302af1b460c9", "ec2abbbf-2d0b-4b08-8a15-335f55fd3eb3", "57876678-07e3-4671-bf8e-3cb9ededdf28", "145462d5-fec3-450e-8724-673627d2bcd0", "98c1dc47-4ff3-464f-9555-e8b3399361be", "5cb47c23-db62-49d3-a76b-b852326a645c", "9ce50510-18c3-476d-a445-c57f93e22b41", "b249191a-ff5d-402e-bce1-2db1573a9b4d", "6999b021-4d36-4369-86a2-54b2b43b061c", "b336c691-6ca7-4922-9ab3-2ae55fdf45b7", "66aadacb-ba00-4b00-bc83-bf983a192183", "8990a872-c038-46f2-b444-dc500f394741", "9ffcfbe2-d431-4f5c-80b4-065d3d7bcfcb", "3b0c5482-43ba-4f5c-a312-c3af56011833", "4b2130c5-8c9c-4483-b83a-ce6fc524758e", "99ab6599-0778-40d2-adf0-07b78dc22c9b", "d3426433-5b5a-4c5b-b19e-d691de81b425", "e8facc7a-81d2-4457-aef6-a3aab10cc786", "bffc1041-d298-4040-839e-9b6786b98fb7", "9e3fcdff-b6bf-4746-b455-5e46c20c92fb", "8ae9dba8-bc7d-442c-9e1a-d0a0794d41ae", "aa00bfb6-65c0-44b3-8042-c2be6d88b32b", "6e99bb04-1d06-4c2c-be82-2a737d6ce876", "90cc6ca7-19fd-476f-afc8-b4312ced97be", "79fb6864-a399-4bdb-9de3-b13484bb4049", "bccef508-99a2-4a7c-8f5a-f4fb6b233397", "2389fbbf-1d7f-4e55-9a1c-27510e291edf", "d0abc4e1-2ae7-46f6-aa10-d4d12a5357ba", "1fd456f3-f0e7-4ff5-9c80-95f7012d998a", "7bd71dbe-a699-47c6-98d8-3f66269be73a", "014a6867-ba4d-4088-b183-7e72dc5e6df6", "cf626554-d036-42b5-95f7-6d2196a72a50", "9d5efb66-7e50-4d88-a74c-8428191cc662", "e3b17ecf-c3fa-4a34-81ee-12b370525e2b", "3e4572c8-f8ce-4c82-98e8-cc652d865caa", "9d110535-d30e-4904-b9db-a31b46e613d8", "b6d8c380-51ff-4c99-8378-4c42de45cb8f", "02f49b74-2456-4399-8cee-7894a371a0e2", "a7772ecf-869c-418c-9504-2937aca9495b", "08d1913b-b72a-426f-88d2-094c62b6c663", "f0919764-0764-441e-ac62-77c0b7729247", "0deae3da-bb09-44c4-aef7-8c2f75c2ac11", "51175a7f-d1fb-4124-bc5a-ceebc551464e", "89eb3bd3-434b-4da3-a54a-5ec6b02c776c", "defdd996-1048-4369-81f6-35aef972c98c", "0d2f216a-8e8a-437b-9d8d-be13d578829d", "1e752cf1-55c6-4cdb-a070-282bc543a2e6", "dcd808a8-ef6c-44a1-b8c4-5316ab187433", "25886978-7c69-4000-956e-d76365ebbba4", "2073ebce-da5b-41ae-a37e-d6decc870444", "38e7311d-4ebe-4363-9f33-09b49a0cee42", "5ebb2821-c4bc-4dc9-ad4a-a69990be8df9", "3ac94285-ec81-41a9-8901-7312ddfc6d50", "bfb7df29-8dd4-44ce-b7e2-1c5d2813e9bf", "bf05fd9a-4db6-4980-84b5-6b27dbdfe231", "d6fba244-f3f8-4955-98e7-834f858c2635", "b027c2bf-8a1a-4cad-956f-9e04bbc96362", "922666f6-bc03-4486-8ff4-d1a588b43580", "86f4cfd0-e568-48cf-9d1b-6a10b7abd53e", "a0bc7160-5b29-40b4-9c8c-6961a8ec95f6", "af46d5a0-740a-48eb-a6b9-dfc329320a3d", "4140d090-e720-41fa-8a96-db47447b88a0", "e1f4ae61-e776-4008-9848-c3ee5a092799", "f470d489-4de1-4668-a194-2b9a38aea327", "79e902e4-23b9-460c-be8f-7d6356412b7c", "14f34830-65da-4e16-a326-5f2f7344aa8d", "b366c740-60eb-4baf-90c2-b19e4560fe1e", "967554c2-f75b-4b6c-a00e-7001201a92cc", "5ced9225-8224-4df5-8c69-a1d3b856551a", "aaefcd1f-4a5a-4486-904e-9f8589d48b09", "3b9359b0-97d4-4af7-9018-71dc1b3c5955", "2b985b22-5902-436a-8b2c-ed424573b36a", "daa919ad-d370-4ec0-b31a-e1ea1008c08e", "d73d6b11-e33e-459f-bf20-e01b0eff5b1c", "cf46ef57-7bf9-44ba-8307-4459b3b4539a", "7029bc3d-ec6a-4bb0-ad90-348d65b6ddf3", "6446e8cd-2b23-4a4d-b8bb-89ff9b3dd68e", "27bc8ed3-aca0-4b56-aa2e-6cae11b7f750", "61a037c8-d052-4241-b701-cb34ce4df014", "f95d80fe-035f-4c4b-bed2-1186cd047d6f", "118cd83e-267e-4c77-a88c-7d341b32da9c", "7cc4e925-6f38-4266-b716-b6071435cb4c", "2e6f290b-4409-4d0a-aa62-0a5bdf58eb42", "494bdd2b-9230-449f-a148-ef07490b2a3a", "60e43ded-d9ae-4f73-98fc-12d8ceb32deb", "59724ee1-ed8b-4726-b0d1-559bf8bef331", "30f46aeb-b43f-4b53-b2c0-ee2d692fa6ed", "739b6d65-95a4-4c2c-b417-eb471d431990", "38a76a14-2d59-4a52-9294-0cf5c1cdbe87", "fbb29866-6294-4187-b487-090c9c29a890", "28f0353e-46db-42ac-b473-2cab6017eee1", "05459ab2-227f-4da8-8e1c-49fd1bd24ca8", "395d512d-aa0b-4041-9923-a179e6536509", "9231576a-581a-4488-9bb1-cec264db995f", "66d285c6-9c50-409f-9a2e-4808a260d981", "36772336-7731-4619-8481-1a9a37b23e6f", "8629604b-9ef0-48d5-98d6-56cbb47dc7b4", "5ee87f5c-b11a-4472-81fe-25db52273940", "6209b83c-73c5-4b00-a6c7-b0e32534e241", "b675920f-e07d-4ea7-82bf-ea02b40dc9be", "4142b095-4e7d-4d53-87ff-498424a5acac", "9849c627-d3cf-4113-b99f-d6e088baf6b3", "8309b7a4-1eb9-4da5-a94b-e57b546276a0", "1021f3bf-f620-4585-ae1e-85388fc6ddf5", "4904f5f5-650b-4b8b-94ac-4556969c6373", "2eb7be2a-7b48-44ee-a3a9-98b1bca6c1ae", "e39cdd10-b634-4b23-afd8-3fcd30cec54f", "fe1c873f-4ab1-468a-84b5-e9e179b7992e", "277e03bd-6f1b-48d8-8df5-8e32cc5cc5d6", "5f20fe28-92cf-4d58-b15e-e5b94c8b74a0", "aafd96fb-00ac-42bd-8eaa-93e6d2a626bc", "a15f5eeb-4fff-46fe-9496-0ee1fa67ee58", "306b4071-b960-4f9e-b3d4-ceb24cc39cad", "464ea157-450d-42c9-87a9-bd60c4d4d52e", "ad7f2636-e029-4d11-9e8f-044162977f98", "a0665a26-548b-4f02-863d-f54f78e0388d", "7853ab46-134a-437d-861d-673a5fe3ff56", "7e2491af-54a3-44fd-874a-fdf35cc9962a", "d2a4afa9-d409-4183-b7c7-64dbde3d07d3", "d0b7abf7-6c73-4875-8f9b-7a47d6297f89", "9870b86b-3558-4ace-92d3-3ae474d14e80", "c51592e6-3b48-4d59-9b1b-b744d43826b0", "a827efce-862e-4d47-907b-d619d44bcd75", "e7f170f5-7b98-4f53-b1c6-c021a4331939", "37878cfb-5e98-4961-8440-ec9729abaaad", "797c66c9-eca2-4127-a804-f8b3c06f3c4d", "33432c82-5e72-4e72-a43b-43db723e60df", "2dd0d052-4bdd-45db-a188-0f139d953bc3", "a72df8ee-9ef8-48ca-98f2-493e326ecc59", "fc98a23e-a558-42cb-801a-406f2b4d622b", "6dc0613a-cbc2-4f13-ac7e-9a3408f40f3b", "807b6dbd-c2d5-4760-8923-db87023990a1", "fe4b5714-f176-4545-bcaf-8087a8387fb1", "6d09702a-bc5f-4956-8e42-9fabda905219", "45ec6840-401e-4ec7-82f7-cc8384aa0bb1", "41579097-0879-46d9-b264-fadf4f9f1713", "6643a4b5-3a44-4bf8-bcd1-bb27bd70c8de", "f12ac3d3-d682-469d-b5a9-486282f18a4a", "29887441-be5b-4f9d-bf66-799207c310ba", "8aa9a2c4-f706-41d8-bcf4-39299628c04a", "ba741116-6e0f-457e-88e1-bf30493fda44", "bf8a9c83-b646-4acd-9b0f-a645654e5f18", "03457655-a738-4df2-8fe9-62c4488f59a4", "d816b36a-67e8-44bc-91a4-09bd95cfb8cc", "96f8e126-d6f4-4ce3-a5f2-e8046ae8c236", "77a2f620-2536-4292-9af2-c5823df91b17", "8fb7c6cf-a208-4c9b-9643-3d38acbac570", "b700e670-f061-4273-98ff-701c5ec8f36a", "f232ae61-0d64-46b1-99eb-68092590bae2", "e717653c-48c8-4502-ada1-64a551acb89d", "238fe926-903b-404d-aef6-0e06b61e791c", "3baed922-5012-4059-924a-e56cc9897a9b", "d9e216b0-3fee-451e-924c-c98a89e9b9f9", "25cc0af1-9a3a-4848-9e90-c99b7466d35a", "f9d11fc3-1c39-4a2c-8c97-88452899a7af", "a23f1183-1999-4d1e-bda7-6aa411b24179", "11b8827d-5fb5-4aa0-b276-21fe7a7e64f0", "6b0e50b4-09fc-46ce-afeb-6e77058e6e6a", "ad597600-6728-4974-a5ab-0c7e6d99cda4", "daaeee10-de8c-47bd-825d-df14725ab34a", "58cb3998-0e9e-44ef-90e9-26d94613dbbb", "875ac044-f6f7-4343-8c01-1d6d4ba86494", "c588d8eb-59ed-48e5-977d-e73a29de9a8d", "9f82e78f-8937-4ef8-9a3e-4bb7fc9b2381", "31b2ef88-1e95-4480-b1b1-5ccabbe6aa58", "5f1eeec0-c00d-4b86-80e4-e42742e604e7", "e0dc8e0e-9a8b-4300-bfbf-ef38a56f74be", "dd7b8e39-fad3-452f-a56d-dfaca813364b", "67932514-80e0-4afe-b16d-c56d5c8b1c3f", "4912274c-ae98-4cf8-968b-6b3cee36e3f5", "62ddeeba-b3c5-4233-b800-c8560fc30d31", "886fd8ef-91eb-4c52-9d36-40b5729cc5ed", "6d3e6f08-4778-4ca4-98c8-017161adb91b", "9bc17093-4cb6-476b-9f93-d21ddd909bb0", "fb3d1be8-dcdb-46e2-9e2a-9539a98f627d", "9c9e19a4-673e-46a0-9d2f-8bc1918529c3", "3176bea2-c7a4-4c02-9d4b-f76f21e9f870", "836fff43-98e6-4aa3-9d84-89497c143b03", "71e3acc7-cc04-41b3-bc7e-a36644b8f865", "cbe97984-1d37-42a5-9787-9239b03cd401", "dc73f841-932d-4592-91d4-d2b8b4151137", "f53c8c98-03f4-4a61-b4b5-ef141fff5a1e", "cb122663-1232-4517-83ae-9d4ca41239e1", "8252fb9e-2b29-449a-b3aa-a376db3f16ce", "03fd645a-40d5-4018-8248-fb81af0dc7cc", "b965bc79-399d-4a87-8345-3d84821e812d", "5c373af8-8466-4025-b9f7-73e31139f96b", "2742dfcf-d110-4639-952e-86ac9eb75069", "c01d4386-cebc-493d-93d1-aaa974745c76", "b244345b-3579-4a00-b87e-82dd5a9fa418", "97b1d38d-864f-416f-875b-5af059601502", "50afe544-d75a-4e16-97fd-4db608d0e0cf", "aaea03ee-739e-4f85-9d15-8decb78f9cc0", "e67c35a3-6d5f-4aea-bdeb-16d749451219", "5831f6c5-ba71-4e60-95a6-f9588488a57f", "876f226a-0eee-4188-91e9-4020fe67cbcc", "e8b2463a-e21b-4ce8-aa1f-73bd9ca4e4b2", "5574de2f-245b-4a9e-9534-f7d6474c85af", "67c73b5b-0df2-48e1-910d-ca36eddc800d", "9af206d3-1544-4cac-8149-9ec9650d15f7", "d26e3617-e8e1-495b-b1e9-04153911a98a", "04b0d947-3083-4d43-9f0a-8bc670337ea5", "a9fd751c-b7d3-4e14-9183-a8ef1dd59a53", "1db962a2-9395-4d81-86ce-390f45473882", "6a44168b-1fe1-4fd1-af50-e5487a642730", "15650bd5-4fab-4da0-98e5-4649ec5cd6cf", "4ff51b92-8a21-4b8c-8be0-7d02dd12bc88", "2f5d5e0b-2d0b-4220-9afd-5f44c8b34e90", "7c453f14-66a0-4edc-bffe-5da01bdb1126", "ddff9adc-c31d-44db-b0ce-e801a194cfa6", "9f838921-1847-43dc-97ba-23521f626a44", "f203b569-7e7c-4d4d-8289-7a6f484ac009", "82c0e836-4f45-40a8-b4ca-ccc0403b43f3", "821ab7b1-3fd9-4966-bdb6-3804a95c62e2", "a935ac13-6f68-4688-ab2f-e04635690a15", "e1002ee8-3369-43d7-ad31-0d4e872b7d2d", "60f911fc-9bc7-4a15-9e7d-7f0b3aa11e98", "0f0110c6-06b0-4247-a35e-2954b1a88335", "09ba4907-3a29-478d-96a3-1b1432de3a43", "dc093609-b2f1-45fc-93a9-ee94b8112a1e", "3948734d-7d39-4a5d-a085-f1e90e904865", "50ba3629-5a95-405d-99f8-5cc3d6f478a9", "2531f53c-dec4-42e1-9ede-93a56523c450", "f8fca3bc-e759-4419-9dcb-87d5bbcc2c44", "619db6df-020c-4353-ae9d-08f5a10102d4", "88585eb7-3e60-43f4-92f4-19d57c0f62f7", "5f84bb8c-4354-48c3-8f82-8046d604eb93", "922868b9-cc92-4024-8475-e4664b7d93b3", "00f3f306-7f48-4134-879c-17ce0d602b45", "f0d66693-04c5-404f-8b49-32aea0cc7d25", "061c9dc7-5c4d-4607-a443-cd71dc5c27b8", "d8902077-1c85-4f4a-9cf3-4673514bfe04", "60e972cb-3885-498b-8cb1-52f7f814d992", "0f802e1e-5f79-4166-8cca-87b87885cf94", "e532fca6-7ab8-43b7-b606-d14a3b3fdc7c", "c352cba5-8678-48bb-9b4f-50de821117cb", "6fa64924-3d3e-4660-89a0-db65d4856d19", "e83eb2eb-e68e-494a-97f9-a617ab91b219", "05931fc0-4e15-4e5e-bc89-b7933ddeebc2", "2536fed6-2981-48c6-a391-9db3a845ee21", "fdada14a-73e4-420a-8c4d-a5c83b27260d", "ee6ad578-6607-4ac3-ab0b-9ca5219e6db6", "141b0bfc-a772-407b-8b9f-e0b635065bec", "0e279f51-70a5-41c2-8c0f-48c35ced0a28", "62d117ae-2c58-4d92-a1cd-b68221edce24", "85efd09a-f0cf-4613-9ee1-c4fa1d2aef65", "99c6a56c-0085-4472-8190-7332ed6d4091", "22de24bf-2972-46eb-8dcd-0b520a5ce8cf", "4ccdfdc3-a586-4e56-a46a-a3a7e58491a5", "7842fa72-c70e-44e9-8e4f-43f05883ac5a", "086d3558-358f-4512-bccd-f9d499b20e1a", "7a2bea74-cadf-4bde-8cd2-dc39e6911443", "c3cd2bbc-fecb-4033-ac56-e2829d783609", "843155e6-b200-459a-83e1-0772011e82e7", "2fb7c1dd-3247-47de-b095-b253fdeff476", "b91fbcbe-6612-4fd3-8bf0-e8aa6c525262", "0caa5033-2554-412d-8c8d-53a5ad815cb3", "d3c1712d-f11c-4544-b2da-903a070fd440", "e8763d67-bb08-4af5-8f1e-b31dd47e4f9b", "6e0fe5d3-11ee-44d7-9860-58499e86909d", "c3f730e2-78fb-491c-953d-7f477a013ab8", "6a5bf7a6-843c-4510-a4b9-595f54ef95b0", "b20cbd95-ed8b-48e5-9f86-8ced16704a0b", "0fd9e96a-0614-4c0d-b25f-d4b4a4388e20", "fd235e04-cee0-4fbd-b93f-09d8a502da4e", "56eca2f8-581d-449a-81fb-450ef47c51bb", "b0a2301d-e3f6-4aa5-9983-41c91d7d18af", "4f45f13c-4fbf-4dcb-b592-3ab838457b45", "0dd5aaf5-2aaa-46fb-8681-3c4e2b86ab4d", "9225ced9-1eaf-4338-a0e7-409f16e3a15b", "54e0d206-2efd-472a-8f75-9d1c1a881652", "da785eca-7af4-40fb-80c6-d8e354c30634", "ca5232bd-aa93-4bf6-b483-2471ff7e352d", "f34f4335-d838-4b35-b738-ab82addbed40", "36e4c6ad-3362-4a8b-b244-0efaf625870e", "7d7704f1-eae6-467f-93e0-a326eeee91b6", "6de5c457-c1ea-4ab9-a98e-bb19d30f6e4e", "987a3b46-b013-4ec2-9ad7-d3635599d48f", "132f9311-f566-4b6e-96f2-496b2ef5825a", "7092a911-d13a-4b08-a30f-8c9acd8a1b19", "3e067ce7-f2f1-4379-a8c0-753dc5cddba7", "1f98b872-9495-4b0f-9d04-5293687a69fb", "cbb239e3-890e-44de-a61b-ddecaaf2cd7f", "8482662a-45a3-415c-99f1-6bf92c3bafe5", "da6d3b90-4c1e-4de5-bdb3-badf6df950ec", "eb602560-9ad4-438d-a077-5d0385bcc3bc", "728e731c-189b-4a59-9a6e-45c5221db625", "7972fbbb-adce-44fb-9d82-c3e91ce040e4", "804c494c-a92d-4c76-82db-b2e10d505fe8", "61f32d50-b2b8-4f79-8fb5-47496472c85e", "f5c5693c-01e9-43b4-8fba-41dc45b0fbb4", "748c08a6-c55c-49bd-81fc-5472e5c85d73", "2bd54ab0-64bc-4c9a-b93b-4e1b2198780b", "1a098d96-e345-470a-b69d-bc63fc4f0a9b", "3591463e-04d8-4a22-b522-98ff58dc5f40", "6e502c3d-7ed8-4df9-af02-46872b753283", "0fd12e63-d29f-4a3b-b296-a3b080749c69", "4a903733-0388-481d-b3f4-267fd987bd7f", "473da4cc-e8c4-4c5a-bc3a-7e4cea629533", "2d1caa80-7505-4682-b7dc-70c917dcb293", "0ec74d77-4545-4c96-ae72-f70ab62b7be1", "8e36db05-ae88-4afe-982b-c21260142dda", "7ea6a896-6e2f-452e-80be-d3e11231f998", "298584cd-2947-4c03-867f-c162e49208c7", "9d227c74-a0ca-43dc-8798-3f0dca962165", "3176a33f-2608-4eaf-86a8-7fdac562dede", "db8ce72e-838a-475f-b401-1e8401c79abf", "f1985ff8-2d6a-430b-8161-a38e9f914d9a", "db907373-d73f-4372-b574-ae550f2767de", "6a682e8d-dcae-4861-b096-7f63bae152d6", "be1cb60b-cbe8-4e09-8ed3-47ea0687f81a", "1c579500-02af-47eb-b6bd-4ed4a2179d4c", "85b8f340-eb43-4fb1-a8eb-5b28702e8b92", "e5922a5a-212c-4156-ab41-4d7f4f5b0a98", "dd0628d6-ceba-4791-a32c-aa260137e362", "fd0f78f7-ea97-46ec-8cfb-f347f8619fcb", "c9d77766-dcb8-4af6-bdd0-b5be7cb9867f", "dae549eb-b1df-4b84-9437-a589b6a44435", "dfb5ed7c-1c4c-4e0d-a439-c609bf80b940", "a6c865d4-56e7-4b7c-9a49-6461a9794bd5", "e6127bdd-064e-4f4d-99b6-0ea2ea0965b3", "94ec907a-48f9-476b-84d3-000f8f41a0ea", "64c05a11-1f9e-4636-895c-c10bffc6e26f", "b4a32ccb-8aee-485a-8f8b-925e310b7dcc", "5e89990d-b52d-4ede-b82f-2c647fe7517f", "3643e534-fff9-496c-9cd1-415879981b03", "dd0f73f7-5723-495a-94b1-9c8fbba247f9", "bb21f3bd-03d1-4311-b721-0aa01b96c375", "3a9a795a-1a9a-4232-9684-2c1b34aac9b7", "11a3119f-f2ca-4c36-a7e0-ee2100d13eef", "b9f5cde6-6c7e-4daf-be09-be66948ec0a2", "bac09440-040a-459c-986d-2de894c17f34", "f4c1269f-1e54-45a7-a14a-040a6ba4790b", "e2274248-24c4-4bf1-aacf-f083a4cdf1bc", "42596635-1a01-47ee-a48a-8aafe038671a", "1e181809-8c1d-419e-9410-564f93ee2e70", "22d4c91f-b1c8-4a1c-bf57-a5e2ad0ba78d", "a115f5cf-7d2e-4e8c-a49d-a92d536dc6d4", "420bf7cf-380e-4574-8d81-965f82d13553", "b88a362a-f9a7-48d4-95d9-9160620b587c", "ee356bed-cb7b-4a31-8706-69a552bc1533", "0ea19541-093e-4a2d-acb6-621ed8ba2d2c", "275a9f39-204e-4696-b955-0c807198c526", "5ffe2f9d-00e4-40ce-b07a-84fcb1012fb5", "f0d3a7c2-8044-4ed3-b370-4a9dec51e6a4", "dc4785d0-01e9-4b84-8763-77d790c909a2", "351bb1bd-ea87-4c2a-9e7a-644f5b1fbafe", "0ee13a3d-bc72-4387-8618-6c91fd469efd", "b8b98935-b1ea-40de-b2ce-c2a7913f2605", "c52e747d-5149-48c6-9594-f8ad53938989", "e29781b1-8594-4267-9d8a-3c66dffd2b00", "27f9e159-238b-48b4-b0f8-813a6a72e9b9", "a57dd32d-8087-4d27-923e-1f3e399e1798", "47e2efc8-fda1-40ee-a975-250ecea8218f", "bfde4d05-12d8-4292-8a85-bd7a9307764c", "5d5d1a00-2b3e-4edb-bdae-b6abd098220a", "643c4618-96c1-4cfa-8ef4-5679d5c7ebf7", "c49b6fc2-6683-4cd1-98c2-ca8bef152856", "6c64c8e6-f931-4abd-af80-be06011fee69", "7fd16f15-490e-43fc-b5b1-79de161d42d2", "40d83b1f-091b-4cb2-a4a4-b1935ec9326f", "38ce7525-a40c-4b01-89f0-8a434d45bb88", "7494aa3e-e311-4020-bca4-c1fb1735816d", "a92656fc-28ad-4833-ad0f-0f8938317b5b", "120acbf5-44e9-4cb4-b9f7-1a754948106c", "f2b31902-2952-4f92-89fa-51cec17c1382", "2286416d-2890-407c-adb6-bd604fbdeb7f", "ad41c916-62d0-440e-8401-e17edb395fc6", "ca80affa-ef33-4ff8-9312-4676436178be", "2455db84-5eb4-4ba8-8ee1-101ba737dc86", "cf765b1e-af0e-4087-b04d-1a2ad7b69021", "b53bd28c-73b2-4dbb-99d7-ef19eddc4bf6", "77d7e3ce-43a1-4a50-a607-5131389924fd", "d80be44c-be27-47b7-9787-8d9ff8dca33a", "c59e5efa-92c4-45cf-9359-ed92583006b6", "badcfa3e-8c27-445e-9c09-b1766ba261b6", "1b66e047-ce7b-43da-804d-f8120b16549b", "816e1dfb-fe73-43c9-8a3a-c8b2c2e4435b", "dd013005-771f-4aab-ac73-da5b79d17857", "8fefdc87-256d-434a-8c4e-89e4124792ab", "0518887f-e71b-4bc6-90d0-0ddb87939aff", "c3e7d14b-87ab-4043-8f3e-a85583809f45", "d3cf41a8-c273-4a39-8a2d-9e33ee38cc4e", "1551b9aa-c0d2-4c72-b98f-38e0123289c8", "ef9a0c3f-e4ed-4b28-991b-08cb300e843d", "f8c984bd-638f-4d5c-93bb-c8b2ace9ecd3", "382ecc35-dbc6-4b82-96b2-ccc8e3b758b1", "2dbda8a7-2634-4edd-b4d9-baa779583632", "be4a0f30-cf29-4e1b-9931-642f94e443f8", "4efc8d44-3b11-4139-8638-00f728a616bf", "5a048adf-3c5e-4832-b807-18ef2be2ff38", "fd16a3e2-88b9-450b-87da-c2d474243a2e", "59875474-6365-40cf-bd96-0cbeb0842b39", "5b86e126-9953-4f96-8fe0-4e85ccc3e9ce", "7ee5760a-8249-4950-b1e3-edd045936db9", "eb560ab9-9418-47d3-988f-7b73d0570ed7", "3b731dda-284f-4c9d-a2c0-aa6c2c1a7128", "ef88d8f9-f0e9-4b17-82ee-26c3522e596b", "87e36a25-0ad2-4ea1-b1f8-172892552337", "a82db656-b4d1-46a0-9085-e5a9e0548b7a", "c68441b8-dd0e-4225-8c10-9aeaf7013806", "840e6808-87d9-49ab-928e-04b745f7b7ea", "c14f7b41-8869-4ea7-9e21-1b6097a4b057", "f7df613c-4fa7-4d56-bc95-3ac71f283427", "4b5f45d9-7221-4e14-893b-5c8db02e0acf", "4fb88a39-3ab9-4319-aed2-3eb0bb3f1c55", "4da41b0a-d561-4273-9798-9997f5fc033b", "8f0447b5-1fa2-4546-a7eb-9ebd53cf138f", "16b57bd7-3904-42c9-8e2b-329f2f1d1984", "9c2dd81f-1da8-4dc3-9333-188ab7bb8b57", "455e7343-bff4-45d6-9311-0cd136f33df5", "39a28071-ad14-4be0-8637-45e92e2bf1a6", "5ad1e1ef-0e86-4683-b2cb-439fa621301b", "35c629ec-8f58-4f0f-ac7e-1a9048671cbd", "89348f9d-802a-4b00-b2d3-1301cceca2cf", "bb146724-a313-4a33-9605-b2606ae6c62e", "49194d4a-e472-4453-a483-9f14932242bd", "f61271ae-7c89-4f94-9646-31e9673468a8", "4a774fed-086f-4629-aed4-2823e555a386", "fdfbc60d-012b-499e-be34-23fcf9acbdd4", "f04621ac-6f39-492e-8ed3-80749bb1d3b8", "a8109e5a-5d29-4645-809d-63f7655c387e", "527c93e3-c320-4ade-b3d6-cda63e841025", "051922b1-9315-41f1-87c2-5514ddc275a1", "92cb7b6a-6fd1-4dab-932e-a3acc4fe4f62", "401bdf40-1f1f-4667-8209-08fd754a3d11", "b23fda26-8a4d-4ad1-9501-d2f501c77d52", "b2afb954-945c-4210-a9c2-cb00e1164fc4", "cbc0709f-28e6-4468-bef4-ba2ca743a84e", "57ed6f7b-129f-4bf8-b40d-2f8f74822d64", "b168317d-d671-4089-9645-49d23620c7e7", "8d6db9d2-e4da-4038-8ba4-53c5191cfef2", "ce9d70d3-6317-4230-a67d-356c299346d1", "c3a2f776-7b95-4fc1-8104-59e9abd7d190", "bfff426e-aac6-4f31-b0e5-38360bb917a1", "345211b4-8afa-4fec-9c70-5d1366da6691", "3f177899-63ba-463e-ab9e-9d5509d2950d", "a852542b-1567-4ba7-b05a-ed6ee29671ac", "757d3c31-15a3-4caa-aea1-cc3b5b72c784", "b3f0b085-7637-4e4d-a3b1-079d467f0d60", "7e1337ae-ce5b-4b53-a118-00fdcdcdcb07", "93eb31f2-98d8-4e3a-a2a5-118c22dab09b", "3fcdbb34-01c9-4ef3-a126-f637833f3d1d", "a715a9d7-971b-40b2-9e59-213a7dcdf19c", "58883bfb-2e88-4d30-81c2-b112e24c16f2", "46849b84-8fb6-4ad6-afe1-61d3bd5a5386", "b77bb7b7-15a1-49fa-9137-02cc60debdf4", "21fc9719-2b13-4aad-a3d4-6d15c219c1bb", "815bdc70-e2a9-4af1-910a-bfe3ef0284b8", "69d203eb-7682-45b7-a2c9-ba5e36054c5b", "9e62022c-9310-4183-9c5a-0ac20e5fb766", "4d4faf24-2efe-48eb-8308-2e4d2efb1bb9", "25f96acd-1f31-45f9-9b40-625e0aaa2eac", "f8db9063-e23d-4fc0-bb4e-0aa939377379", "054863e2-e54d-41e5-891d-7b248100f891", "97df3c3f-7f3e-49f4-b069-c3583f088f67", "00b6a9a6-9f8a-4d12-bba6-3fd06474612c", "05eb7a29-9051-4e0e-87c4-fcd37eea6ac6", "ab496b79-a5a5-4fde-a403-c150c2ce261b", "ab31c43b-963c-4480-a0d2-1599d313bab2", "6c8dd5c3-ac11-4c7f-976c-d62bb7350ced", "1482063d-a97a-436b-b568-94e8cd50135d", "3d6b8abc-62a2-4db5-a275-4cc98468d82a", "f410b40f-9825-4372-b905-04eeeabb2088", "4abac2b1-b836-444b-a1b6-55a00ed060af", "28f7bffe-b860-4e39-a91b-bb248031fe64", "32a8493a-7fd1-499f-97be-d20626a5bf7e", "9f07f5e1-78e0-4ac4-a911-bcb3d5a1052c", "57e15f2a-0a07-4bbd-b79a-27ad242d73dd", "3a9c63d6-1d90-45b1-953f-edaa6103588a", "d5bf941c-7059-4d0b-ae0b-ac0a3e5b3f6d", "2ad52447-162a-45c2-a5ec-4f414cf7f77b", "5ccf02e6-8b36-431d-8163-52756b6c3687", "c13ae7fd-a8b8-44f3-830b-5ebbc7fdbcb6", "6e379c66-176c-4d21-891b-1ccd4c6c51ae", "3fe6db7a-7cba-4755-aaa1-1adbdcfc9a2c", "00293f4a-a896-4c7a-8618-16eb1bcc6432", "816746db-0b3a-4db2-85d6-200e0fb832b0", "8d3079c7-f232-4a5e-8c4f-64f2b0017438", "08c09922-a851-4606-b87c-4645455a9873", "484c5cad-ec7b-4c76-9894-b518b1e2edee", "bf2d8604-d938-4c2b-a424-825383d5f8e0", "9dde07d0-6efd-411d-8b99-740596190840", "7d2cda1c-64af-4122-8fe9-bd18b7bb3283", "ca91fc10-b356-4f0d-888c-96e90ec283df", "5907d09e-4340-4e1a-b9cb-0e4f5f4ca02a", "59a867a7-1f19-4dc8-8168-169a75e606a9", "0de0b5ea-fd34-448b-913a-e8913d029d12", "7a8518b0-5a03-47ec-9ed8-09e90a92e132", "80e3c6d9-26a8-452f-af80-cc6373c05835", "2d32f8a0-7040-45e9-942b-7dc0b9b61fad", "fa5730de-b1e0-4af1-94c0-5768ab16121d", "29b26a3b-5468-4391-b85a-3fb096bd2447", "60af1917-5787-40c0-9f74-b5d3c837fa0e", "f435a2dd-9b81-448a-a6fd-49896d0930d5", "bef05c1b-3059-4bfb-8298-df3246012e1f", "76513f57-4aa1-4d7f-9797-2516da4faab1", "3c04f1d2-9b56-4ae8-a0e0-d58c7d420731", "9f459340-5b38-4713-95b2-044b1aeb853b", "2665d133-1265-4552-b541-d06bf882ea8f", "a4873bfa-2b3d-4b01-a68f-a1bc08c4186e", "4f800cc6-c769-4ab5-9fa7-dda45df2ff0f", "2942ebf7-e901-4003-8f83-5d8101a44f6b", "2533590e-d0e6-40e0-aa77-3178875b471f", "9795898a-f1c6-4fb8-890a-6343d2607bd1", "4e5253af-8d64-444e-8768-073338c0e2a9", "5fa543a5-fe61-444b-b008-900b1389e338", "e6f7c792-be36-4b44-ac02-d1024ae16a26", "de791844-8a87-4c1d-9bc4-a54c03b893e6", "2aeaca52-8991-4b87-a920-c33ceab69af4", "efc26ba5-27dd-4f6f-af00-e86df7c13597", "75150319-ee13-4b64-8447-1856b4dae15d", "a76125ee-f9c0-489c-aea3-5f349ac00eb0", "5ed760a2-ff4c-44c7-bf23-0024578d96fd", "da938f2e-b45f-44b2-b37e-75faae82005b", "29f115b5-3e30-4cee-befa-e52cb60a5604", "0f57cbdb-e1a8-4d08-aa08-2b757b554b4d", "7d080591-9643-445e-b865-85c3cbaf3dfb", "c1b96deb-f6c8-40d6-82c4-f9ae84a7ced7", "5c436efe-41f8-4cff-ab48-1053e0375aa5", "374ce86d-25c1-44eb-bfc6-b37d85b34f65", "ff3681bc-d6e8-4ecf-9619-1980f7664fd9", "1ce36864-54fd-4ddc-ba40-a54525ff5a73", "4ce3b9c2-96ca-4fb8-8141-191838624862", "42ac8256-1dfd-4f6b-90ba-62c31ee28aec", "58c9d790-3108-4358-97b9-ffa89f419e78", "a7993e56-7cd2-44ab-86cc-7a3a21e4166c", "98d16031-39f1-41bc-a6e3-9abe6952321e", "bf7bef7a-7652-4044-88c3-9888a5570bac", "7503b9d5-e20a-43e0-8d55-da994d5ba5c5", "b7ae0554-a7b9-45b5-b889-8e4b7ee30573", "25399e4a-9110-46eb-bcd9-e1ddcaf78865", "88293801-5be8-436a-bb28-8c38fdc0350a", "a520bc5b-b731-431e-8667-b81eafb1db24", "2ddbed3c-b152-435a-b695-057ae28a5cae", "b0f84b99-86c2-4fbd-9c07-d41de798aa41", "c4131a38-86ab-4c91-ab2b-d7f918aed19f", "71619285-d853-4c4f-96b7-28f4d62bd0cb", "32f6d27c-44d7-4919-8896-9ee49805a1a2", "64887c7d-2a3a-455c-8013-ec98af98aed3", "aebb8e53-00a3-42f4-b67b-44718d28ee5c", "234e4c5d-f3d8-43b8-b6e8-ef77605e4e1d", "51b7b9b4-8212-4984-ab60-d7b9d3c027d6", "577c7e25-8ba1-41f0-9679-b336b6b39be4", "ae9179c1-2f63-45d2-a53f-96091406061a", "82de1d66-964b-42b5-9de7-017b18eacf55", "a1f5bc04-360f-4ef3-a3a9-78a732c3144c", "d6c5eeb4-b34f-4699-a6f8-9a25cb827f5a", "7df1ffb4-6569-4345-819d-05d7a876620a", "44389429-12dd-465d-be61-a61805175253", "11bac740-5d89-4d7b-982e-ea97beeea3e8", "ebbd7829-4491-41a3-b79c-3c03f71a176e", "ab9add54-a9cf-44e0-8a8e-03981a2688ff", "eb2a8673-1d83-45e2-985e-56a34ab014c3", "dc84a9a8-9769-42c8-a9f3-868a86f7b93d", "ab694e45-fd84-4175-8e8f-46fc62a1ff5a", "d2186187-6c41-47ea-bf24-d03af9d7d2fe", "eb8f71d5-9171-4536-a07d-77f0b928e4cb", "f5810ff6-bc71-4e67-94b3-48770ec3aef6", "617390a5-cee0-452d-b968-d8f7e243fa46", "78a8378d-c610-4242-bb8b-c062a50e236e", "dcb69843-f541-47d4-af09-6960f844e3eb", "d72c6e44-ca0a-4503-8b2c-779a00991d02", "f8f9a8a3-789e-4ec9-bf33-4716c19a0978", "c0c4bbe4-db1b-455b-bf8a-fa8ed5bee5fb", "08672a90-10c3-49ff-8f00-ac52ef99aeb5", "7d1656de-640b-48e4-b26a-d1a3d1b34058", "0914186c-839d-4234-8558-ae1686d908ad", "e700535f-f3c3-40e9-914c-518908958aa7", "c52f8ad7-394f-4250-817d-6117572f088e", "d969ec5e-5db4-45d1-9c43-7a8a4a2fa1bc", "57a1de46-3281-4a5d-920c-a6eb4b7f01f8", "803c36b0-cf5e-441f-9683-277d6eefa249", "1cfaf817-98f9-47ed-a96d-cbf87f1cf038", "79291dcc-c46a-4ae4-b516-5d1c359fbe56", "84a09348-a79b-4a0e-a76b-152d6064757a", "60a11cca-704b-41d6-acad-4ccaf223489f", "a388042f-ec37-471f-b7db-84ec24b17a11", "1b63fd73-a444-4e9f-ae1b-28c964f00e33", "8c44df2d-ce7c-4db5-85d5-3c73b6b7c48a", "0e7b1a78-983b-4f25-bfae-424e5487c8b2", "679da358-1443-4faf-b1b0-c1ba00e440c5", "434dc1c4-2b60-463b-a02d-bb1789762843", "3c8ecc66-5813-4738-929f-28c74f966486", "999fabaf-1412-41c6-a429-6149cf7b4b1b", "ea73667a-f4e1-47ec-865e-7bff65f24492", "ce7d27a1-29bb-4831-8d71-e025a545796f", "cd390cd2-f4bc-48a2-8bbc-2dadfdddad7c", "45e19605-e853-4e3c-9ada-1018d5b1c722", "4b99e707-7852-4720-9b1c-c02b5d6cfbc1", "1734eab3-127a-4436-9a9b-3328d83de7e3", "352c6d18-624c-4ea8-a1c8-5f90e03fd462", "d424c7c2-11dc-4bee-a16e-f911426fd875", "cdf63eda-9cd1-49f6-9e39-8ec33920e760", "e6006834-5a0d-4ec8-80a0-d03e631df2ea", "c04f00e4-7551-4466-81de-91b3050da9ef", "598c49d0-a682-4179-a276-1d0853f521cd", "27658820-5a76-4cb0-9c9b-790267cc0cbc", "e179355e-1d40-4d0c-a5c1-a802d7345d8e", "5255d0d7-7caa-4db2-a318-a18b268e148d", "2a44ad1b-7dc4-4d59-8236-f1d3370730ef", "4c9d3761-2df8-47e4-a7a5-1f1066943f0f", "78e10c7c-7998-48e3-89d5-b49a9e8c6dff", "744f2a2d-850e-4f5e-bc82-ea5c567df9f2", "5d50ba1b-1cd2-426e-b829-4f872a5fe35b", "3e4db167-1e30-47d8-af9f-682b834fbbab", "3d241120-cf73-412f-b037-f7d4be7b284f", "ef7621fb-a8f8-4573-9963-777b9646bb16", "f8e6ae0f-5bcc-47ca-874e-02ab5d1d725a", "f7424452-6d39-4fed-9b21-b29c5b7ba310", "c8f7e000-3cfc-4fcc-be52-fa0838af8ecb", "f62c09c4-8887-4aca-9664-821d7dd61d1b", "e51f4a5d-f191-4d66-b3ff-cd6664c9ec1b", "3695754e-e1ec-4a4d-840e-51a1310f4bc9", "5d589d9d-03b3-4bd9-a3cd-4dae868c401f", "372f9c69-a220-4851-a936-3f8dae9b08e4", "93afb987-dbdf-4166-be31-3dbd02203da3", "a035971c-2c32-4084-818b-648a0a814c13", "abd2e899-f94f-4af3-8641-585b6fec713f", "2a56495a-830c-4c65-8a2f-15764a80689b", "db8e3809-16cb-4096-adf9-e6279561c522", "d3bea40f-6545-4212-ab8d-ebabd2c09b8e", "29aa771d-f519-4cf6-8252-ffed684ecf1f", "1efe3dc9-ddac-4787-a27c-420e7e058b0e", "6389e45d-6bd2-4caa-b2b9-9fb072958af1", "ee851e10-6fc8-4110-a66d-3309af3a176d", "04338f05-1258-4c16-8e2b-fabededde552", "c1645d75-04bb-4a84-bda6-96b1d62ffc70", "a5d7fc5c-f060-4409-8c76-86f311230a1f", "98ea062c-4a7c-4777-9f17-39efac95fce9", "29dfadcd-deaa-407b-839c-801d04f8a5ae", "7f7554a8-c8c0-4627-a23c-58fcf724664f", "5c1cd0a3-341f-4414-a19d-cb2922316c98", "561a067a-f0a5-4b9c-8685-949666e6e03f", "167fcb44-4c16-45f5-a156-da55c819d856", "9f6742c4-a257-4eb7-bbca-3878ee2f7f2f", "51e1a25e-7d51-4303-8c53-603749985234", "7e66d692-0cc6-47e2-8673-66539cc7104e", "a4d90935-0be6-46c6-b6f7-199c9fd4c7c1", "1df8391f-f5c1-4f60-ba0d-5fc16959f99a", "fc5c0f0f-9ca5-4f7f-9bb3-9c043467cd83", "11b40d28-83c2-4553-a3e2-348a4cc5a158", "b2a7d7b5-3a24-467d-9e78-25dc49e1b8ff", "9fbe22a3-de9d-4935-9bdd-e363a6ec4c11", "04be3ab4-d736-48ff-b748-6d4b288211d9", "14b5b804-fe33-43c9-ac93-2efaff7db992", "913a0ac5-fdbc-452e-9e7c-04ac6f2e1543", "e9dbf45e-032e-4fa8-9b2a-10923b6d737a", "f0a3129f-18b8-4903-a5da-3e3b0838318f", "2c20473d-e277-4bbf-bb80-e5734d214505", "3619bb3a-e330-46d0-9769-4948eba8e4da", "d549df20-b688-4463-afa9-e5070b96786b", "921c1e29-9dc4-4666-b075-34b16979b04f", "bfa62021-e225-4ed5-90ca-22df6fac1054", "3d22b08d-5f7f-49dc-89ec-3d0620f968a7", "322dcdfd-1134-43ad-82ee-e3681d2307f4", "73aa6bfb-3e3e-46d2-a01c-04ca15c76c43", "b81d65a7-e2b3-4bde-898e-803fae707ea2", "e0c6c97d-5c4b-418a-b0c0-a73353c93f0f", "d585604c-4d1c-427d-a176-9c4bcc566e23", "b98af43f-b76c-4b25-96c1-524843c6169e", "5a2aa0c1-c0f5-46ce-92be-3bedee49b54b", "ab1f124a-1caa-47c5-98df-19f573e77978", "3918843d-5fd3-4c66-a5ad-577741e53e65", "34be6e66-7cb0-4cf4-afa1-346d5fd47ed1", "a1193005-8f10-41c8-bc10-3e8a9e6072bc", "b99e0143-42b4-4656-86df-8b5c91530094", "d792873a-db43-4d31-b153-3bf84e2789e9", "a67e5faa-9ef2-43ca-b801-541da633ddfc", "a57405bb-889d-4218-b7e8-e6e5b8215960", "acbb94f9-f97a-4ab5-9491-bcc1d826d5b7", "0860f7b6-7b52-44bf-b6dc-bec9e983cc2d", "3a683afc-b410-4664-b132-af126ef9ef25", "5695278d-6e87-42d0-92c3-583913fd9bbb", "80348040-dcfb-4fb3-9b87-4adc3140d886", "08af65fe-7bd3-4cbd-86b4-2e9de01078de", "7179886e-3a50-4921-8cd5-90fae4819d68", "49abc8ce-0640-4038-9e58-21d29d771ffd", "fb383f98-d240-4d05-8344-ab3e866409df", "df57c13d-3287-4681-8761-f1594311639d", "643768ce-aac1-4626-8e2d-4d22ee6c1860", "03d21f92-c0ba-43d9-a804-0ff4f3b5c3a5", "d811f9e2-dbcf-4f70-938b-216ac96a4229", "396deed9-494f-4efb-b2f9-a3f1f3e75d91", "d98ecabb-6d2d-4fb3-b1c9-384d66e2a4b3", "97630de0-4193-49a7-ba3a-bd8a48259f53", "945d1f9f-fab7-4e59-af21-241d7b35ffdc", "0bd8605f-1dac-4e4f-9ff9-5e2d90b10183", "f4ce7984-1ebc-49f1-80c3-3bbdbbf44b55", "116c7a3a-32d6-455e-9fda-8c7166bd4533", "621ea891-07df-4cb8-9e72-54ea1d8fc5d1", "d056c0ea-857b-4975-b2a6-ba1857b08334", "5c45fb9f-d6f1-4310-abfc-f2f88085f7cb", "5b3a8f2f-3675-4065-9f0e-69ab65097049", "409a656e-bc1a-4d1b-ac78-320d27cd4440", "fbb2a198-5585-4434-b23f-df1884c8bfbd", "b7d00f5a-bca8-410f-94e3-d1fa8e6bf293", "63e79551-21e0-4f1f-95d3-ded4c10b00b6", "a76aaa46-3cc0-4a9e-9b8f-0fc5d544b639", "b06c891b-7742-4020-a683-0ce9eae15242", "cdf96b89-a533-48e6-8c2e-11708699f5ce", "48083668-4fec-4080-a76f-7824edc8a699", "7b66fa61-0469-4963-a6a4-5cf3f5ffba4c", "0e961d8e-a606-488f-ab1d-3adc355544dc", "f0ab7cf1-e497-465a-92dd-2ff44ff76126", "45a124bf-ab75-46ca-b7a2-697b60d49448", "5c995368-0fbf-4c12-8317-35bfd86cb6ab", "3024c549-1844-410f-a059-2f5a1fcebd50", "078eef65-9e63-4232-bbd5-1765e757c781", "ac71cb1f-66da-4ef9-9673-7d07a15dabd3", "38fff677-8a7a-4e3b-854b-949549c9e701", "593060ed-00df-410b-8203-02bcf628c634", "75c51500-837e-4035-b6df-48190a8f5671", "a3495114-9c31-4521-b8e1-1b712fa34808", "47e1b5bb-e274-47e6-8489-905a4401d456", "58b44914-5912-4c2e-bf15-38f9b66989c5", "be832d6f-07c1-4038-b0db-919ae875334d", "d49324a1-5476-4be8-b668-14d8b1778650", "1e72625a-184c-4e9e-b765-45724764f40e", "98e1cd6d-9efb-4da3-a5c3-5a722dc93ba3", "c422dc66-e749-4efe-bc2a-c17c6667f95d", "f3432491-be89-416f-a234-e641cf9c6c4c", "c7fb2b6b-f3f3-42a2-935c-31f8001e5244", "49da6845-be56-4291-8762-33da89fd85ab", "df9e0ade-6e43-4987-af74-8cec7cc72ef9", "cdfa1cb6-eec3-4ff3-ad38-79a6a67d84fb", "a40ddbce-efbc-43ec-8254-eeb3e5a1c9a7", "2134f195-ce13-4ff6-aeff-bf138474e342", "fa3014cf-516b-40ae-bcf2-96ff1bf09f8d", "522ccc13-5c5e-46d4-8404-a323744d7e9e", "03e9644c-7495-4e59-bb3b-523d6dbc7a73", "74a7cd9e-7c82-47c9-9cbf-231d9c1d9c72", "c9b87620-5413-48e8-8ac6-89ec68b515e8", "a3b6d1be-9649-435b-9bbd-f45043df97f5", "fa0fbde0-b815-4a87-8564-077be83faa6c", "1f227e48-f53e-457e-b735-121c2044b020", "e9365c49-b88d-4e91-ab30-12f5bc94a9a1", "fb94b907-0110-4baf-a541-a4f6416a0417", "f204434b-2d2d-49d8-9ada-7072332b5121", "d86422a8-27d9-4941-8ae5-e14ce46d82c5", "3442b7f7-d5e3-46ae-9349-1ee6e281f812", "57136d07-4dcc-4bab-819f-68453b018c89", "1969695d-b299-4082-a703-b59b5017200c", "2ef31f83-27b4-4c21-bdf2-4c329bf908e5", "d0f7f724-aa3c-490a-9989-ffc606c08ad9", "59c53790-d508-4458-be10-7c2e5a4786fd", "b20a0705-f396-4b08-996b-95217fc5d784", "fa1ed924-1f7c-4310-a0d9-ef2cb056898d", "d9d9d186-3677-4899-a6a5-6811277ef574", "0c28efe4-b3b7-49fc-bb0c-f6f6333a334d", "1ad50c90-5752-4952-9568-65767236eb84", "c074530b-a9e0-4cbc-97cd-b359c52ed35d", "ca551668-f2a5-4c4d-9588-97beae198f18", "2b114dd8-b2d2-4b47-b697-72757420a39e", "44206f95-8cf7-4a4f-b0f7-070a92b6cdb1", "6cada005-5a2f-47e5-98cc-c24968ec16eb", "2a1185f4-3887-429a-9a60-e50188dcc07b", "1384484b-975f-4e95-a9d3-f1226fff94c9", "059ee1ae-95ca-4266-a371-03b984791a2d", "2ca03113-0d48-493a-a7bb-94c70c3336db", "58e3c27a-1f35-432d-997b-f18c4b584f17", "b39577d3-5c89-4645-bfd5-c094b3abe35c", "cb048a8c-83fe-4fda-a5d7-f68592835e7d", "9b785620-f5b7-4885-af86-b64b69bbc7ba", "a06f5e8a-1f14-409f-aea5-85cc14da5b4d", "37dac668-2569-4edd-9e5b-6fb7f88037b6", "dd1a1aae-e39e-435e-acdf-f2e5d2146fa6", "074fbde0-dfdf-4f51-88d2-a51026dc7984", "7c06a14a-2a02-4ddb-b9d8-7138dee566c1", "6d4af24e-1ca1-4c0b-838b-0a85404b578f", "ae74f12e-5cb0-4e35-8b01-66521966e8ef", "3451b50d-1649-41c6-8b0b-5cb93b358297", "aff0b092-46f4-4204-a046-547483b021ff", "97e24615-bd7f-487a-9773-b610309fcde1", "02454a9b-83a8-4e16-bc35-7cc3586182c4", "13653c20-b222-4159-8d20-7377f482869f", "37b6ce4b-0f03-40a7-bbf0-22478a1feff9", "a5205425-f3e6-42cc-aac3-5668a39d27f9", "7de77d3e-2c2e-42d0-9e58-c355ade66442", "2123ade6-5708-4f8c-993d-d23f13eac754", "7979160e-a8b0-46de-b203-46468d4763c8", "f09ea658-40e0-4648-9114-12751d3208c7", "45f1e478-e2ae-45e6-95ea-39307ea65735", "93cadd0d-6128-49a6-ac86-12a8e553b4f2", "84e14568-93c0-42d1-80f4-8505bced5dfe", "8e0a970c-03a7-444e-93c5-a4e7705f2f18", "18601390-6c47-4beb-9570-ed80855d1231", "c246bd55-24d6-4b7b-b27a-6aac4b94f200", "de6cc13e-36cb-4674-bea8-898f1aa18211", "46f56795-6808-4faf-9160-bc386d2e569a", "6b3db56e-9f5c-4c6c-b713-a8cb477bcc57", "ba443884-1b45-4a48-a2f6-4fbe27b5fe05", "d0e119f4-7fa7-41ca-b458-d729100597eb", "ecb4d2e0-1f22-4325-b766-6e48c7ad0a7b", "0c670653-393f-4722-b473-a1cf1068f805", "b2ac0fb0-cd0f-46b5-b1f6-fad231753103", "e3ba86f2-2ad2-4d22-9ae0-dac1afd1ac54", "5fa2895b-1ad1-42be-a212-846a25aaff7d", "61e1b918-639c-43a3-b9fa-f788a4fcf932", "a990c921-213e-4ece-9a5b-8b1b6b73f964", "c6b736f9-a0c7-416d-b991-1e74f828b22f", "fc39a50f-c45f-4f13-b371-27efb5f12f4f", "e6e78a24-dcab-4edd-97eb-a9d4a35e2a08", "72a61c99-1bc0-4c28-af19-77319364c60e", "e22e2fa7-0701-4c10-badd-cb0ce17346ab", "c001ac2c-02e5-4001-8ff9-3a02231abd93", "2ed5ba3c-c5a9-48a2-b1d7-6071b1babe2e", "abc0b71a-bd22-48a9-bbfe-15d73fae9d09", "e99deb8e-e955-44df-9ff4-3fa02aa34c2b", "ed438015-a222-4adb-ab00-0130bbfda507", "0e8251b7-f147-401a-b6b8-0b5e38857fa5", "e77c4849-2cb3-4e6b-908d-f1c59246d33d", "fa9a0188-f49c-4f35-9283-eba408e64a33", "07c4a872-08bb-4eda-a7ca-5f480427ce9d", "b0e0f736-1c98-444d-8ee7-65072097eac6", "3cb64391-3a37-4f4d-aca4-0d43a1a2d6e1", "5ac9d94c-a953-4e7e-9f45-1c514f2770ec", "4c6af709-9f65-499b-b6c3-2e4e06916a76", "9839b7e1-c8cb-4386-bdf7-c338d7b37746", "62a8e57d-48ca-4aff-8354-4e7f70eaeb83", "04cf4a64-7c61-4182-986a-5f5a43d3a544", "f9fa5cfb-e301-49f5-9df3-dc409973edbf", "a845068a-705f-4f12-bfd0-ee47cdcdfbc5", "bf9c38e9-b381-477c-bdd1-b08512fbaceb", "ba7ffe5a-0dd1-4107-987c-6f469dcd2404", "021c558d-adca-41b1-9e41-d9a01c8f1985", "d45a210c-e2cf-4028-a11f-cefd690e63c1", "0b78443e-9da5-4203-bbf4-4cb6a0a34fd9", "ce0fe94b-f17d-47b5-8352-76b3eb3f4b7c", "175de025-34b8-4b52-895a-4db075ebcda8", "1ac208bd-a186-46fe-bc05-463246b236dc", "ea2e5421-4642-428e-a253-ac230b7b0776", "fbd92cfb-4de3-423c-9497-c280b2d4576e", "da966db9-32f5-46de-8cd0-c3c92fccdbe5", "1adddbd3-660f-40d1-a580-f260304fd609", "76dda38d-288a-4f2a-b44a-7cd31bc1e55c", "a13c230f-70fb-4ee7-991a-79f0fcb0739a", "210ddb9f-b393-4bc9-b026-87adc054b338", "59388318-0807-4a6d-bae9-7da34cf54c5c", "53d6200c-a52b-4a9a-b09b-f008e66d1d42", "d0aae5d0-fbad-481d-9ab7-9cf9f03bc584", "3f868a8c-524f-437b-aa75-415a36a38798", "faeeeba5-61e4-42a0-9097-7778426bb115", "cf9a9210-5588-4390-af14-22f70585db39", "64853303-51b0-4b80-88d0-7a149dc5e67d", "cba6bf34-8923-47af-b0b2-24a04edcbf31", "b6f50f76-b8f0-4468-9ed8-2b87622f12a7", "438f618e-2695-453e-8459-0d9ec08a2caa", "0692ad4e-fc04-4b77-97f4-d55561e95e54", "d7055ffc-4de8-446a-9b4e-621cd0824e1f", "531e7603-242c-4f72-a484-0e9e065b6e85", "8e6313e5-f977-4d6e-9a26-fa9fc94ff06e", "229e14e5-4dc1-40cb-a90b-5b51a12fb052", "7cb6f612-c220-4453-82a4-e9821bfefaae", "69c32716-2322-466f-9c72-68d4aac1fa94", "c9db827a-1c51-4ddf-af55-d65c24a2fef5", "0812b719-43af-47e7-a615-a095a7b35ab5", "622d056d-5d16-4f97-8dcb-a1814624c7bd", "45844464-14a6-4dd3-af9b-bd380216c2f4", "43427da1-114f-40af-a50a-a1ec55f2a070", "5a5c89bb-76e2-4e26-ab3e-dcbb339de2bd", "a8bb1b89-b0ad-4be8-a82f-23da2247b7f3", "da304d61-fa87-4db0-8bbb-cf96d8d0db96", "cc1974fd-fc23-4ff2-900a-5ca938d02522", "1ee7f521-a7d2-4044-9514-5fd53e9e9008", "291bddfa-16c3-45f2-9bc1-eec8350572e9", "848f592b-15a2-41fb-bb61-5f4962e8be16", "a6e968a8-11d3-40f3-b804-303af8127649", "1c0470d6-4c30-4605-bc77-0f89e1edf126", "60ccfa97-d74d-427d-8333-f1d5b52c2b3c", "ae9e8d04-1aed-487a-a634-ea938a197498", "fa878deb-afcd-4096-9ccf-dc54ac2bea83", "6012659e-e60e-4e0a-90f6-069dc617562b", "351ae76e-ac90-47ca-be4a-98dedf6c80a4", "d61e2d16-694e-417c-a24b-50a839738313", "ec45fc94-9a9b-4be6-b149-926ebe1b12e9", "4a52c7db-28c2-47c0-b615-59f2a713a60b", "b6a11c43-b8b8-428e-a682-4862674daecb", "bc0b2a1a-ca9b-4fd3-9141-dac75d92f9ce", "ac976777-3e5c-4a96-95a8-f64c3f848172", "d1f7645d-0dd8-4ee5-9e47-fcdcb61da808", "6146163c-a114-44bd-9869-8b490962862a", "390fb260-82b9-46fb-a034-d9e632a1460a", "38857a0e-d04e-4ec9-bdfd-4baadd940d7d", "e95a39bc-5812-4873-952f-1c68747a7823", "9e03c584-2cd5-4614-a627-8bcc353a2ddf", "22b88a0f-3bb3-4262-b923-689e8b72dae8", "32cf176e-cf64-49ed-af26-a99c0301a420", "db3668c3-cf23-4b5e-8e63-b2c269b93687", "c5af2db3-e377-4dc2-b774-368cf65e264e", "b20620d9-6352-4246-8007-b24d67611d15", "6d8193e7-c531-4137-854d-7c77cc3456d0", "1fe57233-2f5a-450c-bfd6-41b9769334bf", "f94d817b-3fd6-4d50-801b-ea50d0ebe32f", "11a9ad6e-8f13-47b1-a1af-07c59e685f89", "5c9cbff0-39ce-40f2-ad92-9417b8973a93", "d3080e08-6ab0-4c88-b625-b13e9b007166", "0248dcca-babb-48fc-a648-73b2b78f8031", "c636e7dc-b47b-45f4-b127-152ad6b3e296", "756a0fa3-887f-48e6-b111-22c207d43b13", "823d8df0-8c12-4017-affb-887ee1fea7ec", "64eb988d-5da0-4c4e-9648-3755dd7638b4", "bce3bdff-7661-4091-9267-dfc3cacbe2ef", "325e96a7-9972-4c12-aeee-54b84d996564", "d5aa1dae-d37c-42aa-b6e1-b2a1bb648176", "4910b01a-004d-452d-abcc-8f271aaf3454", "a3e53c26-c184-46ae-9be6-e5c7c44fe193", "563473c2-88eb-48d6-974f-48bf23004656", "ea7c8935-1229-45d0-b0cf-fb0610d739d0", "8e8d6ebd-970f-4556-8079-9db5dd0cc66a", "a18c7570-b8db-4625-837f-1245ab69b5a7", "8f4fdf95-b8e5-41f4-b8c2-27863f4b350d", "453a0ce8-d1ac-490a-90ce-b392f2b040fa", "20096312-260a-442a-b1ed-37ca48d08ce7", "ad0b02d2-00e6-4403-83c7-c33f1c5eda7a", "4c0e93ac-6875-40cf-8fd8-5a40f5b32fd0", "45edd501-2bde-439a-a0ea-637932b0d418", "f7b4b6ac-4dd3-4b10-92d2-f31adfc5a6a2", "b0cdc85b-119b-4ac2-b92c-87761a890101", "ad30b3e0-390b-49d8-87a2-972f6ffbef48", "3ff8b20c-2ee4-4d3a-9a6b-786231c434e3", "7aa0f593-cf37-4693-86c2-6582d5aa88cd", "fefccfb4-d386-472c-9294-f00daa7ab834", "712bdd1e-4c8f-4132-a27f-6700c5230e1e", "d44cf9e9-8548-463d-80b6-4449a62efbe0", "d63c3575-598c-43d9-8792-4058115ff576", "9372fd06-89a2-400d-ad90-882773e75c5d", "3dadc0ff-befb-433f-b418-4b88e18a72b1", "10846a33-aff1-461f-a437-9e584bb61832", "b962ce6b-79dd-451c-8690-ba4a11f7ca67", "192d25bf-fff3-410c-b802-86904a46bb28", "ee188cfd-2cfb-4b13-ac58-ccc8cc18282d", "c6612315-f13d-433b-85ac-3e83b237820b", "80f5077b-1e73-4b61-b84d-d5b0d8da2fcc", "2a8110ed-4d42-4bfd-8cc3-1fded32a57cb", "e9de3bcf-58b1-4c63-a4de-52956d3a9282", "0c569086-30df-4b17-8a8d-1a11064104ba", "05df90be-0de1-48c3-9b72-dff304dd418b", "6eb27934-93b5-4892-99cd-a0004af2b953", "3d0cb2e1-da5d-487a-9f04-7d0b77199107", "31e2eec8-b0ca-4289-93bf-6d9f0ed2b45c", "a805302d-a930-40c9-9453-c01cbc3fee2a", "e1036e61-439a-4437-87d3-b2d25ced7f7d", "b424533d-d74a-458b-9852-1740b59ffbd7", "aa79c259-b666-4939-ba25-c340cef85342", "62486af8-c0a9-4c8a-845c-b622c13b7667", "ed43b694-6c5b-4de6-b58b-f802db4122c1", "e78597db-0445-4ae4-8810-506ae8a15569", "4373e66e-95e2-4bbd-94ec-b69d73fb0665", "fc813158-7dc0-47a9-a96b-e3728b03ed30", "992024c5-c778-42f1-9401-cb616c7a0c0b", "1de62b9c-6c28-4ff5-9c40-ed0ff02e6e3d", "7c90cb57-b645-4f17-a1ba-9bfadea2e0a2", "370fbdad-e5f5-4edc-8650-08b7556061a3", "fbea61c5-b34c-4277-ac2b-ea1b14f03149", "73a2d929-cf5c-492b-8162-a0df9086eb88", "f0d83f43-de7b-4e3f-95dd-d13346b7ab21", "f00aa4b0-d67d-4dbe-81d3-71dd387d56bb", "7a03b0a4-5f59-475e-9972-84eebe4e1dde", "211f6f1c-885d-40db-a66d-3f91387dbd8f", "14237f5d-31d9-4af6-a483-de758127083f", "8abf2383-2002-47b4-8959-b8a4957b5762", "398fc45e-9823-448c-9f09-55778384b196", "a34db24c-1d3b-4426-91f8-a00d5d07fff4", "cdf8d360-f250-48b9-8294-f88336bb32ed", "f6532739-5e45-4b71-bb3a-11f65bd4aef1", "d89a52f3-41f7-478f-a1e7-52425eef6df2", "3549eb4b-3a1c-4d7e-8415-3b3adb04c93e", "7cf4e007-3820-44d2-bd8e-e3b8f8834e5f", "0c9ec95c-56c6-444f-8e97-efa8fc1aff6e", "3c285e2b-84d7-414b-8919-34b1eba351b7", "62666d92-b7cb-4a94-a6ba-3458cb1d7d5b", "4e429edf-be39-4fb9-bab7-a77a845ac949", "f82f150f-32fa-4636-b2df-0ef50dda6206", "7f7ad599-7f49-4d81-91e3-213cfede5481", "c9f5bb1b-562c-410f-bec6-5ed0ae29101f", "b2f28306-101c-4143-a69b-44722ff60464", "21d23ff2-b9dc-4aa5-b18e-e3613df50c2d", "2e60b144-edd4-47ea-b0ff-33fa01f7d8ea", "5d64d0e9-a8c9-4700-9c8e-f9febce37af0", "d003cd9c-29e2-4c9c-bdb1-a40f399fe418", "b0ef23c2-f232-4f08-8cb5-e1ce1af7313f", "5dcd3020-5bde-4cf5-b8cd-52a8bb5b7f18", "fbdfdb54-7d7f-421f-936b-e4370c524669", "1795ee4b-b9bb-4c29-bead-fde0d1b0118e", "0afc7467-9d98-476e-8d15-a88c34a2362c", "c402f79b-cc5f-43c8-a892-c4f1d0e4330b", "0869f75c-4e22-4300-a4e3-27fe0296167d", "2ad8d36d-c1cf-4bdf-bc3a-7e2e55f628a9", "34232c7d-124a-45eb-a240-5c5687f99e02", "63f1f421-e62e-4d15-b956-f2d36c82cb09", "6b71836b-d173-4704-997e-48cf26ddfbb5", "99e3b3d6-acd2-425a-843b-c223b4cdbd7a", "f7db82e0-33d2-4118-a524-03c8324fe7fa", "e3b84e6a-3075-4603-aa58-1ae699ebbd34", "d181c5a5-2a14-4896-8cb4-f5e27bcf056b", "4b5a07d7-66f3-40c7-88d4-6e94673f23d2", "b9b77f02-399a-4e29-aa3d-495de1e811f0", "2fafc487-3261-4cfa-bd8a-89ffc90ea574", "b720e967-a9c5-45c2-ad0f-b4ec0f101c80", "453981ef-fd99-4bf5-8456-7287944c5a50", "764f8c99-5d83-4388-852b-3bdef11d226f", "e33db61d-0394-452e-8c2c-166a6806d2c4", "bde1706f-5a3f-4c9d-9b53-f138b210b675", "ba53d97e-a1d2-4922-80ca-46414e85acbf", "196ec9d2-711c-4b0a-b563-b337e83bc01d", "80621b26-524b-406f-80f4-5f8589834544", "7b85cb6b-5f5a-404f-afc8-ab5c9766c7c5", "205e9595-9270-433a-bd3f-79643cd26afe", "4f5fad0a-eaa2-4047-8374-c3056d16309d", "0619475a-58b9-4ede-b36e-013cc9ac1d71", "dbafafba-a985-42b5-9bcd-3004e4754a69", "d20dcad0-7a5f-4f87-9769-eb446513497a", "c80d2f21-a9fa-452f-878d-708888bb9246", "a0103544-3cad-4193-ba55-d15588770eaf", "64e781ce-8369-4e01-846c-3d8cc7696311", "7c3f5ba8-d228-4d43-9a14-c3ceaacd99a4", "362cc375-36dd-45d3-8cce-db70c1eaf592", "f11bfc88-f024-4c61-b589-af1d4eb924d1", "4587635f-5e69-4686-b530-df17e0eee36b", "4e526a62-0d95-440d-9763-ac92d592803a", "4063828a-cb2c-4880-843e-489995d36fbd", "486b52d6-9ff6-4b26-b534-5538e2572b33", "f638aed4-fe36-4768-a415-be5ccd0ab1ba", "1e066b10-2d14-42f6-8a38-11f13ea3d7a9", "05d3983e-1b2d-4977-92f7-980838581b27", "bdb6d41a-2446-4c53-8bdb-f55effd18ae7", "0fa7960a-c606-4f09-a47f-81d7d0b740e9", "a58e87fd-9723-499f-b92e-50fbe3995cb7", "a9b8e52e-8d93-447a-8d35-6de9ebe1159d", "70ca5d7f-f43a-4180-96e6-c71dd68d4807", "271e9c06-bf68-4aec-8386-363a12e4aeca", "f2c4a88d-67f4-4ccc-be63-6c9fd02a7950", "02a8f3ff-656d-4e94-b37d-3b716a02fe46", "1a896a1f-7156-4927-a497-184b9a55a172", "e57fdf40-e528-4258-a717-0c24313fc68e", "73394cd4-10af-4b91-9aed-e983cec8524d", "8d46b749-a6f5-468d-9af5-004b2a716f63", "dd734710-0b13-4238-b176-3a3328e7d4d8", "85216c5c-6d6d-4fc9-82b9-5388d3e3763c", "192ed46f-6000-4be0-a4ce-1ef057237ce6", "a89d2481-1753-4813-b778-255255ebd392", "743de338-cf7b-4f45-9d4f-16380d8372c8", "32cf72e8-d92a-4538-9ee1-9c090c922c6b", "1cc4a841-b46b-4728-aaa8-6871b3c183ad", "0b7087fa-0ef6-4f72-b7ab-8cd27295e5f5", "d5185188-573d-4cf8-b85f-d0da715bac6a", "3f63f5b0-6f40-4529-a40b-ef1a0df498bf", "4f66d665-99a7-4a1e-9cb3-d7bad1f50a50", "d6f9a804-0661-43a1-bb36-31883109ece9", "25c33db3-c388-4fac-a4cd-7b57ac12bec3", "cc0e34f7-f109-437a-9ab5-3f1ff875cfaa", "d47bb56b-d795-4285-970d-df640f09888b", "81699491-83df-48d3-9182-0830662665bb", "c92f1a93-058a-46bb-9395-f343d48b5ad6", "1a06d5d0-7a4d-4d20-b791-74257ebd4247", "18cc5871-a39a-474b-af4e-f6f01cdfc3b8", "101d40b6-1b60-4369-89a3-ccc83fc6eb9d", "1b775822-2cc5-4cf8-b2bd-24a24f37653b", "a424faea-88d5-486b-9007-8d93de6eec65", "f6ebf093-5721-4415-95f5-1c184e61b7c8", "aaf3f400-aa85-4a9d-b5aa-42c0425bd03e", "a363c257-1b87-4ede-b40f-4e996d380ec8", "bcb038a3-4f2f-49bf-bad4-2964b826118d", "8f44d81f-c76f-47da-b9d3-592884fa7b3f", "9ceba9b5-b40d-47bf-a9f7-4dbe33d83e9e", "1e544e5d-2dd2-4a07-a495-9b04b0f9e9de", "8810d0b9-5a87-41dc-b9f2-4cfac46a42ee", "ed7575dc-56d7-4869-a9c3-c12796299305", "382c7a28-03c4-4a1b-83e7-e474b23947eb", "610c84fd-34e5-4069-abe2-234d7abc9f58", "24f9faf1-82e6-4a73-b6f0-a1308a525d6f", "8fe0627d-33e9-4dfe-be31-e623ee8019d0", "a4a54d71-70ac-445c-9874-4cefc94186e0", "da9dda38-d644-430f-b645-a3b2bb727fd5", "b030fb95-c0f6-409b-93fc-6747a168c91a", "d7169520-ed98-4cb8-82d9-aba1d1a86bfa", "1e047472-1f36-46fa-b253-733d22025ed7", "f8aa36d7-849a-4f09-9440-547385667e50", "5ed2027c-87ac-4614-9334-5c741103ab1a", "128992fd-1c68-4472-b8d6-12f851dae4cb", "7cd4eecc-6d48-485c-8e3e-04fc22f34ffa", "eb854ae7-cb5f-4ac5-9d92-e70f7d5bc80e", "0ef9bf10-18d9-47ca-ac38-9203b1a39dcc", "2d5b8b2e-5638-4d95-b79f-696596d0ca9d", "e631b903-7eac-4bac-ad19-b93fb98f0ea8", "dca26274-bb33-478f-9365-be438ccacc83", "b0bca65c-5732-44a0-ade2-0a1d268f8909", "8666363e-63c3-4a71-be54-fbfedbb03298", "4ad05c08-9497-4f4f-b176-83cdfe6d7365", "03c8a79c-da9c-43a4-8b41-8460982da0ca", "788257f7-2242-47e7-a402-28b2649464be", "0f88ddd9-3e22-40b9-9fa2-0d44b8b2dc6f", "40596c80-e8c1-4e20-a2de-29e344193f3d", "538bc7d9-50f5-456c-bf70-5d00583a43b1", "3a2124f5-f02c-40bd-bd54-4a893b63e480", "16c4c47c-b342-4400-b7fe-43e227b6733d", "797569e2-779c-421f-9ae3-8436751bf4e2", "ff4777a5-9f39-413e-ac9e-baf5de0f2ed2", "bb1191d7-0874-4a58-81fb-f45a0673a724", "dc41d1aa-c1d8-4423-abe7-76101b85fff6", "98ee4aa9-1662-4f37-95b8-cc9b2ced45ed", "b6f9a2b2-1c01-4136-9725-1ee87dcff120", "767e02e1-244c-490e-87d4-31041406fb56", "c57edfb0-c764-4b20-adfa-f812f33781fe", "23e36138-4063-43d1-90b5-fa25c4da7f0b", "6578a531-7c20-4120-945e-a338cf5b0100", "8eff716a-02a5-41e1-842d-040ba00b3027", "60b56044-c7b1-4670-a3ad-5bd238a21b2f", "b883f07c-24cb-419e-9068-32cd9be25334", "739ee68b-79f8-44cd-a9a1-cbb34b225148", "32541ba4-51a2-4180-a75f-3d8230d10145", "ea3f3c66-fbb4-42b2-bd72-b123d8fbca8b", "f8d3468d-7907-4196-88c5-febc5c50207a", "087f62b8-3cdb-4584-9c85-db7ab511f98f", "fb805d7d-148e-49d5-963a-60d20f115f99", "75452826-527f-484d-bd8a-922d91719525", "60fe64d8-a4bc-4ad3-b9b2-5aca52bdefff", "76574efa-82c4-4590-bfd9-72f6e674fc78", "eaa19ac7-f8c9-44d9-a6e8-09bd6f9f66e2", "21e4c1f8-9899-4bea-8b73-0453a3711b3e", "c2acb49b-4fe5-4ce5-957e-535cbdbc5206", "37edbae9-99b2-4e8b-975a-43ed8e0b7524", "9ba99a87-5118-496d-b275-f3d7f945944d", "49ea0e9b-705d-49e6-a10f-0d972c10fe8d", "ee6ff5cf-fcf6-4f85-9c61-b444eb69d4ce", "3123ab30-b86a-4267-ab0e-ca02bc5f374e", "0906a069-62fb-40da-ae0c-55c9f40f474a", "0f964b24-11e9-4395-acde-7c9f0cd73099", "d41b6128-28cc-4e27-85d0-4bddd9101217", "75794eec-af98-424b-8eee-02015ea4e1c7", "b0b538e4-723f-4bf3-aa59-5a8c0c8f34d7", "c7811b21-bfda-475e-980f-35d5181b3330", "d6f64668-5080-4c10-a2f8-2922aacf19b6", "076b54b9-f302-4eff-8a44-db0fdab11c81", "5bcf0801-8551-406f-a340-4375ed9f82b1", "7ff9b848-c8dc-4243-bc1a-b92c99f6ef8a", "2bc59a41-91ee-4a9c-b4f9-da82ff11543c", "2cac2098-658d-4c8d-b16a-7c4d07cb50a0", "bb3641f5-743a-4f54-bba8-5ccf7312d0fd", "dafcbab5-3073-423f-8574-a8f3319edc19", "3d880a87-5aff-4e50-82d7-a1f198ec73b8", "77af2993-fb12-4852-a400-3089b908ede4", "dc19f7e5-0d86-415d-b06f-bebe09607ca0", "29e0a699-4a89-4968-8d42-5752d6cdad44", "8b8fe44b-c71e-4a4c-abe9-735dcf8f200f", "1c8bff58-11c3-43d2-84be-60cef5d7aa54", "e97b04fd-73bd-4573-814c-65fd4e83cfee", "c5cd0f09-72bd-477c-a8f7-dbc703ba18c3", "086bdb81-2a7d-4e28-ac4a-7fe39d1b5bc6", "6a04a6a2-7005-47a9-9eb5-bfe25938a082", "d560971c-9273-49e7-bc26-6069c3478976", "cd17180c-f301-4608-8c73-020ffe9ec7e8", "afb87398-f015-4591-8a20-7a0dc72654c7", "d5880a3c-8837-4c59-9962-b6b6aa17b9b5", "f8b4fc5e-2ae4-49d2-9e48-db92ad743bf5", "ff76fbc3-a6d4-4c56-b78d-7eb007b9822c", "619d8ce5-a458-4376-b203-3fa85af4d0e8", "e4cfece1-7a0c-41ba-9f2a-62c166feea11", "3af0c98d-d5b3-4d25-9d3b-735eb4456614", "ca5f2323-a576-4afb-aa40-62fe799b8f46", "ad755e72-a385-47c1-bbfe-3b66452cb1cd", "0164a3ef-4586-4a3d-8067-27e841124223", "dfc8b228-593f-4868-aa67-70f48ad4be2a", "49a9f441-aeb4-4d71-bcb6-2d6ae3e0d0a0", "9fbd25ad-223b-4f48-ae31-a5d507e60242", "5262c9b8-b672-4add-baa0-441df4a19567", "f9cb474b-b80a-4060-9111-0ca77f9fb660", "83c448b8-2537-4cb0-960f-93f5a43fa4f8", "4a80e9e5-1165-4cc4-a439-fdd7b29dd202", "4ac2cd17-10e2-4b82-948e-3e5d6c4b961f", "45462c6c-e082-4d4f-a09d-a2f9b3f6e837", "f3ca5f54-40dd-4a9a-97fd-928f1686c1ba", "f078597b-80d1-4cb6-bb74-a2ea4728f9da", "cba65c3c-f838-40ea-93f4-e745f3ce5822", "94256b39-6f8a-47ac-b542-6e57cef01b47", "7a6f7a84-6a7c-4e94-a408-8f06133d6cfb", "7a8e93eb-5835-48d1-9ce4-12f789946d12", "8887ae35-898f-4cf5-a008-7c3a71fd180b", "3cf76a56-958c-4206-a20b-2b0514b32e5a", "b78da2bf-5ee9-4ecd-bc87-c89b044a2425", "54b51ca3-ab68-4b80-8cc1-172509321525", "57810974-8e13-402a-9904-47bc5fac2fe2", "26032522-a2e4-4ec7-ada8-90c34647456f", "d199ab68-8f46-4f0c-a876-439fe36e837c", "e3cd31c8-de49-4233-a1ad-c4c6fa4b3bd4", "67ac89d8-65f0-4022-9117-9eeeb46c564f", "3cb678b5-a486-4e5a-a415-a376c7520520", "11bdac0b-ec2b-4647-bf1e-2c0bb5d012a4", "17a5a4ac-a868-4dc7-b576-313d74226dd4", "1ac3cf07-44a6-4a9d-8af2-1d25967550c4", "a43da2f2-21b4-4fbf-8734-25c06e0fef79", "cbb05de6-5299-47fc-a725-0eb1f08d5c67", "0445429c-80d3-4373-bfac-c439b3156c61", "1d743f85-3108-4b7e-97c6-1d8e2e5bff50", "d693e574-6d17-4faa-8707-23b7bcc76a61", "c6ea3e97-51c0-4575-a7f2-7e6b7107aa22", "81df55ee-af29-4fac-b4c5-a7de364c3261", "dfde3d1f-ab0a-478f-a914-4262b66f7c6a", "c29320ff-8e75-4b77-b016-18e1be25d01d", "7310b164-4474-4016-aa0f-3fdd497eca77", "48cd0716-f808-469e-9dc0-b23d97cf6ce7", "9f630407-9357-4be1-8aa7-bb18dcbd289c", "924cfcb1-16ee-49f8-a2ff-f3ce9fb5be02", "3d38c5a3-9bfe-444b-bad4-6091256634a1", "ae8c8db3-ac86-4485-9575-b984a5c46274", "a9daa784-a625-43c3-8a68-2609ecf11533", "0f1a97e4-12d1-4ded-aa38-443e3e2de1ef", "3abcefe4-ff1c-4359-b33d-20767f5fe8db", "6250302b-13fd-4362-a379-da2fae2e34c5", "b10dca99-82d8-46a2-9518-17125e3ee528", "d3f88b21-53c8-4fcb-8a2f-691b959d30e7", "e7bc1571-33a8-40ef-baf7-9892e235cb53", "bc184945-ce9c-465d-a7ba-1176ff1ebe8b", "24c8b156-deb0-4495-9cf5-168aa8d1b830", "a630801b-8b02-4b55-9ae1-dc6534bc2236", "420c79f2-591e-48de-9d3b-80db41e1fe67", "f692ffa9-d1ed-4146-b3a2-e12f5c06f6fd", "84d92d4c-acfd-4de0-9c58-912aa95eaf9c", "d10e1c8c-e6dd-4259-983e-8c99fdf4d2dc", "47eafa46-f21b-43c9-8ba9-f7ce23a2018b", "e8af192c-ce1b-4b46-b191-8060163b7d2d", "412c03b3-a9ce-4c97-917c-da15fdf7db24", "705419f4-171d-4bfe-9509-309f0a3b19c9", "1f17bf72-49f3-4773-9861-0213fb35d330", "fd4aa7f4-a835-41b5-bed6-4394afd97c89", "ca6d6e0e-5f4a-4127-ae32-3f07fdac75ec", "06a746d4-d32d-4aac-8d66-9fab745cabbc", "247d7216-1186-46bb-bc3f-b1a64b730031", "b1fdfdce-0713-42c1-b2d3-57b9e077f191", "f6df5c1e-e4e6-44e2-a72a-2810c11b952c", "d74e823b-d0c5-4a8c-ac74-ceea1401847a", "58e87b5a-7cfc-4a5e-bb05-d3bbe7d5f904", "d676d3f7-b800-4604-b20e-5b4f0f377bc0", "eba37ffb-e55f-466e-8630-7b7c8573b5c5", "4b50b580-e497-4737-990d-392adadf4a54", "6718fee4-d817-4728-bb1a-5478cbebbb03", "a777d448-44bf-4f40-abbf-94438bee9af4", "614c480c-e775-4bd6-bb79-013a42b85ded", "7a341411-3e64-4646-9fc1-141f1aebd13d", "3cd11212-4c3e-47cd-85c7-b10d0b4f6e6b", "6581ed73-cbc9-40e9-a31a-1f14773f6ec4", "015333fd-0e1c-4532-9acb-5c6364bfe60e", "ed472180-c8be-4329-a794-b3aed73a0b6f", "16e184f6-ac37-43e7-a329-a22e888a8c4d", "06409ace-c115-438b-90de-c266dec7bcc3", "04aefeb0-5cc0-4aef-a4e4-ac58d17e123b", "a02c4902-f06c-4abc-b332-bf94ae53270a", "c9af472c-74ce-47eb-ab49-e39834254a26", "bf2bafcb-f5cc-44f9-bf0b-25de3d51351e", "8b2b8a6d-2e23-4f25-b762-c99aa6788ef4", "d16b54dc-0799-472d-bc42-9903f278f162", "63364dbb-410c-484e-bd86-5fb2f9fc0676", "60f27af6-22fe-446c-8131-2a73ab390668", "7b71972f-2fee-4c7f-9405-320e9e253617", "faa35115-544d-423b-bcb6-e86061eded00", "852035ab-fb7f-4b87-b7b9-e88a00cc0aad", "4f4d4648-28f0-4dd0-8442-a8c503658feb", "e770b75b-2df1-4f90-9d6c-fbf4d7bde574", "52a1250d-b8a0-4191-9229-2b15dbc19319", "fdba1591-0249-442f-8d01-59e9475b32ea", "c71ecdde-5418-48c1-800e-19d8b61a3f28", "7efcc8d7-ff45-490f-80ca-21b1281088fa", "2c87aaf1-a30c-46a7-afc3-678c791c2016", "1c1588b2-288d-4355-aeea-881914a2ced6", "135fa37a-f7a8-49e9-acbb-2703292ef181", "be070a2c-cfe9-42bb-a1fe-6b449c331206", "c9a7c799-02f3-4a66-948f-c0289c87e7e7", "17d960aa-0e43-4517-ba8b-6087e36d4cb3", "5611f95a-0c79-4a59-b8ba-0250333787d8", "b1cb3431-38f8-4596-bccf-710945c36b4a", "749e7df2-5b3a-48dc-abee-8642e9ba3a8f", "b66e9fb7-e472-48a3-8d93-2ceaa0d14134", "85469296-2184-46c8-a803-fe1124744603", "bf963b7b-a306-4b5b-bd51-41806902c9f8", "0733f906-4586-4b98-bbdd-c00da8af5425", "d65cc685-a11a-45eb-b243-75da0ccb4deb", "d809f4cb-d156-40d2-8ed5-8a14468c9dcc", "865024d6-3e3f-450f-9f4d-5602ff5e75f8", "6b97c323-a8e4-443f-8d24-06c4d197a061", "e455376f-f61d-4df5-a598-7cce0f6a67e0", "c679dc11-a409-4270-9a99-8a73330ecb2d", "d8cba8ce-d07f-41ef-bcd2-5a0a37d2686e", "9162e014-a9ab-4e6d-abed-9ead7e90dc54", "a5dbc671-bbe1-4015-bd00-babaa2521ebc", "a1e9b8e4-62db-48a1-85c0-fc3df2973991", "3a548e66-2c0f-45b7-882f-7881cb6b0609", "85777db0-f14a-4f8f-ab2b-8f25e5321292", "0ba9fad5-c447-4b9a-ba58-846d796f56b8", "7f831ee1-84f7-4597-bcba-b749e3773a04", "cbb55918-8c9e-4aef-89d6-d7b533a335ef", "6a97effd-af8e-4d7c-8acb-1a8fa91a519c", "dbc28166-c6fd-4942-b988-1ba8d68c5af3", "0eca9d67-1e25-45f2-86e3-fcc0a9904127", "17eb6fd8-721d-4ec5-b96f-f53a94b60fae", "a3e6526d-6bc5-4f28-8120-91dd9b03a9e6", "7c989260-9736-4fd2-a296-aee914d8ae50", "d4178177-4bbd-4c5e-92be-afdf92298a75", "9255d597-1fa7-424d-ba2b-f72fddd5ea5c", "86437872-5ee3-4b82-b34b-b55486bbd037", "b3a9e2fc-eaad-4e31-ae78-92c37c09dc07", "9371d2b0-cb9c-47bc-9380-e2f6f063776f", "df7f8a90-746b-4d4e-97bf-da3ca46dd9f1", "87ec5519-805e-47fb-9a21-212908c8ff2a", "12d7988d-5a20-441e-bde7-d59bd016b2dc", "cd60f77c-1212-4577-a254-5d9caef92f1d", "c225b12e-521f-4b2d-81d2-b5a0da095076", "796e5f1f-ea0b-456f-afec-b3ca568a34a7", "dd597527-a065-491a-a849-4ccaae5bbc30", "f75e5fc7-c9e4-4312-89f9-d86563a4faee", "b9cab056-c6c6-4af8-9561-ef53e8dc2378", "e67162db-9e44-4c87-8914-2819ff914084", "f49a0435-7a00-4dbc-9895-ecd21c96356b", "b6076698-5cb4-4e48-953e-b24dfa256495", "877dccbd-be58-494a-aed2-064af8ff6129", "d52f38ee-8fe2-4193-9ed4-ef76646d8ef5", "a6b07061-6b03-4bd7-ab4a-078e13cb3765", "72ce3c3b-c440-4d7b-a1d2-87b44ff0b6cd", "908f3a5c-a5b0-4b25-a13e-85b71b1b1883", "5008ed49-f955-47b6-8f6c-d987dd6a5798", "d7bed008-144c-4193-8fcf-4694861229cf", "7d1a6513-21ad-495c-bf2e-bc9c6d3d5bde", "83f09215-282c-4703-9cd2-2870ed828839", "f93f9fbb-1740-482a-8cef-7e6ce4474c12", "acf7f2cd-5704-445b-a039-f6db88405cbf", "544243c0-7469-422c-a40c-148bf87fbe25", "bcf9a535-c0c4-4ce7-b013-46bc9989b0c0", "4177b0d5-315f-4db3-b869-544f387f5ad4", "0556908b-5dfd-4ac5-9848-fc6d5fb35943", "9df4c660-910a-4310-9c56-3a17f7777e7e", "a6547808-27ff-42de-b3b3-ed2480581caf", "9b9a72c1-4ee7-4f06-98f2-83e9db391c78", "f744fb59-dcf9-48a0-b9eb-3b5f6fe02cd9", "e2c8543b-20a0-4890-8c0c-47b3bc6d5eea", "c06ffef5-bd04-47c3-8683-a80e6e49f5e2", "95c79b0f-f6d0-4a71-bcab-776ba9efdc30", "4b9c98e1-0fc5-4feb-a068-cf5f2548b443", "6910ec63-5fe4-4eb5-80ed-af1d3f746ac2", "4dd18719-8008-4b6c-b791-1918261569cc", "c0261a8b-fedf-4719-8826-268d436e9b11", "74309ea8-6fb8-4fd0-9e4c-3945d04b5e24", "f848fb8f-0ab6-4a74-be67-f8c358243102", "ff71990f-8376-4315-8fb6-8c884e13f17b", "96cf3e65-0365-4b8f-8e85-ce9d09a7e1c4", "9d185a04-9f28-45ad-ab97-2700e28214bc", "415a8280-a528-487f-9011-6a30d12e16dd", "4dc75d33-4053-441f-a81b-13d9c889a331", "cca618ea-011c-4228-a98d-03406eba4a5e", "16c6df5a-a96f-4ea9-b815-8a8f03255140", "0520a1b3-0eea-4717-aaa2-bdf9f8054b9d"], "failed segment ids": []}
2025-11-19T09:20:26.186+0800	INFO	loggers/logger.go:188	segments embedding finished	{"docId": "7851bdee-f336-4dd8-806e-ff835c1aafd3", "segmentIds": ["5d428ae5-260c-44c3-b3b5-db041622b5a4", "266f61fc-1dc4-4974-9af1-a009d8e16e5e", "c81a66f3-af36-43e9-847c-bca5621a00f8", "9a61cac8-4dfe-4fec-8705-d216c09ef630", "e2b02f69-f0ea-463f-bbb3-f6d0f77745fb", "00e5ada4-881a-4340-be33-b71ac48adba6", "91dbb142-3eeb-4f2d-8ec6-0e01abf425b6", "2a3a1eef-d70e-44d9-8e07-259189ddf449", "28055909-1a71-4cc7-b5e6-2e77b4315b02", "9e8451f0-5eac-40dd-adb5-0e945882b5e7", "562c8f0f-4844-4137-80eb-90b42a01bc21", "311fff74-6605-496b-ae59-aaa8e9a9e75f", "4b634294-494e-48ef-9e2d-fe1c792ad774", "acd57c04-c68e-4d46-a131-8bf131072c87", "8f547fc2-d9ba-4c57-804f-ce7b5012253f", "104b0a6c-fd80-4117-b48f-29fa7ee064d6", "d4609e94-208f-46aa-933f-4e5aebd7b137", "92b5a508-d088-43c4-bfef-645085bebff0", "f7eab2a8-3b6c-4945-8a45-40a5527dc61c", "9449d095-d63b-4eab-9d0b-f3078453d46a", "1f167799-06da-42e8-b9d5-7a7be2e593cb", "8f43db15-d851-4cc2-9a4c-66e280968572", "75127453-7c39-40d2-89c2-26162bce748d", "6f3a6223-8b31-4640-96d9-29bae6a0cf02", "c6f158a4-901d-4929-a8f7-4dc1d45fd037", "7580d4f8-a0e2-453c-89fb-a7665de7aed2", "1dfc75dd-3160-40d3-a3ed-e114886c8534", "66cd162c-f87d-4611-99d2-64e652a9652a", "8e0b4909-0f4f-4a41-ac7e-89e91802c0d3", "6aaa9a61-2835-4963-9c0e-664de76ec9f3", "d34e5d54-57ca-42d3-a6bc-0acc5e1d7e06", "fd0e99f4-a320-4431-b5fb-a29094e326ce", "3c2899be-6228-4c47-8e78-0f27f773af76", "e5903695-5f16-4c8c-b564-152541bd8733", "50d61968-48ef-48f4-ab4f-7482b66b9ce3", "fe1af3c1-75c3-47dc-9c6b-7daccae8a0c5", "3582ef08-6f31-4069-9f0b-43cc61a8cce6", "d09d955f-9cc0-4a20-9f60-063392d8e931", "f5b59720-2a7f-4236-adde-881d75449ea8", "41c6bc01-bedb-44b4-b81d-2b7539563ca5", "12f82dc7-4549-4436-ba34-a30a4b5c0c87", "e79d0c97-0130-4070-9e2f-c8c95b0ceb7b", "5851b128-5b5e-45ea-a189-ba73189d6865", "8262c3a6-68bb-41d9-8c0e-cc135fb7702e", "b1bf2a20-4f4a-4618-b0ad-7c156fbba4a2", "ff72907b-37b7-4be2-bcb1-804a75763861", "daaadafd-ba30-4344-b46b-9f67a64a4282", "1e9dd71e-e4df-4a35-af01-f0c7842aeb5a", "20aed453-def6-44b2-926f-47f9c9e26170", "b7fefcee-7e1f-4bec-992f-b46757deceba", "9b91dc93-36f7-4de2-8da7-5510654257e0", "6708113a-a95c-46c7-8152-e40f968b052d", "39a4f82b-942d-4db9-afbe-202a26bba930", "1cd4c4b9-c0e7-4f40-a2e6-1e1fae7991d4", "6b88b93f-29ba-4f6d-9372-c1cf93c3c185", "976dced5-44fe-47eb-8fd0-3d0d7d21922d", "7e748899-83de-420f-9cba-3b52c488c7c4", "a988c56a-7e9d-4f85-a7a4-6d24cae92cfc", "2440935b-2356-4f4e-8778-59ff5175636f", "3e404673-d76b-4046-985b-ea67466a73cc", "af46118b-e63f-4417-9894-6ccc0cf24c91", "4a4588b1-1b5f-4284-9c16-b3b56976198d", "51d50ed3-ae7c-4ba9-b123-cebdcf3317ae", "7ac3b7c5-81dd-477d-8da6-da5aab37501c", "76e340b7-361d-4823-97be-58f51694d6a8", "43adad7f-02c0-44d0-9df5-94852f21e60f", "3a3d47b9-61e9-4bb9-a07a-f0a4d934d3b7", "6e3569bf-b2d9-464f-bbba-842871368a4b", "8f774555-29dd-423d-ab39-61cac24bf787", "ae7252e4-67f9-4a21-bf34-78c2dde17568", "a5ec0414-bab0-4bd7-bedc-46b07c1e2b83", "2d59e515-7b0a-405d-a66e-2f312e668119", "a4dc291e-793d-4aa7-b206-19ce900c569e", "7532f967-627b-4b3d-81ba-6e05248ac775", "5dc31ecc-8d8c-4b72-b5c2-6f568233868f", "80101eb4-8029-4a1f-89d0-4caef45a4bf5", "6b725ba2-b5dc-49af-9914-aa8bbf07af86", "f4f9d681-b492-4cbc-bbb7-738acaa3d519", "c97094f1-6020-46e8-8294-cc95bc82ed9f", "549d2d55-2610-4aba-afaf-e71cc5300ddc", "5e532165-d3ef-47f0-8be8-1c28354f24d3", "41c7a65d-6a47-479f-8625-421a910ddfc3", "e4130115-fd28-4932-9c54-9aa177d54501", "2532aee6-98d9-4ce7-a598-fcc25b8f1450", "ecd554b5-4b39-4ae3-9f56-ffec702f1c80", "4e9dc726-b921-4b59-92cc-88423a8dd17c", "4abcd6b4-dc06-475f-bfe9-06132f737ecb", "40c9503e-5781-4746-8741-4abd38e23fd1", "1a6941b3-d1b4-4e9f-b82b-187a7fa73dd0", "8d685772-42c7-48e3-a3d0-4026f69483d7", "5cec3139-0d94-48d3-83d2-76cf09b29b8c", "b3a2133f-9ead-4457-8350-b75d2ffeb750", "0859084d-07bc-4c83-8c3c-a5e1d82b2478", "d7aff588-8a60-4b99-be02-1fe0d60cf94e", "f9fd5dc2-6fa5-4afe-847f-37ab79301a03", "1b3dedfa-f96a-43f3-8235-60f6dbd2039e", "1b7452dc-4bca-40bc-b814-637ccaff8b54", "746e18ac-cb2c-488f-8e4f-b6be8b462d74", "60d51abb-1c37-432d-a4c5-7d150e1c6b32", "95843e17-bdb6-48a3-92b7-b9667e646063", "69b92aa8-66c1-4c3b-b49a-890fc9c9b043", "ad496788-aee0-46d7-9574-579b5e105ef5", "3b44e4a6-0398-4fd1-9ce6-cf124e6e296f", "08d39eb6-8d4c-4dcc-bbd1-bed547643234", "8279f3ed-e874-448c-897a-596a94c48c68", "e581ed77-2d66-420f-824a-880a02beb947", "ecbe0af8-8d15-4efa-b9ab-83ececae9e6f", "98cf41b9-615b-4462-96e9-87ffbc3457df", "d005dab8-24f4-47c0-8617-c71e393f646e", "8708de68-f7ea-4cf4-a586-f374fea65877", "5e3188c2-1da9-4267-a5ad-bd8cd16f04d9", "b8ac12dd-45f1-4f6e-9999-e31d1f26ac97", "b1fbc289-6118-45ad-b3db-cf8e68e4e6e0", "bb7f1521-f8df-4a95-8210-68e25715c9de", "dcaa2807-b78a-48c1-b679-b9f41aa3c77f", "73a984aa-9d7f-47cc-b5d0-d04c62a7e5da", "fd974513-a36f-4e52-a1fa-be586475da6e", "99182c9c-12c9-47b2-8fb3-36a5ba505f22", "d62df2fb-1560-4b1b-ac63-985728ad6031", "d8289ddb-9858-4d8f-b38d-5226f4226135", "d5c149ec-1ed6-4f3b-9b5c-5f051aae1dbd", "62aae454-4174-4117-905d-7605bc547922", "6203b026-1500-4bac-a3f7-6e3cf146f2e9", "602a97d0-80d6-4924-bed7-f3c416f51908", "57aa2274-9b3b-4ad0-aa7d-3415153ea457", "714daa3f-d04b-427d-9e25-7ca314b7a7a9", "214c1f90-b4f3-4238-946c-d1c0f5aaec8d", "10777290-d1a0-4cd2-88c8-a05d862aae5a", "c8610dbe-12d0-41a5-8ce1-35cdae80bddf", "45feeeba-422a-4ea9-81e8-aee49d03929b", "8d13f13b-8e45-4263-aa63-56bf891d7ecf", "3ab55c6c-b1c6-4b09-8295-6669e744ce68", "b7d89068-a009-4fec-9e01-c8e901f3e82d", "961ec67f-ad0a-4e26-a259-540ecea26ba5", "f15200b4-38ef-482d-a1b1-84eb29154615", "ac5893c2-679c-4762-9d45-4286d87db52f", "5c9075ea-3f70-416f-88e6-45107c4bdf60", "113f2cc1-2203-49f1-abd2-5071dae20b70", "910ba49c-98ee-4825-beab-23a188eb0572", "b382d549-8b60-4a56-9349-6f81c3aaedb0", "19285212-8a23-4fa6-b522-97b9b639a9f2", "573b86ec-7a02-4702-aaf0-ce6536c9dfed", "a4c56444-0e03-46b8-93d4-f31009c70875", "e1fdaed0-3898-45e4-a17f-909878d91758", "1456a717-27f8-46e8-adc5-9614ff24b557", "2b750bef-d3ac-43a7-a1af-a1b425c2e094", "b532b084-27d7-446b-8486-5999f2341e52", "ea26c14f-361a-4d93-9f4c-403338259fdc", "71bcc961-c4ee-4556-86dd-9f91c67326ba", "67a6cf34-aa34-4aca-8475-2201a3af610b", "31d54777-cfb7-4d20-8b92-586619102fc1", "848405df-3aed-448f-8703-e1a82ad0cb70", "9e2eea2c-b28f-41eb-824c-b6fcf244b129", "be1a5a1d-5338-40f7-9fd0-202129ab1f1c", "d73bcd72-365f-4986-b304-fd5a9aa6ff6d", "a85a64a8-53de-4d34-87f8-3ce0354c972f", "be2966e1-0a68-4d53-9c6e-cd93ba789146", "a23bd85c-ab19-4106-97aa-35fcf658757b", "a8c2d3b0-733e-4f00-90bd-c1cf79e70a71", "ec531c3a-0730-4284-a023-353853f05381", "ba89729e-c76c-4595-bc71-d98ab6f3b8af", "e0047c8c-3c60-4b28-8dcd-2fb5d59796b0", "313a10ae-c8b8-4b9c-a58c-c005d2940d3f", "64b60290-8555-48d7-b978-e7280c07a116", "2365490a-15f4-447a-8a85-27be41c8c2c6", "98248106-9749-4d9b-a914-d5cd21ed23d2", "cba7f92f-fc6d-4751-af58-3c8bcaf97dd2", "a0ba2b57-21aa-43e9-a311-5b15f30c49d8", "97f553e7-18a9-487c-b132-411a3c2aa1ae", "d4ca0a92-541d-4ccb-b8ef-84048bf337b6", "e6b85613-e7de-40e9-88c5-638790de06e7", "d0c34513-bd0a-4c6c-8519-78dc96bb23cf", "ca48ee17-d27a-4dea-bb8b-1669c9f169b7", "c434bcb9-bacb-4069-ae45-df5353fdbcc0", "dcb1897e-740c-461b-ae24-5729dc8acef4", "af900913-568a-40e0-9463-17ed9d0725c4", "a73b7ffe-81b3-4974-a3d2-eaebc0b88eef", "8d5fb31f-9cd7-4c38-8301-179a9279657d", "dd0da627-0d14-4e53-bea1-06de8da8d999", "c4f8daf4-ba2f-4076-92df-2127e27b4109", "cee8d88e-1d76-4098-bb11-99fc289e49c9", "701ad282-ff72-421b-94a8-801ddb4e8f9d", "dd9261e8-112e-4cb6-83ac-738913f260be", "13639599-c48b-49f4-8d33-c4552cb6c00b", "c95c28ff-3fdf-4283-b436-1f3fda9e26b9", "17dac5bf-cfce-4a06-91be-98290ed2d26d", "15261505-fdf8-4209-b101-b3b53cf8b348", "fc347703-4a3b-459a-a52c-df80183d298f", "b0817536-8902-4b9c-a7e8-089a4c50dd2b", "7fb382c8-d491-42c6-a110-bd8e8d3e0797", "a36eb055-fd02-47df-9940-92f00a053f15", "ab462e5b-174e-4806-b62d-480d9bfa9344", "d25170c3-7c8c-46f3-83c5-a76d7e18d58f", "d7cc7487-c774-4011-9abf-e0363e439927", "dddd2f97-d6df-4766-ba5d-8d12a7e15fb9", "11a6e337-5c5e-4042-87ed-0e3ac11fe664", "8dcbd0b1-688a-4085-899e-29f196b090c4", "d6ffb846-1b50-471c-8ed9-eefd7772439f", "3688c48e-7f8b-4ce2-9566-a64fa5d69d6d", "eacc0f64-789c-43d8-8933-14670e200806", "b2d1f166-3f4d-4ef1-97b9-5ff038cd3cc2", "018e59dd-54c3-4c60-8ae2-e9d26ed10895", "401f211b-581f-475b-8feb-03098fd5156f", "65f14e74-0eef-444a-871e-74475df55bd8", "cec217ad-7c17-4867-828c-27c8b7d8a99d", "01d08a99-e457-484f-8737-bfdea91e6f62", "25577976-d48c-4f39-ac48-f681de9b1681", "a4b7394a-8912-4d47-b25f-3cf7b824d17f", "22c97e94-6fa7-4a24-bc7c-99ef1eb7a6de", "ab6c71fc-94ef-4c2b-a28b-6fa8184ffd30", "80d6898e-8353-4168-a205-5bae7e77c8b4", "a8dfe436-f5a2-4ddb-925c-b9c7cdd2f188", "00bc7405-0c05-4272-a3a6-6c7b32a99c82", "4438dc3e-6b31-45fa-871e-b18fd8e4e849", "7ba8b744-eca4-44b9-82af-40d10d3f14ce", "aeec8bb5-45c1-447a-9854-2512e028da17", "e8dfea2f-d5ab-40cf-b0f9-559b64d628eb", "e946561f-1b61-44fe-989c-b463164a7e9a", "fe9eba95-c596-4694-8b8e-253e99a11b47", "218e3264-2903-4567-ab10-fb49674a9801", "b3a15acf-e7b1-4013-bc74-61419b95e859", "6630a227-af65-4a50-a7ac-dba9a95ea661", "2ee6d7d3-0e69-4081-8dae-2274112def62", "4df0bc2e-7f00-4f82-82eb-6c07e9bc7121", "e80c5f15-424b-4086-ab48-d97aa7c1755b", "8f5a4279-8d57-4ac1-ba68-a164881f561a", "7acaa785-6db7-4689-b196-3960a95c516b", "c22fc196-9725-4bcd-84f6-95f49d14dbf5", "5e70eb2a-707a-483c-9651-2550ec8796c5", "ce5c5a04-6e32-4301-b417-cd574ca5574c", "8e46c24b-4290-4dc4-9691-ecb6b21f6a4f", "380f031e-04df-4ce0-a157-557ce77394e9", "bf324f96-db02-47c9-ac29-8667e3ca869f", "8f6afdf0-19b7-4b72-9e9b-6ff7803fb4b0", "f88b278a-6b75-49f4-837b-15eb3322a254", "6c0c0dc5-b68b-4cc7-bd41-7f46b290cbc4", "29ccb3bb-94cc-4789-89e6-27b7b0bdffdf", "230c3c1e-6a83-43b7-9ffc-f18b262d6516", "9a4b927c-38dc-4382-ba3a-58932d413606", "afb87d42-fb01-4c06-a5b9-d87463263b8e", "df12a26d-8442-44ea-9a6d-05e2a77857eb", "f6ac84f7-37bb-4dc9-a7b9-ee7118c6c980", "4c6662bc-8ee0-466e-ad00-8587da03d44e", "3638c187-85dc-4e4a-b8f5-2512bdd20df8", "99043f3e-fce4-4125-a2d6-ea13d2dadbe1", "67a76365-e89f-411d-9dad-536ef8dec240", "e07ede8d-378c-459b-88d9-aafe09ac4110", "ff2ad97a-b6fa-4817-939f-97a3018c3f9d", "b1f745e5-ea20-4cd0-aee8-f0eabdb0cfd0", "0c1a03d2-6aae-4efa-9b2f-340e54f4e9f5", "9627f578-c7fa-4140-9234-def120d17313", "7c68067c-a99c-466f-84e3-6cf34a22dc79", "0550feae-45f0-497e-9937-927c8bc9a769", "82e9433c-184e-4cff-9464-0b6b19f696ab", "0f56c352-608a-4a7a-8381-a71a5f5b82ba", "efa94473-64c8-485b-92c2-989e6e9d6e6a", "5abbf978-b830-4a26-bbb0-1f731b715a78", "79f7d06e-82ed-49f9-8a2b-295d14fcc787", "ebcd4920-b6ec-4a8e-9de0-637cf8fcac1b", "9d9a17c1-4522-4cec-ae1b-969cf0e4c187", "383e797c-4b4e-4e42-82ce-4571349a454a", "be7fc319-0b2e-4f33-ba9b-087866ccbfe5", "1dc1bd15-8d2d-4132-a55d-9d2e901faae4", "49f22837-c517-43d2-8163-f3f3cabeae81", "26b63ecd-8d5d-4fc8-b6f9-99fad420e45d", "4a29f818-f7d4-4a90-a507-97bbda17d8e9", "e3e975e0-58d1-41eb-8a77-dce96fcb0f92", "0e7d7965-af12-44f1-b6dd-f6464de7388d", "58b853ad-a979-489c-a502-8ec8267ba47b", "2c234121-b224-4f0e-bca6-1caadc0d5ef2", "9a4387a9-341f-4bfc-a3e4-bdd99f50a7ca", "c7383bfa-394a-4be8-a5c3-f5b6fb71f2e5", "ec8cdfab-58ea-472b-92c4-fbf0bb968db0", "8c6353c8-9824-4321-8f40-d3521415c5f9", "e464fb9d-64ef-4bf0-bf26-1aef8edd6951", "10d658bf-6b5a-47c1-9289-36516cb988f6", "99cbe020-a790-4ce6-a306-0c5e12a99647", "3c12a7c4-6b43-4be7-8819-fe9dcf6f4d7a", "3ea72f58-afc3-4afb-874a-42f721372f8a", "c06014d0-c2b8-4e52-8a4b-e10571c77e05", "0c00c5d8-1999-4cf8-913f-c8c142549a66", "7b10e00b-ee13-41f8-a0da-e6e3efef7e19", "4b4d6d78-09a9-4204-965a-2b4332c1c6de", "88c095d1-e4a9-498a-998d-7449e21bed84", "c9999c89-9a8e-43ca-9cfa-18b50766b893", "c9f4f103-f2e8-4bf1-8f5c-b9be1623ed25", "b8efbe76-d556-466f-8efa-9feb7af4ce55", "3092c240-da08-4f8f-826f-7a9cbcb603b4", "8d1d4051-4f76-4aa3-b326-6f95baf96da9", "241906b2-d17c-475b-b699-e16ed705a165", "d6c1d3b6-d887-461d-abd6-368b8d45d1d9", "b331ced5-6e9b-4227-a1bd-22127fd90829", "3a713294-9a51-4cab-a2a0-80ef22822eeb", "f6e5ce23-ccf2-4e52-88de-17d5c3d231a9", "6560c3fc-d9a6-493b-87b2-2617e74649a9", "4be4e30c-c6d5-4e7b-9578-d61dd6f5785e", "ad896907-03f5-42b9-9f44-56f3aa3989cc", "c10ca6c2-3fec-47a2-8690-f4a81dfbbc01", "1e51bf27-3f7f-4160-8500-0731ad9969e5", "d5cdc3c5-8b69-4d24-afaa-6633407fd929", "e7fe0ef1-8f3a-4f82-ac79-29534a84da8f", "f4b080bc-06dd-4198-babf-ca3649b04b10", "fa919e5f-82ac-4b76-8ea9-e99424aab5e3", "365e93c1-0545-46bd-b2b7-9f6fd983bff0", "5bc1e9d4-ea45-4251-aabf-c99eab62618e", "775c2021-4d8a-4446-b427-d03bf5253813", "ccf33b0e-8c1b-49ce-84a0-600a9ff29a42", "79c3bbb5-22ce-465d-9d25-2d389056f66d", "021cd3ff-4d25-459b-a893-cb6fa17436fd", "2aff902f-f8cb-48b4-98ef-54b4acd3b26b", "02d388a8-a715-4bd9-b0ca-f71eaecf5de5", "9075add9-1fa4-4a6b-a005-cd3870af2b50", "a7387f8f-dc38-4a35-bb60-7616f81fc838", "fe061aa0-d3c1-4a03-b87f-7b46281b4dbf", "a5ef5afe-e716-4928-a6c0-c8fbf235af6e", "fa20544f-3a90-4b47-ac4e-e3db118473f3", "6ad7a0f1-cf50-4969-b47f-8615bc339c73", "8f304f0a-cfeb-4c7f-935d-f028a82ee9dc", "a54817ee-cf34-4fbc-be8a-a943cb99d473", "a6ed5c68-a752-4070-bafc-94dd91019d9e", "675f0240-5426-4801-be67-63c1f852cb10", "549a6175-ffd1-4d4c-ad66-b66953761ef6", "c029065a-bf8d-4123-b115-d7f66ea58006", "9dcac443-9de6-40da-824d-3c503ebd0a2d", "5817a4d0-1fd3-4fd4-abd0-393933ebe4f6", "e17df8c0-ff68-4a5f-b0b7-5c780d7282b7", "1ea1e3cf-d32a-4cb2-94cd-1b5a3f7380ae", "8c6dd8a9-280b-47de-86fb-4d60d5a752ac", "3db0d3ed-4d00-411e-aba4-e178f29b361b", "155e65c9-63e2-4437-8ed6-7223daae64fa", "8df46ef4-1e3d-4f1d-8eaf-69f045555058", "4e3a86df-0405-4e37-86bf-61826df478ec", "88ad532a-6ab0-491b-a9b7-4af7f4f375ae", "4a0545ec-7da4-48bc-846d-6c1d76e2e144", "6dd6485b-a577-4c78-8259-eb7d3f17a365", "a6b5cd49-11c7-4c95-ad12-0040505e377c", "89abb7c9-2494-4e4f-a44a-dd6ff29f212a", "0f002020-bd31-49a9-a498-e3a7927df53f", "d3827933-6b73-435a-a791-302af1b460c9", "ec2abbbf-2d0b-4b08-8a15-335f55fd3eb3", "57876678-07e3-4671-bf8e-3cb9ededdf28", "145462d5-fec3-450e-8724-673627d2bcd0", "98c1dc47-4ff3-464f-9555-e8b3399361be", "5cb47c23-db62-49d3-a76b-b852326a645c", "9ce50510-18c3-476d-a445-c57f93e22b41", "b249191a-ff5d-402e-bce1-2db1573a9b4d", "6999b021-4d36-4369-86a2-54b2b43b061c", "b336c691-6ca7-4922-9ab3-2ae55fdf45b7", "66aadacb-ba00-4b00-bc83-bf983a192183", "8990a872-c038-46f2-b444-dc500f394741", "9ffcfbe2-d431-4f5c-80b4-065d3d7bcfcb", "3b0c5482-43ba-4f5c-a312-c3af56011833", "4b2130c5-8c9c-4483-b83a-ce6fc524758e", "99ab6599-0778-40d2-adf0-07b78dc22c9b", "d3426433-5b5a-4c5b-b19e-d691de81b425", "e8facc7a-81d2-4457-aef6-a3aab10cc786", "bffc1041-d298-4040-839e-9b6786b98fb7", "9e3fcdff-b6bf-4746-b455-5e46c20c92fb", "8ae9dba8-bc7d-442c-9e1a-d0a0794d41ae", "aa00bfb6-65c0-44b3-8042-c2be6d88b32b", "6e99bb04-1d06-4c2c-be82-2a737d6ce876", "90cc6ca7-19fd-476f-afc8-b4312ced97be", "79fb6864-a399-4bdb-9de3-b13484bb4049", "bccef508-99a2-4a7c-8f5a-f4fb6b233397", "2389fbbf-1d7f-4e55-9a1c-27510e291edf", "d0abc4e1-2ae7-46f6-aa10-d4d12a5357ba", "1fd456f3-f0e7-4ff5-9c80-95f7012d998a", "7bd71dbe-a699-47c6-98d8-3f66269be73a", "014a6867-ba4d-4088-b183-7e72dc5e6df6", "cf626554-d036-42b5-95f7-6d2196a72a50", "9d5efb66-7e50-4d88-a74c-8428191cc662", "e3b17ecf-c3fa-4a34-81ee-12b370525e2b", "3e4572c8-f8ce-4c82-98e8-cc652d865caa", "9d110535-d30e-4904-b9db-a31b46e613d8", "b6d8c380-51ff-4c99-8378-4c42de45cb8f", "02f49b74-2456-4399-8cee-7894a371a0e2", "a7772ecf-869c-418c-9504-2937aca9495b", "08d1913b-b72a-426f-88d2-094c62b6c663", "f0919764-0764-441e-ac62-77c0b7729247", "0deae3da-bb09-44c4-aef7-8c2f75c2ac11", "51175a7f-d1fb-4124-bc5a-ceebc551464e", "89eb3bd3-434b-4da3-a54a-5ec6b02c776c", "defdd996-1048-4369-81f6-35aef972c98c", "0d2f216a-8e8a-437b-9d8d-be13d578829d", "1e752cf1-55c6-4cdb-a070-282bc543a2e6", "dcd808a8-ef6c-44a1-b8c4-5316ab187433", "25886978-7c69-4000-956e-d76365ebbba4", "2073ebce-da5b-41ae-a37e-d6decc870444", "38e7311d-4ebe-4363-9f33-09b49a0cee42", "5ebb2821-c4bc-4dc9-ad4a-a69990be8df9", "3ac94285-ec81-41a9-8901-7312ddfc6d50", "bfb7df29-8dd4-44ce-b7e2-1c5d2813e9bf", "bf05fd9a-4db6-4980-84b5-6b27dbdfe231", "d6fba244-f3f8-4955-98e7-834f858c2635", "b027c2bf-8a1a-4cad-956f-9e04bbc96362", "922666f6-bc03-4486-8ff4-d1a588b43580", "86f4cfd0-e568-48cf-9d1b-6a10b7abd53e", "a0bc7160-5b29-40b4-9c8c-6961a8ec95f6", "af46d5a0-740a-48eb-a6b9-dfc329320a3d", "4140d090-e720-41fa-8a96-db47447b88a0", "e1f4ae61-e776-4008-9848-c3ee5a092799", "f470d489-4de1-4668-a194-2b9a38aea327", "79e902e4-23b9-460c-be8f-7d6356412b7c", "14f34830-65da-4e16-a326-5f2f7344aa8d", "b366c740-60eb-4baf-90c2-b19e4560fe1e", "967554c2-f75b-4b6c-a00e-7001201a92cc", "5ced9225-8224-4df5-8c69-a1d3b856551a", "aaefcd1f-4a5a-4486-904e-9f8589d48b09", "3b9359b0-97d4-4af7-9018-71dc1b3c5955", "2b985b22-5902-436a-8b2c-ed424573b36a", "daa919ad-d370-4ec0-b31a-e1ea1008c08e", "d73d6b11-e33e-459f-bf20-e01b0eff5b1c", "cf46ef57-7bf9-44ba-8307-4459b3b4539a", "7029bc3d-ec6a-4bb0-ad90-348d65b6ddf3", "6446e8cd-2b23-4a4d-b8bb-89ff9b3dd68e", "27bc8ed3-aca0-4b56-aa2e-6cae11b7f750", "61a037c8-d052-4241-b701-cb34ce4df014", "f95d80fe-035f-4c4b-bed2-1186cd047d6f", "118cd83e-267e-4c77-a88c-7d341b32da9c", "7cc4e925-6f38-4266-b716-b6071435cb4c", "2e6f290b-4409-4d0a-aa62-0a5bdf58eb42", "494bdd2b-9230-449f-a148-ef07490b2a3a", "60e43ded-d9ae-4f73-98fc-12d8ceb32deb", "59724ee1-ed8b-4726-b0d1-559bf8bef331", "30f46aeb-b43f-4b53-b2c0-ee2d692fa6ed", "739b6d65-95a4-4c2c-b417-eb471d431990", "38a76a14-2d59-4a52-9294-0cf5c1cdbe87", "fbb29866-6294-4187-b487-090c9c29a890", "28f0353e-46db-42ac-b473-2cab6017eee1", "05459ab2-227f-4da8-8e1c-49fd1bd24ca8", "395d512d-aa0b-4041-9923-a179e6536509", "9231576a-581a-4488-9bb1-cec264db995f", "66d285c6-9c50-409f-9a2e-4808a260d981", "36772336-7731-4619-8481-1a9a37b23e6f", "8629604b-9ef0-48d5-98d6-56cbb47dc7b4", "5ee87f5c-b11a-4472-81fe-25db52273940", "6209b83c-73c5-4b00-a6c7-b0e32534e241", "b675920f-e07d-4ea7-82bf-ea02b40dc9be", "4142b095-4e7d-4d53-87ff-498424a5acac", "9849c627-d3cf-4113-b99f-d6e088baf6b3", "8309b7a4-1eb9-4da5-a94b-e57b546276a0", "1021f3bf-f620-4585-ae1e-85388fc6ddf5", "4904f5f5-650b-4b8b-94ac-4556969c6373", "2eb7be2a-7b48-44ee-a3a9-98b1bca6c1ae", "e39cdd10-b634-4b23-afd8-3fcd30cec54f", "fe1c873f-4ab1-468a-84b5-e9e179b7992e", "277e03bd-6f1b-48d8-8df5-8e32cc5cc5d6", "5f20fe28-92cf-4d58-b15e-e5b94c8b74a0", "aafd96fb-00ac-42bd-8eaa-93e6d2a626bc", "a15f5eeb-4fff-46fe-9496-0ee1fa67ee58", "306b4071-b960-4f9e-b3d4-ceb24cc39cad", "464ea157-450d-42c9-87a9-bd60c4d4d52e", "ad7f2636-e029-4d11-9e8f-044162977f98", "a0665a26-548b-4f02-863d-f54f78e0388d", "7853ab46-134a-437d-861d-673a5fe3ff56", "7e2491af-54a3-44fd-874a-fdf35cc9962a", "d2a4afa9-d409-4183-b7c7-64dbde3d07d3", "d0b7abf7-6c73-4875-8f9b-7a47d6297f89", "9870b86b-3558-4ace-92d3-3ae474d14e80", "c51592e6-3b48-4d59-9b1b-b744d43826b0", "a827efce-862e-4d47-907b-d619d44bcd75", "e7f170f5-7b98-4f53-b1c6-c021a4331939", "37878cfb-5e98-4961-8440-ec9729abaaad", "797c66c9-eca2-4127-a804-f8b3c06f3c4d", "33432c82-5e72-4e72-a43b-43db723e60df", "2dd0d052-4bdd-45db-a188-0f139d953bc3", "a72df8ee-9ef8-48ca-98f2-493e326ecc59", "fc98a23e-a558-42cb-801a-406f2b4d622b", "6dc0613a-cbc2-4f13-ac7e-9a3408f40f3b", "807b6dbd-c2d5-4760-8923-db87023990a1", "fe4b5714-f176-4545-bcaf-8087a8387fb1", "6d09702a-bc5f-4956-8e42-9fabda905219", "45ec6840-401e-4ec7-82f7-cc8384aa0bb1", "41579097-0879-46d9-b264-fadf4f9f1713", "6643a4b5-3a44-4bf8-bcd1-bb27bd70c8de", "f12ac3d3-d682-469d-b5a9-486282f18a4a", "29887441-be5b-4f9d-bf66-799207c310ba", "8aa9a2c4-f706-41d8-bcf4-39299628c04a", "ba741116-6e0f-457e-88e1-bf30493fda44", "bf8a9c83-b646-4acd-9b0f-a645654e5f18", "03457655-a738-4df2-8fe9-62c4488f59a4", "d816b36a-67e8-44bc-91a4-09bd95cfb8cc", "96f8e126-d6f4-4ce3-a5f2-e8046ae8c236", "77a2f620-2536-4292-9af2-c5823df91b17", "8fb7c6cf-a208-4c9b-9643-3d38acbac570", "b700e670-f061-4273-98ff-701c5ec8f36a", "f232ae61-0d64-46b1-99eb-68092590bae2", "e717653c-48c8-4502-ada1-64a551acb89d", "238fe926-903b-404d-aef6-0e06b61e791c", "3baed922-5012-4059-924a-e56cc9897a9b", "d9e216b0-3fee-451e-924c-c98a89e9b9f9", "25cc0af1-9a3a-4848-9e90-c99b7466d35a", "f9d11fc3-1c39-4a2c-8c97-88452899a7af", "a23f1183-1999-4d1e-bda7-6aa411b24179", "11b8827d-5fb5-4aa0-b276-21fe7a7e64f0", "6b0e50b4-09fc-46ce-afeb-6e77058e6e6a", "ad597600-6728-4974-a5ab-0c7e6d99cda4", "daaeee10-de8c-47bd-825d-df14725ab34a", "58cb3998-0e9e-44ef-90e9-26d94613dbbb", "875ac044-f6f7-4343-8c01-1d6d4ba86494", "c588d8eb-59ed-48e5-977d-e73a29de9a8d", "9f82e78f-8937-4ef8-9a3e-4bb7fc9b2381", "31b2ef88-1e95-4480-b1b1-5ccabbe6aa58", "5f1eeec0-c00d-4b86-80e4-e42742e604e7", "e0dc8e0e-9a8b-4300-bfbf-ef38a56f74be", "dd7b8e39-fad3-452f-a56d-dfaca813364b", "67932514-80e0-4afe-b16d-c56d5c8b1c3f", "4912274c-ae98-4cf8-968b-6b3cee36e3f5", "62ddeeba-b3c5-4233-b800-c8560fc30d31", "886fd8ef-91eb-4c52-9d36-40b5729cc5ed", "6d3e6f08-4778-4ca4-98c8-017161adb91b", "9bc17093-4cb6-476b-9f93-d21ddd909bb0", "fb3d1be8-dcdb-46e2-9e2a-9539a98f627d", "9c9e19a4-673e-46a0-9d2f-8bc1918529c3", "3176bea2-c7a4-4c02-9d4b-f76f21e9f870", "836fff43-98e6-4aa3-9d84-89497c143b03", "71e3acc7-cc04-41b3-bc7e-a36644b8f865", "cbe97984-1d37-42a5-9787-9239b03cd401", "dc73f841-932d-4592-91d4-d2b8b4151137", "f53c8c98-03f4-4a61-b4b5-ef141fff5a1e", "cb122663-1232-4517-83ae-9d4ca41239e1", "8252fb9e-2b29-449a-b3aa-a376db3f16ce", "03fd645a-40d5-4018-8248-fb81af0dc7cc", "b965bc79-399d-4a87-8345-3d84821e812d", "5c373af8-8466-4025-b9f7-73e31139f96b", "2742dfcf-d110-4639-952e-86ac9eb75069", "c01d4386-cebc-493d-93d1-aaa974745c76", "b244345b-3579-4a00-b87e-82dd5a9fa418", "97b1d38d-864f-416f-875b-5af059601502", "50afe544-d75a-4e16-97fd-4db608d0e0cf", "aaea03ee-739e-4f85-9d15-8decb78f9cc0", "e67c35a3-6d5f-4aea-bdeb-16d749451219", "5831f6c5-ba71-4e60-95a6-f9588488a57f", "876f226a-0eee-4188-91e9-4020fe67cbcc", "e8b2463a-e21b-4ce8-aa1f-73bd9ca4e4b2", "5574de2f-245b-4a9e-9534-f7d6474c85af", "67c73b5b-0df2-48e1-910d-ca36eddc800d", "9af206d3-1544-4cac-8149-9ec9650d15f7", "d26e3617-e8e1-495b-b1e9-04153911a98a", "04b0d947-3083-4d43-9f0a-8bc670337ea5", "a9fd751c-b7d3-4e14-9183-a8ef1dd59a53", "1db962a2-9395-4d81-86ce-390f45473882", "6a44168b-1fe1-4fd1-af50-e5487a642730", "15650bd5-4fab-4da0-98e5-4649ec5cd6cf", "4ff51b92-8a21-4b8c-8be0-7d02dd12bc88", "2f5d5e0b-2d0b-4220-9afd-5f44c8b34e90", "7c453f14-66a0-4edc-bffe-5da01bdb1126", "ddff9adc-c31d-44db-b0ce-e801a194cfa6", "9f838921-1847-43dc-97ba-23521f626a44", "f203b569-7e7c-4d4d-8289-7a6f484ac009", "82c0e836-4f45-40a8-b4ca-ccc0403b43f3", "821ab7b1-3fd9-4966-bdb6-3804a95c62e2", "a935ac13-6f68-4688-ab2f-e04635690a15", "e1002ee8-3369-43d7-ad31-0d4e872b7d2d", "60f911fc-9bc7-4a15-9e7d-7f0b3aa11e98", "0f0110c6-06b0-4247-a35e-2954b1a88335", "09ba4907-3a29-478d-96a3-1b1432de3a43", "dc093609-b2f1-45fc-93a9-ee94b8112a1e", "3948734d-7d39-4a5d-a085-f1e90e904865", "50ba3629-5a95-405d-99f8-5cc3d6f478a9", "2531f53c-dec4-42e1-9ede-93a56523c450", "f8fca3bc-e759-4419-9dcb-87d5bbcc2c44", "619db6df-020c-4353-ae9d-08f5a10102d4", "88585eb7-3e60-43f4-92f4-19d57c0f62f7", "5f84bb8c-4354-48c3-8f82-8046d604eb93", "922868b9-cc92-4024-8475-e4664b7d93b3", "00f3f306-7f48-4134-879c-17ce0d602b45", "f0d66693-04c5-404f-8b49-32aea0cc7d25", "061c9dc7-5c4d-4607-a443-cd71dc5c27b8", "d8902077-1c85-4f4a-9cf3-4673514bfe04", "60e972cb-3885-498b-8cb1-52f7f814d992", "0f802e1e-5f79-4166-8cca-87b87885cf94", "e532fca6-7ab8-43b7-b606-d14a3b3fdc7c", "c352cba5-8678-48bb-9b4f-50de821117cb", "6fa64924-3d3e-4660-89a0-db65d4856d19", "e83eb2eb-e68e-494a-97f9-a617ab91b219", "05931fc0-4e15-4e5e-bc89-b7933ddeebc2", "2536fed6-2981-48c6-a391-9db3a845ee21", "fdada14a-73e4-420a-8c4d-a5c83b27260d", "ee6ad578-6607-4ac3-ab0b-9ca5219e6db6", "141b0bfc-a772-407b-8b9f-e0b635065bec", "0e279f51-70a5-41c2-8c0f-48c35ced0a28", "62d117ae-2c58-4d92-a1cd-b68221edce24", "85efd09a-f0cf-4613-9ee1-c4fa1d2aef65", "99c6a56c-0085-4472-8190-7332ed6d4091", "22de24bf-2972-46eb-8dcd-0b520a5ce8cf", "4ccdfdc3-a586-4e56-a46a-a3a7e58491a5", "7842fa72-c70e-44e9-8e4f-43f05883ac5a", "086d3558-358f-4512-bccd-f9d499b20e1a", "7a2bea74-cadf-4bde-8cd2-dc39e6911443", "c3cd2bbc-fecb-4033-ac56-e2829d783609", "843155e6-b200-459a-83e1-0772011e82e7", "2fb7c1dd-3247-47de-b095-b253fdeff476", "b91fbcbe-6612-4fd3-8bf0-e8aa6c525262", "0caa5033-2554-412d-8c8d-53a5ad815cb3", "d3c1712d-f11c-4544-b2da-903a070fd440", "e8763d67-bb08-4af5-8f1e-b31dd47e4f9b", "6e0fe5d3-11ee-44d7-9860-58499e86909d", "c3f730e2-78fb-491c-953d-7f477a013ab8", "6a5bf7a6-843c-4510-a4b9-595f54ef95b0", "b20cbd95-ed8b-48e5-9f86-8ced16704a0b", "0fd9e96a-0614-4c0d-b25f-d4b4a4388e20", "fd235e04-cee0-4fbd-b93f-09d8a502da4e", "56eca2f8-581d-449a-81fb-450ef47c51bb", "b0a2301d-e3f6-4aa5-9983-41c91d7d18af", "4f45f13c-4fbf-4dcb-b592-3ab838457b45", "0dd5aaf5-2aaa-46fb-8681-3c4e2b86ab4d", "9225ced9-1eaf-4338-a0e7-409f16e3a15b", "54e0d206-2efd-472a-8f75-9d1c1a881652", "da785eca-7af4-40fb-80c6-d8e354c30634", "ca5232bd-aa93-4bf6-b483-2471ff7e352d", "f34f4335-d838-4b35-b738-ab82addbed40", "36e4c6ad-3362-4a8b-b244-0efaf625870e", "7d7704f1-eae6-467f-93e0-a326eeee91b6", "6de5c457-c1ea-4ab9-a98e-bb19d30f6e4e", "987a3b46-b013-4ec2-9ad7-d3635599d48f", "132f9311-f566-4b6e-96f2-496b2ef5825a", "7092a911-d13a-4b08-a30f-8c9acd8a1b19", "3e067ce7-f2f1-4379-a8c0-753dc5cddba7", "1f98b872-9495-4b0f-9d04-5293687a69fb", "cbb239e3-890e-44de-a61b-ddecaaf2cd7f", "8482662a-45a3-415c-99f1-6bf92c3bafe5", "da6d3b90-4c1e-4de5-bdb3-badf6df950ec", "eb602560-9ad4-438d-a077-5d0385bcc3bc", "728e731c-189b-4a59-9a6e-45c5221db625", "7972fbbb-adce-44fb-9d82-c3e91ce040e4", "804c494c-a92d-4c76-82db-b2e10d505fe8", "61f32d50-b2b8-4f79-8fb5-47496472c85e", "f5c5693c-01e9-43b4-8fba-41dc45b0fbb4", "748c08a6-c55c-49bd-81fc-5472e5c85d73", "2bd54ab0-64bc-4c9a-b93b-4e1b2198780b", "1a098d96-e345-470a-b69d-bc63fc4f0a9b", "3591463e-04d8-4a22-b522-98ff58dc5f40", "6e502c3d-7ed8-4df9-af02-46872b753283", "0fd12e63-d29f-4a3b-b296-a3b080749c69", "4a903733-0388-481d-b3f4-267fd987bd7f", "473da4cc-e8c4-4c5a-bc3a-7e4cea629533", "2d1caa80-7505-4682-b7dc-70c917dcb293", "0ec74d77-4545-4c96-ae72-f70ab62b7be1", "8e36db05-ae88-4afe-982b-c21260142dda", "7ea6a896-6e2f-452e-80be-d3e11231f998", "298584cd-2947-4c03-867f-c162e49208c7", "9d227c74-a0ca-43dc-8798-3f0dca962165", "3176a33f-2608-4eaf-86a8-7fdac562dede", "db8ce72e-838a-475f-b401-1e8401c79abf", "f1985ff8-2d6a-430b-8161-a38e9f914d9a", "db907373-d73f-4372-b574-ae550f2767de", "6a682e8d-dcae-4861-b096-7f63bae152d6", "be1cb60b-cbe8-4e09-8ed3-47ea0687f81a", "1c579500-02af-47eb-b6bd-4ed4a2179d4c", "85b8f340-eb43-4fb1-a8eb-5b28702e8b92", "e5922a5a-212c-4156-ab41-4d7f4f5b0a98", "dd0628d6-ceba-4791-a32c-aa260137e362", "fd0f78f7-ea97-46ec-8cfb-f347f8619fcb", "c9d77766-dcb8-4af6-bdd0-b5be7cb9867f", "dae549eb-b1df-4b84-9437-a589b6a44435", "dfb5ed7c-1c4c-4e0d-a439-c609bf80b940", "a6c865d4-56e7-4b7c-9a49-6461a9794bd5", "e6127bdd-064e-4f4d-99b6-0ea2ea0965b3", "94ec907a-48f9-476b-84d3-000f8f41a0ea", "64c05a11-1f9e-4636-895c-c10bffc6e26f", "b4a32ccb-8aee-485a-8f8b-925e310b7dcc", "5e89990d-b52d-4ede-b82f-2c647fe7517f", "3643e534-fff9-496c-9cd1-415879981b03", "dd0f73f7-5723-495a-94b1-9c8fbba247f9", "bb21f3bd-03d1-4311-b721-0aa01b96c375", "3a9a795a-1a9a-4232-9684-2c1b34aac9b7", "11a3119f-f2ca-4c36-a7e0-ee2100d13eef", "b9f5cde6-6c7e-4daf-be09-be66948ec0a2", "bac09440-040a-459c-986d-2de894c17f34", "f4c1269f-1e54-45a7-a14a-040a6ba4790b", "e2274248-24c4-4bf1-aacf-f083a4cdf1bc", "42596635-1a01-47ee-a48a-8aafe038671a", "1e181809-8c1d-419e-9410-564f93ee2e70", "22d4c91f-b1c8-4a1c-bf57-a5e2ad0ba78d", "a115f5cf-7d2e-4e8c-a49d-a92d536dc6d4", "420bf7cf-380e-4574-8d81-965f82d13553", "b88a362a-f9a7-48d4-95d9-9160620b587c", "ee356bed-cb7b-4a31-8706-69a552bc1533", "0ea19541-093e-4a2d-acb6-621ed8ba2d2c", "275a9f39-204e-4696-b955-0c807198c526", "5ffe2f9d-00e4-40ce-b07a-84fcb1012fb5", "f0d3a7c2-8044-4ed3-b370-4a9dec51e6a4", "dc4785d0-01e9-4b84-8763-77d790c909a2", "351bb1bd-ea87-4c2a-9e7a-644f5b1fbafe", "0ee13a3d-bc72-4387-8618-6c91fd469efd", "b8b98935-b1ea-40de-b2ce-c2a7913f2605", "c52e747d-5149-48c6-9594-f8ad53938989", "e29781b1-8594-4267-9d8a-3c66dffd2b00", "27f9e159-238b-48b4-b0f8-813a6a72e9b9", "a57dd32d-8087-4d27-923e-1f3e399e1798", "47e2efc8-fda1-40ee-a975-250ecea8218f", "bfde4d05-12d8-4292-8a85-bd7a9307764c", "5d5d1a00-2b3e-4edb-bdae-b6abd098220a", "643c4618-96c1-4cfa-8ef4-5679d5c7ebf7", "c49b6fc2-6683-4cd1-98c2-ca8bef152856", "6c64c8e6-f931-4abd-af80-be06011fee69", "7fd16f15-490e-43fc-b5b1-79de161d42d2", "40d83b1f-091b-4cb2-a4a4-b1935ec9326f", "38ce7525-a40c-4b01-89f0-8a434d45bb88", "7494aa3e-e311-4020-bca4-c1fb1735816d", "a92656fc-28ad-4833-ad0f-0f8938317b5b", "120acbf5-44e9-4cb4-b9f7-1a754948106c", "f2b31902-2952-4f92-89fa-51cec17c1382", "2286416d-2890-407c-adb6-bd604fbdeb7f", "ad41c916-62d0-440e-8401-e17edb395fc6", "ca80affa-ef33-4ff8-9312-4676436178be", "2455db84-5eb4-4ba8-8ee1-101ba737dc86", "cf765b1e-af0e-4087-b04d-1a2ad7b69021", "b53bd28c-73b2-4dbb-99d7-ef19eddc4bf6", "77d7e3ce-43a1-4a50-a607-5131389924fd", "d80be44c-be27-47b7-9787-8d9ff8dca33a", "c59e5efa-92c4-45cf-9359-ed92583006b6", "badcfa3e-8c27-445e-9c09-b1766ba261b6", "1b66e047-ce7b-43da-804d-f8120b16549b", "816e1dfb-fe73-43c9-8a3a-c8b2c2e4435b", "dd013005-771f-4aab-ac73-da5b79d17857", "8fefdc87-256d-434a-8c4e-89e4124792ab", "0518887f-e71b-4bc6-90d0-0ddb87939aff", "c3e7d14b-87ab-4043-8f3e-a85583809f45", "d3cf41a8-c273-4a39-8a2d-9e33ee38cc4e", "1551b9aa-c0d2-4c72-b98f-38e0123289c8", "ef9a0c3f-e4ed-4b28-991b-08cb300e843d", "f8c984bd-638f-4d5c-93bb-c8b2ace9ecd3", "382ecc35-dbc6-4b82-96b2-ccc8e3b758b1", "2dbda8a7-2634-4edd-b4d9-baa779583632", "be4a0f30-cf29-4e1b-9931-642f94e443f8", "4efc8d44-3b11-4139-8638-00f728a616bf", "5a048adf-3c5e-4832-b807-18ef2be2ff38", "fd16a3e2-88b9-450b-87da-c2d474243a2e", "59875474-6365-40cf-bd96-0cbeb0842b39", "5b86e126-9953-4f96-8fe0-4e85ccc3e9ce", "7ee5760a-8249-4950-b1e3-edd045936db9", "eb560ab9-9418-47d3-988f-7b73d0570ed7", "3b731dda-284f-4c9d-a2c0-aa6c2c1a7128", "ef88d8f9-f0e9-4b17-82ee-26c3522e596b", "87e36a25-0ad2-4ea1-b1f8-172892552337", "a82db656-b4d1-46a0-9085-e5a9e0548b7a", "c68441b8-dd0e-4225-8c10-9aeaf7013806", "840e6808-87d9-49ab-928e-04b745f7b7ea", "c14f7b41-8869-4ea7-9e21-1b6097a4b057", "f7df613c-4fa7-4d56-bc95-3ac71f283427", "4b5f45d9-7221-4e14-893b-5c8db02e0acf", "4fb88a39-3ab9-4319-aed2-3eb0bb3f1c55", "4da41b0a-d561-4273-9798-9997f5fc033b", "8f0447b5-1fa2-4546-a7eb-9ebd53cf138f", "16b57bd7-3904-42c9-8e2b-329f2f1d1984", "9c2dd81f-1da8-4dc3-9333-188ab7bb8b57", "455e7343-bff4-45d6-9311-0cd136f33df5", "39a28071-ad14-4be0-8637-45e92e2bf1a6", "5ad1e1ef-0e86-4683-b2cb-439fa621301b", "35c629ec-8f58-4f0f-ac7e-1a9048671cbd", "89348f9d-802a-4b00-b2d3-1301cceca2cf", "bb146724-a313-4a33-9605-b2606ae6c62e", "49194d4a-e472-4453-a483-9f14932242bd", "f61271ae-7c89-4f94-9646-31e9673468a8", "4a774fed-086f-4629-aed4-2823e555a386", "fdfbc60d-012b-499e-be34-23fcf9acbdd4", "f04621ac-6f39-492e-8ed3-80749bb1d3b8", "a8109e5a-5d29-4645-809d-63f7655c387e", "527c93e3-c320-4ade-b3d6-cda63e841025", "051922b1-9315-41f1-87c2-5514ddc275a1", "92cb7b6a-6fd1-4dab-932e-a3acc4fe4f62", "401bdf40-1f1f-4667-8209-08fd754a3d11", "b23fda26-8a4d-4ad1-9501-d2f501c77d52", "b2afb954-945c-4210-a9c2-cb00e1164fc4", "cbc0709f-28e6-4468-bef4-ba2ca743a84e", "57ed6f7b-129f-4bf8-b40d-2f8f74822d64", "b168317d-d671-4089-9645-49d23620c7e7", "8d6db9d2-e4da-4038-8ba4-53c5191cfef2", "ce9d70d3-6317-4230-a67d-356c299346d1", "c3a2f776-7b95-4fc1-8104-59e9abd7d190", "bfff426e-aac6-4f31-b0e5-38360bb917a1", "345211b4-8afa-4fec-9c70-5d1366da6691", "3f177899-63ba-463e-ab9e-9d5509d2950d", "a852542b-1567-4ba7-b05a-ed6ee29671ac", "757d3c31-15a3-4caa-aea1-cc3b5b72c784", "b3f0b085-7637-4e4d-a3b1-079d467f0d60", "7e1337ae-ce5b-4b53-a118-00fdcdcdcb07", "93eb31f2-98d8-4e3a-a2a5-118c22dab09b", "3fcdbb34-01c9-4ef3-a126-f637833f3d1d", "a715a9d7-971b-40b2-9e59-213a7dcdf19c", "58883bfb-2e88-4d30-81c2-b112e24c16f2", "46849b84-8fb6-4ad6-afe1-61d3bd5a5386", "b77bb7b7-15a1-49fa-9137-02cc60debdf4", "21fc9719-2b13-4aad-a3d4-6d15c219c1bb", "815bdc70-e2a9-4af1-910a-bfe3ef0284b8", "69d203eb-7682-45b7-a2c9-ba5e36054c5b", "9e62022c-9310-4183-9c5a-0ac20e5fb766", "4d4faf24-2efe-48eb-8308-2e4d2efb1bb9", "25f96acd-1f31-45f9-9b40-625e0aaa2eac", "f8db9063-e23d-4fc0-bb4e-0aa939377379", "054863e2-e54d-41e5-891d-7b248100f891", "97df3c3f-7f3e-49f4-b069-c3583f088f67", "00b6a9a6-9f8a-4d12-bba6-3fd06474612c", "05eb7a29-9051-4e0e-87c4-fcd37eea6ac6", "ab496b79-a5a5-4fde-a403-c150c2ce261b", "ab31c43b-963c-4480-a0d2-1599d313bab2", "6c8dd5c3-ac11-4c7f-976c-d62bb7350ced", "1482063d-a97a-436b-b568-94e8cd50135d", "3d6b8abc-62a2-4db5-a275-4cc98468d82a", "f410b40f-9825-4372-b905-04eeeabb2088", "4abac2b1-b836-444b-a1b6-55a00ed060af", "28f7bffe-b860-4e39-a91b-bb248031fe64", "32a8493a-7fd1-499f-97be-d20626a5bf7e", "9f07f5e1-78e0-4ac4-a911-bcb3d5a1052c", "57e15f2a-0a07-4bbd-b79a-27ad242d73dd", "3a9c63d6-1d90-45b1-953f-edaa6103588a", "d5bf941c-7059-4d0b-ae0b-ac0a3e5b3f6d", "2ad52447-162a-45c2-a5ec-4f414cf7f77b", "5ccf02e6-8b36-431d-8163-52756b6c3687", "c13ae7fd-a8b8-44f3-830b-5ebbc7fdbcb6", "6e379c66-176c-4d21-891b-1ccd4c6c51ae", "3fe6db7a-7cba-4755-aaa1-1adbdcfc9a2c", "00293f4a-a896-4c7a-8618-16eb1bcc6432", "816746db-0b3a-4db2-85d6-200e0fb832b0", "8d3079c7-f232-4a5e-8c4f-64f2b0017438", "08c09922-a851-4606-b87c-4645455a9873", "484c5cad-ec7b-4c76-9894-b518b1e2edee", "bf2d8604-d938-4c2b-a424-825383d5f8e0", "9dde07d0-6efd-411d-8b99-740596190840", "7d2cda1c-64af-4122-8fe9-bd18b7bb3283", "ca91fc10-b356-4f0d-888c-96e90ec283df", "5907d09e-4340-4e1a-b9cb-0e4f5f4ca02a", "59a867a7-1f19-4dc8-8168-169a75e606a9", "0de0b5ea-fd34-448b-913a-e8913d029d12", "7a8518b0-5a03-47ec-9ed8-09e90a92e132", "80e3c6d9-26a8-452f-af80-cc6373c05835", "2d32f8a0-7040-45e9-942b-7dc0b9b61fad", "fa5730de-b1e0-4af1-94c0-5768ab16121d", "29b26a3b-5468-4391-b85a-3fb096bd2447", "60af1917-5787-40c0-9f74-b5d3c837fa0e", "f435a2dd-9b81-448a-a6fd-49896d0930d5", "bef05c1b-3059-4bfb-8298-df3246012e1f", "76513f57-4aa1-4d7f-9797-2516da4faab1", "3c04f1d2-9b56-4ae8-a0e0-d58c7d420731", "9f459340-5b38-4713-95b2-044b1aeb853b", "2665d133-1265-4552-b541-d06bf882ea8f", "a4873bfa-2b3d-4b01-a68f-a1bc08c4186e", "4f800cc6-c769-4ab5-9fa7-dda45df2ff0f", "2942ebf7-e901-4003-8f83-5d8101a44f6b", "2533590e-d0e6-40e0-aa77-3178875b471f", "9795898a-f1c6-4fb8-890a-6343d2607bd1", "4e5253af-8d64-444e-8768-073338c0e2a9", "5fa543a5-fe61-444b-b008-900b1389e338", "e6f7c792-be36-4b44-ac02-d1024ae16a26", "de791844-8a87-4c1d-9bc4-a54c03b893e6", "2aeaca52-8991-4b87-a920-c33ceab69af4", "efc26ba5-27dd-4f6f-af00-e86df7c13597", "75150319-ee13-4b64-8447-1856b4dae15d", "a76125ee-f9c0-489c-aea3-5f349ac00eb0", "5ed760a2-ff4c-44c7-bf23-0024578d96fd", "da938f2e-b45f-44b2-b37e-75faae82005b", "29f115b5-3e30-4cee-befa-e52cb60a5604", "0f57cbdb-e1a8-4d08-aa08-2b757b554b4d", "7d080591-9643-445e-b865-85c3cbaf3dfb", "c1b96deb-f6c8-40d6-82c4-f9ae84a7ced7", "5c436efe-41f8-4cff-ab48-1053e0375aa5", "374ce86d-25c1-44eb-bfc6-b37d85b34f65", "ff3681bc-d6e8-4ecf-9619-1980f7664fd9", "1ce36864-54fd-4ddc-ba40-a54525ff5a73", "4ce3b9c2-96ca-4fb8-8141-191838624862", "42ac8256-1dfd-4f6b-90ba-62c31ee28aec", "58c9d790-3108-4358-97b9-ffa89f419e78", "a7993e56-7cd2-44ab-86cc-7a3a21e4166c", "98d16031-39f1-41bc-a6e3-9abe6952321e", "bf7bef7a-7652-4044-88c3-9888a5570bac", "7503b9d5-e20a-43e0-8d55-da994d5ba5c5", "b7ae0554-a7b9-45b5-b889-8e4b7ee30573", "25399e4a-9110-46eb-bcd9-e1ddcaf78865", "88293801-5be8-436a-bb28-8c38fdc0350a", "a520bc5b-b731-431e-8667-b81eafb1db24", "2ddbed3c-b152-435a-b695-057ae28a5cae", "b0f84b99-86c2-4fbd-9c07-d41de798aa41", "c4131a38-86ab-4c91-ab2b-d7f918aed19f", "71619285-d853-4c4f-96b7-28f4d62bd0cb", "32f6d27c-44d7-4919-8896-9ee49805a1a2", "64887c7d-2a3a-455c-8013-ec98af98aed3", "aebb8e53-00a3-42f4-b67b-44718d28ee5c", "234e4c5d-f3d8-43b8-b6e8-ef77605e4e1d", "51b7b9b4-8212-4984-ab60-d7b9d3c027d6", "577c7e25-8ba1-41f0-9679-b336b6b39be4", "ae9179c1-2f63-45d2-a53f-96091406061a", "82de1d66-964b-42b5-9de7-017b18eacf55", "a1f5bc04-360f-4ef3-a3a9-78a732c3144c", "d6c5eeb4-b34f-4699-a6f8-9a25cb827f5a", "7df1ffb4-6569-4345-819d-05d7a876620a", "44389429-12dd-465d-be61-a61805175253", "11bac740-5d89-4d7b-982e-ea97beeea3e8", "ebbd7829-4491-41a3-b79c-3c03f71a176e", "ab9add54-a9cf-44e0-8a8e-03981a2688ff", "eb2a8673-1d83-45e2-985e-56a34ab014c3", "dc84a9a8-9769-42c8-a9f3-868a86f7b93d", "ab694e45-fd84-4175-8e8f-46fc62a1ff5a", "d2186187-6c41-47ea-bf24-d03af9d7d2fe", "eb8f71d5-9171-4536-a07d-77f0b928e4cb", "f5810ff6-bc71-4e67-94b3-48770ec3aef6", "617390a5-cee0-452d-b968-d8f7e243fa46", "78a8378d-c610-4242-bb8b-c062a50e236e", "dcb69843-f541-47d4-af09-6960f844e3eb", "d72c6e44-ca0a-4503-8b2c-779a00991d02", "f8f9a8a3-789e-4ec9-bf33-4716c19a0978", "c0c4bbe4-db1b-455b-bf8a-fa8ed5bee5fb", "08672a90-10c3-49ff-8f00-ac52ef99aeb5", "7d1656de-640b-48e4-b26a-d1a3d1b34058", "0914186c-839d-4234-8558-ae1686d908ad", "e700535f-f3c3-40e9-914c-518908958aa7", "c52f8ad7-394f-4250-817d-6117572f088e", "d969ec5e-5db4-45d1-9c43-7a8a4a2fa1bc", "57a1de46-3281-4a5d-920c-a6eb4b7f01f8", "803c36b0-cf5e-441f-9683-277d6eefa249", "1cfaf817-98f9-47ed-a96d-cbf87f1cf038", "79291dcc-c46a-4ae4-b516-5d1c359fbe56", "84a09348-a79b-4a0e-a76b-152d6064757a", "60a11cca-704b-41d6-acad-4ccaf223489f", "a388042f-ec37-471f-b7db-84ec24b17a11", "1b63fd73-a444-4e9f-ae1b-28c964f00e33", "8c44df2d-ce7c-4db5-85d5-3c73b6b7c48a", "0e7b1a78-983b-4f25-bfae-424e5487c8b2", "679da358-1443-4faf-b1b0-c1ba00e440c5", "434dc1c4-2b60-463b-a02d-bb1789762843", "3c8ecc66-5813-4738-929f-28c74f966486", "999fabaf-1412-41c6-a429-6149cf7b4b1b", "ea73667a-f4e1-47ec-865e-7bff65f24492", "ce7d27a1-29bb-4831-8d71-e025a545796f", "cd390cd2-f4bc-48a2-8bbc-2dadfdddad7c", "45e19605-e853-4e3c-9ada-1018d5b1c722", "4b99e707-7852-4720-9b1c-c02b5d6cfbc1", "1734eab3-127a-4436-9a9b-3328d83de7e3", "352c6d18-624c-4ea8-a1c8-5f90e03fd462", "d424c7c2-11dc-4bee-a16e-f911426fd875", "cdf63eda-9cd1-49f6-9e39-8ec33920e760", "e6006834-5a0d-4ec8-80a0-d03e631df2ea", "c04f00e4-7551-4466-81de-91b3050da9ef", "598c49d0-a682-4179-a276-1d0853f521cd", "27658820-5a76-4cb0-9c9b-790267cc0cbc", "e179355e-1d40-4d0c-a5c1-a802d7345d8e", "5255d0d7-7caa-4db2-a318-a18b268e148d", "2a44ad1b-7dc4-4d59-8236-f1d3370730ef", "4c9d3761-2df8-47e4-a7a5-1f1066943f0f", "78e10c7c-7998-48e3-89d5-b49a9e8c6dff", "744f2a2d-850e-4f5e-bc82-ea5c567df9f2", "5d50ba1b-1cd2-426e-b829-4f872a5fe35b", "3e4db167-1e30-47d8-af9f-682b834fbbab", "3d241120-cf73-412f-b037-f7d4be7b284f", "ef7621fb-a8f8-4573-9963-777b9646bb16", "f8e6ae0f-5bcc-47ca-874e-02ab5d1d725a", "f7424452-6d39-4fed-9b21-b29c5b7ba310", "c8f7e000-3cfc-4fcc-be52-fa0838af8ecb", "f62c09c4-8887-4aca-9664-821d7dd61d1b", "e51f4a5d-f191-4d66-b3ff-cd6664c9ec1b", "3695754e-e1ec-4a4d-840e-51a1310f4bc9", "5d589d9d-03b3-4bd9-a3cd-4dae868c401f", "372f9c69-a220-4851-a936-3f8dae9b08e4", "93afb987-dbdf-4166-be31-3dbd02203da3", "a035971c-2c32-4084-818b-648a0a814c13", "abd2e899-f94f-4af3-8641-585b6fec713f", "2a56495a-830c-4c65-8a2f-15764a80689b", "db8e3809-16cb-4096-adf9-e6279561c522", "d3bea40f-6545-4212-ab8d-ebabd2c09b8e", "29aa771d-f519-4cf6-8252-ffed684ecf1f", "1efe3dc9-ddac-4787-a27c-420e7e058b0e", "6389e45d-6bd2-4caa-b2b9-9fb072958af1", "ee851e10-6fc8-4110-a66d-3309af3a176d", "04338f05-1258-4c16-8e2b-fabededde552", "c1645d75-04bb-4a84-bda6-96b1d62ffc70", "a5d7fc5c-f060-4409-8c76-86f311230a1f", "98ea062c-4a7c-4777-9f17-39efac95fce9", "29dfadcd-deaa-407b-839c-801d04f8a5ae", "7f7554a8-c8c0-4627-a23c-58fcf724664f", "5c1cd0a3-341f-4414-a19d-cb2922316c98", "561a067a-f0a5-4b9c-8685-949666e6e03f", "167fcb44-4c16-45f5-a156-da55c819d856", "9f6742c4-a257-4eb7-bbca-3878ee2f7f2f", "51e1a25e-7d51-4303-8c53-603749985234", "7e66d692-0cc6-47e2-8673-66539cc7104e", "a4d90935-0be6-46c6-b6f7-199c9fd4c7c1", "1df8391f-f5c1-4f60-ba0d-5fc16959f99a", "fc5c0f0f-9ca5-4f7f-9bb3-9c043467cd83", "11b40d28-83c2-4553-a3e2-348a4cc5a158", "b2a7d7b5-3a24-467d-9e78-25dc49e1b8ff", "9fbe22a3-de9d-4935-9bdd-e363a6ec4c11", "04be3ab4-d736-48ff-b748-6d4b288211d9", "14b5b804-fe33-43c9-ac93-2efaff7db992", "913a0ac5-fdbc-452e-9e7c-04ac6f2e1543", "e9dbf45e-032e-4fa8-9b2a-10923b6d737a", "f0a3129f-18b8-4903-a5da-3e3b0838318f", "2c20473d-e277-4bbf-bb80-e5734d214505", "3619bb3a-e330-46d0-9769-4948eba8e4da", "d549df20-b688-4463-afa9-e5070b96786b", "921c1e29-9dc4-4666-b075-34b16979b04f", "bfa62021-e225-4ed5-90ca-22df6fac1054", "3d22b08d-5f7f-49dc-89ec-3d0620f968a7", "322dcdfd-1134-43ad-82ee-e3681d2307f4", "73aa6bfb-3e3e-46d2-a01c-04ca15c76c43", "b81d65a7-e2b3-4bde-898e-803fae707ea2", "e0c6c97d-5c4b-418a-b0c0-a73353c93f0f", "d585604c-4d1c-427d-a176-9c4bcc566e23", "b98af43f-b76c-4b25-96c1-524843c6169e", "5a2aa0c1-c0f5-46ce-92be-3bedee49b54b", "ab1f124a-1caa-47c5-98df-19f573e77978", "3918843d-5fd3-4c66-a5ad-577741e53e65", "34be6e66-7cb0-4cf4-afa1-346d5fd47ed1", "a1193005-8f10-41c8-bc10-3e8a9e6072bc", "b99e0143-42b4-4656-86df-8b5c91530094", "d792873a-db43-4d31-b153-3bf84e2789e9", "a67e5faa-9ef2-43ca-b801-541da633ddfc", "a57405bb-889d-4218-b7e8-e6e5b8215960", "acbb94f9-f97a-4ab5-9491-bcc1d826d5b7", "0860f7b6-7b52-44bf-b6dc-bec9e983cc2d", "3a683afc-b410-4664-b132-af126ef9ef25", "5695278d-6e87-42d0-92c3-583913fd9bbb", "80348040-dcfb-4fb3-9b87-4adc3140d886", "08af65fe-7bd3-4cbd-86b4-2e9de01078de", "7179886e-3a50-4921-8cd5-90fae4819d68", "49abc8ce-0640-4038-9e58-21d29d771ffd", "fb383f98-d240-4d05-8344-ab3e866409df", "df57c13d-3287-4681-8761-f1594311639d", "643768ce-aac1-4626-8e2d-4d22ee6c1860", "03d21f92-c0ba-43d9-a804-0ff4f3b5c3a5", "d811f9e2-dbcf-4f70-938b-216ac96a4229", "396deed9-494f-4efb-b2f9-a3f1f3e75d91", "d98ecabb-6d2d-4fb3-b1c9-384d66e2a4b3", "97630de0-4193-49a7-ba3a-bd8a48259f53", "945d1f9f-fab7-4e59-af21-241d7b35ffdc", "0bd8605f-1dac-4e4f-9ff9-5e2d90b10183", "f4ce7984-1ebc-49f1-80c3-3bbdbbf44b55", "116c7a3a-32d6-455e-9fda-8c7166bd4533", "621ea891-07df-4cb8-9e72-54ea1d8fc5d1", "d056c0ea-857b-4975-b2a6-ba1857b08334", "5c45fb9f-d6f1-4310-abfc-f2f88085f7cb", "5b3a8f2f-3675-4065-9f0e-69ab65097049", "409a656e-bc1a-4d1b-ac78-320d27cd4440", "fbb2a198-5585-4434-b23f-df1884c8bfbd", "b7d00f5a-bca8-410f-94e3-d1fa8e6bf293", "63e79551-21e0-4f1f-95d3-ded4c10b00b6", "a76aaa46-3cc0-4a9e-9b8f-0fc5d544b639", "b06c891b-7742-4020-a683-0ce9eae15242", "cdf96b89-a533-48e6-8c2e-11708699f5ce", "48083668-4fec-4080-a76f-7824edc8a699", "7b66fa61-0469-4963-a6a4-5cf3f5ffba4c", "0e961d8e-a606-488f-ab1d-3adc355544dc", "f0ab7cf1-e497-465a-92dd-2ff44ff76126", "45a124bf-ab75-46ca-b7a2-697b60d49448", "5c995368-0fbf-4c12-8317-35bfd86cb6ab", "3024c549-1844-410f-a059-2f5a1fcebd50", "078eef65-9e63-4232-bbd5-1765e757c781", "ac71cb1f-66da-4ef9-9673-7d07a15dabd3", "38fff677-8a7a-4e3b-854b-949549c9e701", "593060ed-00df-410b-8203-02bcf628c634", "75c51500-837e-4035-b6df-48190a8f5671", "a3495114-9c31-4521-b8e1-1b712fa34808", "47e1b5bb-e274-47e6-8489-905a4401d456", "58b44914-5912-4c2e-bf15-38f9b66989c5", "be832d6f-07c1-4038-b0db-919ae875334d", "d49324a1-5476-4be8-b668-14d8b1778650", "1e72625a-184c-4e9e-b765-45724764f40e", "98e1cd6d-9efb-4da3-a5c3-5a722dc93ba3", "c422dc66-e749-4efe-bc2a-c17c6667f95d", "f3432491-be89-416f-a234-e641cf9c6c4c", "c7fb2b6b-f3f3-42a2-935c-31f8001e5244", "49da6845-be56-4291-8762-33da89fd85ab", "df9e0ade-6e43-4987-af74-8cec7cc72ef9", "cdfa1cb6-eec3-4ff3-ad38-79a6a67d84fb", "a40ddbce-efbc-43ec-8254-eeb3e5a1c9a7", "2134f195-ce13-4ff6-aeff-bf138474e342", "fa3014cf-516b-40ae-bcf2-96ff1bf09f8d", "522ccc13-5c5e-46d4-8404-a323744d7e9e", "03e9644c-7495-4e59-bb3b-523d6dbc7a73", "74a7cd9e-7c82-47c9-9cbf-231d9c1d9c72", "c9b87620-5413-48e8-8ac6-89ec68b515e8", "a3b6d1be-9649-435b-9bbd-f45043df97f5", "fa0fbde0-b815-4a87-8564-077be83faa6c", "1f227e48-f53e-457e-b735-121c2044b020", "e9365c49-b88d-4e91-ab30-12f5bc94a9a1", "fb94b907-0110-4baf-a541-a4f6416a0417", "f204434b-2d2d-49d8-9ada-7072332b5121", "d86422a8-27d9-4941-8ae5-e14ce46d82c5", "3442b7f7-d5e3-46ae-9349-1ee6e281f812", "57136d07-4dcc-4bab-819f-68453b018c89", "1969695d-b299-4082-a703-b59b5017200c", "2ef31f83-27b4-4c21-bdf2-4c329bf908e5", "d0f7f724-aa3c-490a-9989-ffc606c08ad9", "59c53790-d508-4458-be10-7c2e5a4786fd", "b20a0705-f396-4b08-996b-95217fc5d784", "fa1ed924-1f7c-4310-a0d9-ef2cb056898d", "d9d9d186-3677-4899-a6a5-6811277ef574", "0c28efe4-b3b7-49fc-bb0c-f6f6333a334d", "1ad50c90-5752-4952-9568-65767236eb84", "c074530b-a9e0-4cbc-97cd-b359c52ed35d", "ca551668-f2a5-4c4d-9588-97beae198f18", "2b114dd8-b2d2-4b47-b697-72757420a39e", "44206f95-8cf7-4a4f-b0f7-070a92b6cdb1", "6cada005-5a2f-47e5-98cc-c24968ec16eb", "2a1185f4-3887-429a-9a60-e50188dcc07b", "1384484b-975f-4e95-a9d3-f1226fff94c9", "059ee1ae-95ca-4266-a371-03b984791a2d", "2ca03113-0d48-493a-a7bb-94c70c3336db", "58e3c27a-1f35-432d-997b-f18c4b584f17", "b39577d3-5c89-4645-bfd5-c094b3abe35c", "cb048a8c-83fe-4fda-a5d7-f68592835e7d", "9b785620-f5b7-4885-af86-b64b69bbc7ba", "a06f5e8a-1f14-409f-aea5-85cc14da5b4d", "37dac668-2569-4edd-9e5b-6fb7f88037b6", "dd1a1aae-e39e-435e-acdf-f2e5d2146fa6", "074fbde0-dfdf-4f51-88d2-a51026dc7984", "7c06a14a-2a02-4ddb-b9d8-7138dee566c1", "6d4af24e-1ca1-4c0b-838b-0a85404b578f", "ae74f12e-5cb0-4e35-8b01-66521966e8ef", "3451b50d-1649-41c6-8b0b-5cb93b358297", "aff0b092-46f4-4204-a046-547483b021ff", "97e24615-bd7f-487a-9773-b610309fcde1", "02454a9b-83a8-4e16-bc35-7cc3586182c4", "13653c20-b222-4159-8d20-7377f482869f", "37b6ce4b-0f03-40a7-bbf0-22478a1feff9", "a5205425-f3e6-42cc-aac3-5668a39d27f9", "7de77d3e-2c2e-42d0-9e58-c355ade66442", "2123ade6-5708-4f8c-993d-d23f13eac754", "7979160e-a8b0-46de-b203-46468d4763c8", "f09ea658-40e0-4648-9114-12751d3208c7", "45f1e478-e2ae-45e6-95ea-39307ea65735", "93cadd0d-6128-49a6-ac86-12a8e553b4f2", "84e14568-93c0-42d1-80f4-8505bced5dfe", "8e0a970c-03a7-444e-93c5-a4e7705f2f18", "18601390-6c47-4beb-9570-ed80855d1231", "c246bd55-24d6-4b7b-b27a-6aac4b94f200", "de6cc13e-36cb-4674-bea8-898f1aa18211", "46f56795-6808-4faf-9160-bc386d2e569a", "6b3db56e-9f5c-4c6c-b713-a8cb477bcc57", "ba443884-1b45-4a48-a2f6-4fbe27b5fe05", "d0e119f4-7fa7-41ca-b458-d729100597eb", "ecb4d2e0-1f22-4325-b766-6e48c7ad0a7b", "0c670653-393f-4722-b473-a1cf1068f805", "b2ac0fb0-cd0f-46b5-b1f6-fad231753103", "e3ba86f2-2ad2-4d22-9ae0-dac1afd1ac54", "5fa2895b-1ad1-42be-a212-846a25aaff7d", "61e1b918-639c-43a3-b9fa-f788a4fcf932", "a990c921-213e-4ece-9a5b-8b1b6b73f964", "c6b736f9-a0c7-416d-b991-1e74f828b22f", "fc39a50f-c45f-4f13-b371-27efb5f12f4f", "e6e78a24-dcab-4edd-97eb-a9d4a35e2a08", "72a61c99-1bc0-4c28-af19-77319364c60e", "e22e2fa7-0701-4c10-badd-cb0ce17346ab", "c001ac2c-02e5-4001-8ff9-3a02231abd93", "2ed5ba3c-c5a9-48a2-b1d7-6071b1babe2e", "abc0b71a-bd22-48a9-bbfe-15d73fae9d09", "e99deb8e-e955-44df-9ff4-3fa02aa34c2b", "ed438015-a222-4adb-ab00-0130bbfda507", "0e8251b7-f147-401a-b6b8-0b5e38857fa5", "e77c4849-2cb3-4e6b-908d-f1c59246d33d", "fa9a0188-f49c-4f35-9283-eba408e64a33", "07c4a872-08bb-4eda-a7ca-5f480427ce9d", "b0e0f736-1c98-444d-8ee7-65072097eac6", "3cb64391-3a37-4f4d-aca4-0d43a1a2d6e1", "5ac9d94c-a953-4e7e-9f45-1c514f2770ec", "4c6af709-9f65-499b-b6c3-2e4e06916a76", "9839b7e1-c8cb-4386-bdf7-c338d7b37746", "62a8e57d-48ca-4aff-8354-4e7f70eaeb83", "04cf4a64-7c61-4182-986a-5f5a43d3a544", "f9fa5cfb-e301-49f5-9df3-dc409973edbf", "a845068a-705f-4f12-bfd0-ee47cdcdfbc5", "bf9c38e9-b381-477c-bdd1-b08512fbaceb", "ba7ffe5a-0dd1-4107-987c-6f469dcd2404", "021c558d-adca-41b1-9e41-d9a01c8f1985", "d45a210c-e2cf-4028-a11f-cefd690e63c1", "0b78443e-9da5-4203-bbf4-4cb6a0a34fd9", "ce0fe94b-f17d-47b5-8352-76b3eb3f4b7c", "175de025-34b8-4b52-895a-4db075ebcda8", "1ac208bd-a186-46fe-bc05-463246b236dc", "ea2e5421-4642-428e-a253-ac230b7b0776", "fbd92cfb-4de3-423c-9497-c280b2d4576e", "da966db9-32f5-46de-8cd0-c3c92fccdbe5", "1adddbd3-660f-40d1-a580-f260304fd609", "76dda38d-288a-4f2a-b44a-7cd31bc1e55c", "a13c230f-70fb-4ee7-991a-79f0fcb0739a", "210ddb9f-b393-4bc9-b026-87adc054b338", "59388318-0807-4a6d-bae9-7da34cf54c5c", "53d6200c-a52b-4a9a-b09b-f008e66d1d42", "d0aae5d0-fbad-481d-9ab7-9cf9f03bc584", "3f868a8c-524f-437b-aa75-415a36a38798", "faeeeba5-61e4-42a0-9097-7778426bb115", "cf9a9210-5588-4390-af14-22f70585db39", "64853303-51b0-4b80-88d0-7a149dc5e67d", "cba6bf34-8923-47af-b0b2-24a04edcbf31", "b6f50f76-b8f0-4468-9ed8-2b87622f12a7", "438f618e-2695-453e-8459-0d9ec08a2caa", "0692ad4e-fc04-4b77-97f4-d55561e95e54", "d7055ffc-4de8-446a-9b4e-621cd0824e1f", "531e7603-242c-4f72-a484-0e9e065b6e85", "8e6313e5-f977-4d6e-9a26-fa9fc94ff06e", "229e14e5-4dc1-40cb-a90b-5b51a12fb052", "7cb6f612-c220-4453-82a4-e9821bfefaae", "69c32716-2322-466f-9c72-68d4aac1fa94", "c9db827a-1c51-4ddf-af55-d65c24a2fef5", "0812b719-43af-47e7-a615-a095a7b35ab5", "622d056d-5d16-4f97-8dcb-a1814624c7bd", "45844464-14a6-4dd3-af9b-bd380216c2f4", "43427da1-114f-40af-a50a-a1ec55f2a070", "5a5c89bb-76e2-4e26-ab3e-dcbb339de2bd", "a8bb1b89-b0ad-4be8-a82f-23da2247b7f3", "da304d61-fa87-4db0-8bbb-cf96d8d0db96", "cc1974fd-fc23-4ff2-900a-5ca938d02522", "1ee7f521-a7d2-4044-9514-5fd53e9e9008", "291bddfa-16c3-45f2-9bc1-eec8350572e9", "848f592b-15a2-41fb-bb61-5f4962e8be16", "a6e968a8-11d3-40f3-b804-303af8127649", "1c0470d6-4c30-4605-bc77-0f89e1edf126", "60ccfa97-d74d-427d-8333-f1d5b52c2b3c", "ae9e8d04-1aed-487a-a634-ea938a197498", "fa878deb-afcd-4096-9ccf-dc54ac2bea83", "6012659e-e60e-4e0a-90f6-069dc617562b", "351ae76e-ac90-47ca-be4a-98dedf6c80a4", "d61e2d16-694e-417c-a24b-50a839738313", "ec45fc94-9a9b-4be6-b149-926ebe1b12e9", "4a52c7db-28c2-47c0-b615-59f2a713a60b", "b6a11c43-b8b8-428e-a682-4862674daecb", "bc0b2a1a-ca9b-4fd3-9141-dac75d92f9ce", "ac976777-3e5c-4a96-95a8-f64c3f848172", "d1f7645d-0dd8-4ee5-9e47-fcdcb61da808", "6146163c-a114-44bd-9869-8b490962862a", "390fb260-82b9-46fb-a034-d9e632a1460a", "38857a0e-d04e-4ec9-bdfd-4baadd940d7d", "e95a39bc-5812-4873-952f-1c68747a7823", "9e03c584-2cd5-4614-a627-8bcc353a2ddf", "22b88a0f-3bb3-4262-b923-689e8b72dae8", "32cf176e-cf64-49ed-af26-a99c0301a420", "db3668c3-cf23-4b5e-8e63-b2c269b93687", "c5af2db3-e377-4dc2-b774-368cf65e264e", "b20620d9-6352-4246-8007-b24d67611d15", "6d8193e7-c531-4137-854d-7c77cc3456d0", "1fe57233-2f5a-450c-bfd6-41b9769334bf", "f94d817b-3fd6-4d50-801b-ea50d0ebe32f", "11a9ad6e-8f13-47b1-a1af-07c59e685f89", "5c9cbff0-39ce-40f2-ad92-9417b8973a93", "d3080e08-6ab0-4c88-b625-b13e9b007166", "0248dcca-babb-48fc-a648-73b2b78f8031", "c636e7dc-b47b-45f4-b127-152ad6b3e296", "756a0fa3-887f-48e6-b111-22c207d43b13", "823d8df0-8c12-4017-affb-887ee1fea7ec", "64eb988d-5da0-4c4e-9648-3755dd7638b4", "bce3bdff-7661-4091-9267-dfc3cacbe2ef", "325e96a7-9972-4c12-aeee-54b84d996564", "d5aa1dae-d37c-42aa-b6e1-b2a1bb648176", "4910b01a-004d-452d-abcc-8f271aaf3454", "a3e53c26-c184-46ae-9be6-e5c7c44fe193", "563473c2-88eb-48d6-974f-48bf23004656", "ea7c8935-1229-45d0-b0cf-fb0610d739d0", "8e8d6ebd-970f-4556-8079-9db5dd0cc66a", "a18c7570-b8db-4625-837f-1245ab69b5a7", "8f4fdf95-b8e5-41f4-b8c2-27863f4b350d", "453a0ce8-d1ac-490a-90ce-b392f2b040fa", "20096312-260a-442a-b1ed-37ca48d08ce7", "ad0b02d2-00e6-4403-83c7-c33f1c5eda7a", "4c0e93ac-6875-40cf-8fd8-5a40f5b32fd0", "45edd501-2bde-439a-a0ea-637932b0d418", "f7b4b6ac-4dd3-4b10-92d2-f31adfc5a6a2", "b0cdc85b-119b-4ac2-b92c-87761a890101", "ad30b3e0-390b-49d8-87a2-972f6ffbef48", "3ff8b20c-2ee4-4d3a-9a6b-786231c434e3", "7aa0f593-cf37-4693-86c2-6582d5aa88cd", "fefccfb4-d386-472c-9294-f00daa7ab834", "712bdd1e-4c8f-4132-a27f-6700c5230e1e", "d44cf9e9-8548-463d-80b6-4449a62efbe0", "d63c3575-598c-43d9-8792-4058115ff576", "9372fd06-89a2-400d-ad90-882773e75c5d", "3dadc0ff-befb-433f-b418-4b88e18a72b1", "10846a33-aff1-461f-a437-9e584bb61832", "b962ce6b-79dd-451c-8690-ba4a11f7ca67", "192d25bf-fff3-410c-b802-86904a46bb28", "ee188cfd-2cfb-4b13-ac58-ccc8cc18282d", "c6612315-f13d-433b-85ac-3e83b237820b", "80f5077b-1e73-4b61-b84d-d5b0d8da2fcc", "2a8110ed-4d42-4bfd-8cc3-1fded32a57cb", "e9de3bcf-58b1-4c63-a4de-52956d3a9282", "0c569086-30df-4b17-8a8d-1a11064104ba", "05df90be-0de1-48c3-9b72-dff304dd418b", "6eb27934-93b5-4892-99cd-a0004af2b953", "3d0cb2e1-da5d-487a-9f04-7d0b77199107", "31e2eec8-b0ca-4289-93bf-6d9f0ed2b45c", "a805302d-a930-40c9-9453-c01cbc3fee2a", "e1036e61-439a-4437-87d3-b2d25ced7f7d", "b424533d-d74a-458b-9852-1740b59ffbd7", "aa79c259-b666-4939-ba25-c340cef85342", "62486af8-c0a9-4c8a-845c-b622c13b7667", "ed43b694-6c5b-4de6-b58b-f802db4122c1", "e78597db-0445-4ae4-8810-506ae8a15569", "4373e66e-95e2-4bbd-94ec-b69d73fb0665", "fc813158-7dc0-47a9-a96b-e3728b03ed30", "992024c5-c778-42f1-9401-cb616c7a0c0b", "1de62b9c-6c28-4ff5-9c40-ed0ff02e6e3d", "7c90cb57-b645-4f17-a1ba-9bfadea2e0a2", "370fbdad-e5f5-4edc-8650-08b7556061a3", "fbea61c5-b34c-4277-ac2b-ea1b14f03149", "73a2d929-cf5c-492b-8162-a0df9086eb88", "f0d83f43-de7b-4e3f-95dd-d13346b7ab21", "f00aa4b0-d67d-4dbe-81d3-71dd387d56bb", "7a03b0a4-5f59-475e-9972-84eebe4e1dde", "211f6f1c-885d-40db-a66d-3f91387dbd8f", "14237f5d-31d9-4af6-a483-de758127083f", "8abf2383-2002-47b4-8959-b8a4957b5762", "398fc45e-9823-448c-9f09-55778384b196", "a34db24c-1d3b-4426-91f8-a00d5d07fff4", "cdf8d360-f250-48b9-8294-f88336bb32ed", "f6532739-5e45-4b71-bb3a-11f65bd4aef1", "d89a52f3-41f7-478f-a1e7-52425eef6df2", "3549eb4b-3a1c-4d7e-8415-3b3adb04c93e", "7cf4e007-3820-44d2-bd8e-e3b8f8834e5f", "0c9ec95c-56c6-444f-8e97-efa8fc1aff6e", "3c285e2b-84d7-414b-8919-34b1eba351b7", "62666d92-b7cb-4a94-a6ba-3458cb1d7d5b", "4e429edf-be39-4fb9-bab7-a77a845ac949", "f82f150f-32fa-4636-b2df-0ef50dda6206", "7f7ad599-7f49-4d81-91e3-213cfede5481", "c9f5bb1b-562c-410f-bec6-5ed0ae29101f", "b2f28306-101c-4143-a69b-44722ff60464", "21d23ff2-b9dc-4aa5-b18e-e3613df50c2d", "2e60b144-edd4-47ea-b0ff-33fa01f7d8ea", "5d64d0e9-a8c9-4700-9c8e-f9febce37af0", "d003cd9c-29e2-4c9c-bdb1-a40f399fe418", "b0ef23c2-f232-4f08-8cb5-e1ce1af7313f", "5dcd3020-5bde-4cf5-b8cd-52a8bb5b7f18", "fbdfdb54-7d7f-421f-936b-e4370c524669", "1795ee4b-b9bb-4c29-bead-fde0d1b0118e", "0afc7467-9d98-476e-8d15-a88c34a2362c", "c402f79b-cc5f-43c8-a892-c4f1d0e4330b", "0869f75c-4e22-4300-a4e3-27fe0296167d", "2ad8d36d-c1cf-4bdf-bc3a-7e2e55f628a9", "34232c7d-124a-45eb-a240-5c5687f99e02", "63f1f421-e62e-4d15-b956-f2d36c82cb09", "6b71836b-d173-4704-997e-48cf26ddfbb5", "99e3b3d6-acd2-425a-843b-c223b4cdbd7a", "f7db82e0-33d2-4118-a524-03c8324fe7fa", "e3b84e6a-3075-4603-aa58-1ae699ebbd34", "d181c5a5-2a14-4896-8cb4-f5e27bcf056b", "4b5a07d7-66f3-40c7-88d4-6e94673f23d2", "b9b77f02-399a-4e29-aa3d-495de1e811f0", "2fafc487-3261-4cfa-bd8a-89ffc90ea574", "b720e967-a9c5-45c2-ad0f-b4ec0f101c80", "453981ef-fd99-4bf5-8456-7287944c5a50", "764f8c99-5d83-4388-852b-3bdef11d226f", "e33db61d-0394-452e-8c2c-166a6806d2c4", "bde1706f-5a3f-4c9d-9b53-f138b210b675", "ba53d97e-a1d2-4922-80ca-46414e85acbf", "196ec9d2-711c-4b0a-b563-b337e83bc01d", "80621b26-524b-406f-80f4-5f8589834544", "7b85cb6b-5f5a-404f-afc8-ab5c9766c7c5", "205e9595-9270-433a-bd3f-79643cd26afe", "4f5fad0a-eaa2-4047-8374-c3056d16309d", "0619475a-58b9-4ede-b36e-013cc9ac1d71", "dbafafba-a985-42b5-9bcd-3004e4754a69", "d20dcad0-7a5f-4f87-9769-eb446513497a", "c80d2f21-a9fa-452f-878d-708888bb9246", "a0103544-3cad-4193-ba55-d15588770eaf", "64e781ce-8369-4e01-846c-3d8cc7696311", "7c3f5ba8-d228-4d43-9a14-c3ceaacd99a4", "362cc375-36dd-45d3-8cce-db70c1eaf592", "f11bfc88-f024-4c61-b589-af1d4eb924d1", "4587635f-5e69-4686-b530-df17e0eee36b", "4e526a62-0d95-440d-9763-ac92d592803a", "4063828a-cb2c-4880-843e-489995d36fbd", "486b52d6-9ff6-4b26-b534-5538e2572b33", "f638aed4-fe36-4768-a415-be5ccd0ab1ba", "1e066b10-2d14-42f6-8a38-11f13ea3d7a9", "05d3983e-1b2d-4977-92f7-980838581b27", "bdb6d41a-2446-4c53-8bdb-f55effd18ae7", "0fa7960a-c606-4f09-a47f-81d7d0b740e9", "a58e87fd-9723-499f-b92e-50fbe3995cb7", "a9b8e52e-8d93-447a-8d35-6de9ebe1159d", "70ca5d7f-f43a-4180-96e6-c71dd68d4807", "271e9c06-bf68-4aec-8386-363a12e4aeca", "f2c4a88d-67f4-4ccc-be63-6c9fd02a7950", "02a8f3ff-656d-4e94-b37d-3b716a02fe46", "1a896a1f-7156-4927-a497-184b9a55a172", "e57fdf40-e528-4258-a717-0c24313fc68e", "73394cd4-10af-4b91-9aed-e983cec8524d", "8d46b749-a6f5-468d-9af5-004b2a716f63", "dd734710-0b13-4238-b176-3a3328e7d4d8", "85216c5c-6d6d-4fc9-82b9-5388d3e3763c", "192ed46f-6000-4be0-a4ce-1ef057237ce6", "a89d2481-1753-4813-b778-255255ebd392", "743de338-cf7b-4f45-9d4f-16380d8372c8", "32cf72e8-d92a-4538-9ee1-9c090c922c6b", "1cc4a841-b46b-4728-aaa8-6871b3c183ad", "0b7087fa-0ef6-4f72-b7ab-8cd27295e5f5", "d5185188-573d-4cf8-b85f-d0da715bac6a", "3f63f5b0-6f40-4529-a40b-ef1a0df498bf", "4f66d665-99a7-4a1e-9cb3-d7bad1f50a50", "d6f9a804-0661-43a1-bb36-31883109ece9", "25c33db3-c388-4fac-a4cd-7b57ac12bec3", "cc0e34f7-f109-437a-9ab5-3f1ff875cfaa", "d47bb56b-d795-4285-970d-df640f09888b", "81699491-83df-48d3-9182-0830662665bb", "c92f1a93-058a-46bb-9395-f343d48b5ad6", "1a06d5d0-7a4d-4d20-b791-74257ebd4247", "18cc5871-a39a-474b-af4e-f6f01cdfc3b8", "101d40b6-1b60-4369-89a3-ccc83fc6eb9d", "1b775822-2cc5-4cf8-b2bd-24a24f37653b", "a424faea-88d5-486b-9007-8d93de6eec65", "f6ebf093-5721-4415-95f5-1c184e61b7c8", "aaf3f400-aa85-4a9d-b5aa-42c0425bd03e", "a363c257-1b87-4ede-b40f-4e996d380ec8", "bcb038a3-4f2f-49bf-bad4-2964b826118d", "8f44d81f-c76f-47da-b9d3-592884fa7b3f", "9ceba9b5-b40d-47bf-a9f7-4dbe33d83e9e", "1e544e5d-2dd2-4a07-a495-9b04b0f9e9de", "8810d0b9-5a87-41dc-b9f2-4cfac46a42ee", "ed7575dc-56d7-4869-a9c3-c12796299305", "382c7a28-03c4-4a1b-83e7-e474b23947eb", "610c84fd-34e5-4069-abe2-234d7abc9f58", "24f9faf1-82e6-4a73-b6f0-a1308a525d6f", "8fe0627d-33e9-4dfe-be31-e623ee8019d0", "a4a54d71-70ac-445c-9874-4cefc94186e0", "da9dda38-d644-430f-b645-a3b2bb727fd5", "b030fb95-c0f6-409b-93fc-6747a168c91a", "d7169520-ed98-4cb8-82d9-aba1d1a86bfa", "1e047472-1f36-46fa-b253-733d22025ed7", "f8aa36d7-849a-4f09-9440-547385667e50", "5ed2027c-87ac-4614-9334-5c741103ab1a", "128992fd-1c68-4472-b8d6-12f851dae4cb", "7cd4eecc-6d48-485c-8e3e-04fc22f34ffa", "eb854ae7-cb5f-4ac5-9d92-e70f7d5bc80e", "0ef9bf10-18d9-47ca-ac38-9203b1a39dcc", "2d5b8b2e-5638-4d95-b79f-696596d0ca9d", "e631b903-7eac-4bac-ad19-b93fb98f0ea8", "dca26274-bb33-478f-9365-be438ccacc83", "b0bca65c-5732-44a0-ade2-0a1d268f8909", "8666363e-63c3-4a71-be54-fbfedbb03298", "4ad05c08-9497-4f4f-b176-83cdfe6d7365", "03c8a79c-da9c-43a4-8b41-8460982da0ca", "788257f7-2242-47e7-a402-28b2649464be", "0f88ddd9-3e22-40b9-9fa2-0d44b8b2dc6f", "40596c80-e8c1-4e20-a2de-29e344193f3d", "538bc7d9-50f5-456c-bf70-5d00583a43b1", "3a2124f5-f02c-40bd-bd54-4a893b63e480", "16c4c47c-b342-4400-b7fe-43e227b6733d", "797569e2-779c-421f-9ae3-8436751bf4e2", "ff4777a5-9f39-413e-ac9e-baf5de0f2ed2", "bb1191d7-0874-4a58-81fb-f45a0673a724", "dc41d1aa-c1d8-4423-abe7-76101b85fff6", "98ee4aa9-1662-4f37-95b8-cc9b2ced45ed", "b6f9a2b2-1c01-4136-9725-1ee87dcff120", "767e02e1-244c-490e-87d4-31041406fb56", "c57edfb0-c764-4b20-adfa-f812f33781fe", "23e36138-4063-43d1-90b5-fa25c4da7f0b", "6578a531-7c20-4120-945e-a338cf5b0100", "8eff716a-02a5-41e1-842d-040ba00b3027", "60b56044-c7b1-4670-a3ad-5bd238a21b2f", "b883f07c-24cb-419e-9068-32cd9be25334", "739ee68b-79f8-44cd-a9a1-cbb34b225148", "32541ba4-51a2-4180-a75f-3d8230d10145", "ea3f3c66-fbb4-42b2-bd72-b123d8fbca8b", "f8d3468d-7907-4196-88c5-febc5c50207a", "087f62b8-3cdb-4584-9c85-db7ab511f98f", "fb805d7d-148e-49d5-963a-60d20f115f99", "75452826-527f-484d-bd8a-922d91719525", "60fe64d8-a4bc-4ad3-b9b2-5aca52bdefff", "76574efa-82c4-4590-bfd9-72f6e674fc78", "eaa19ac7-f8c9-44d9-a6e8-09bd6f9f66e2", "21e4c1f8-9899-4bea-8b73-0453a3711b3e", "c2acb49b-4fe5-4ce5-957e-535cbdbc5206", "37edbae9-99b2-4e8b-975a-43ed8e0b7524", "9ba99a87-5118-496d-b275-f3d7f945944d", "49ea0e9b-705d-49e6-a10f-0d972c10fe8d", "ee6ff5cf-fcf6-4f85-9c61-b444eb69d4ce", "3123ab30-b86a-4267-ab0e-ca02bc5f374e", "0906a069-62fb-40da-ae0c-55c9f40f474a", "0f964b24-11e9-4395-acde-7c9f0cd73099", "d41b6128-28cc-4e27-85d0-4bddd9101217", "75794eec-af98-424b-8eee-02015ea4e1c7", "b0b538e4-723f-4bf3-aa59-5a8c0c8f34d7", "c7811b21-bfda-475e-980f-35d5181b3330", "d6f64668-5080-4c10-a2f8-2922aacf19b6", "076b54b9-f302-4eff-8a44-db0fdab11c81", "5bcf0801-8551-406f-a340-4375ed9f82b1", "7ff9b848-c8dc-4243-bc1a-b92c99f6ef8a", "2bc59a41-91ee-4a9c-b4f9-da82ff11543c", "2cac2098-658d-4c8d-b16a-7c4d07cb50a0", "bb3641f5-743a-4f54-bba8-5ccf7312d0fd", "dafcbab5-3073-423f-8574-a8f3319edc19", "3d880a87-5aff-4e50-82d7-a1f198ec73b8", "77af2993-fb12-4852-a400-3089b908ede4", "dc19f7e5-0d86-415d-b06f-bebe09607ca0", "29e0a699-4a89-4968-8d42-5752d6cdad44", "8b8fe44b-c71e-4a4c-abe9-735dcf8f200f", "1c8bff58-11c3-43d2-84be-60cef5d7aa54", "e97b04fd-73bd-4573-814c-65fd4e83cfee", "c5cd0f09-72bd-477c-a8f7-dbc703ba18c3", "086bdb81-2a7d-4e28-ac4a-7fe39d1b5bc6", "6a04a6a2-7005-47a9-9eb5-bfe25938a082", "d560971c-9273-49e7-bc26-6069c3478976", "cd17180c-f301-4608-8c73-020ffe9ec7e8", "afb87398-f015-4591-8a20-7a0dc72654c7", "d5880a3c-8837-4c59-9962-b6b6aa17b9b5", "f8b4fc5e-2ae4-49d2-9e48-db92ad743bf5", "ff76fbc3-a6d4-4c56-b78d-7eb007b9822c", "619d8ce5-a458-4376-b203-3fa85af4d0e8", "e4cfece1-7a0c-41ba-9f2a-62c166feea11", "3af0c98d-d5b3-4d25-9d3b-735eb4456614", "ca5f2323-a576-4afb-aa40-62fe799b8f46", "ad755e72-a385-47c1-bbfe-3b66452cb1cd", "0164a3ef-4586-4a3d-8067-27e841124223", "dfc8b228-593f-4868-aa67-70f48ad4be2a", "49a9f441-aeb4-4d71-bcb6-2d6ae3e0d0a0", "9fbd25ad-223b-4f48-ae31-a5d507e60242", "5262c9b8-b672-4add-baa0-441df4a19567", "f9cb474b-b80a-4060-9111-0ca77f9fb660", "83c448b8-2537-4cb0-960f-93f5a43fa4f8", "4a80e9e5-1165-4cc4-a439-fdd7b29dd202", "4ac2cd17-10e2-4b82-948e-3e5d6c4b961f", "45462c6c-e082-4d4f-a09d-a2f9b3f6e837", "f3ca5f54-40dd-4a9a-97fd-928f1686c1ba", "f078597b-80d1-4cb6-bb74-a2ea4728f9da", "cba65c3c-f838-40ea-93f4-e745f3ce5822", "94256b39-6f8a-47ac-b542-6e57cef01b47", "7a6f7a84-6a7c-4e94-a408-8f06133d6cfb", "7a8e93eb-5835-48d1-9ce4-12f789946d12", "8887ae35-898f-4cf5-a008-7c3a71fd180b", "3cf76a56-958c-4206-a20b-2b0514b32e5a", "b78da2bf-5ee9-4ecd-bc87-c89b044a2425", "54b51ca3-ab68-4b80-8cc1-172509321525", "57810974-8e13-402a-9904-47bc5fac2fe2", "26032522-a2e4-4ec7-ada8-90c34647456f", "d199ab68-8f46-4f0c-a876-439fe36e837c", "e3cd31c8-de49-4233-a1ad-c4c6fa4b3bd4", "67ac89d8-65f0-4022-9117-9eeeb46c564f", "3cb678b5-a486-4e5a-a415-a376c7520520", "11bdac0b-ec2b-4647-bf1e-2c0bb5d012a4", "17a5a4ac-a868-4dc7-b576-313d74226dd4", "1ac3cf07-44a6-4a9d-8af2-1d25967550c4", "a43da2f2-21b4-4fbf-8734-25c06e0fef79", "cbb05de6-5299-47fc-a725-0eb1f08d5c67", "0445429c-80d3-4373-bfac-c439b3156c61", "1d743f85-3108-4b7e-97c6-1d8e2e5bff50", "d693e574-6d17-4faa-8707-23b7bcc76a61", "c6ea3e97-51c0-4575-a7f2-7e6b7107aa22", "81df55ee-af29-4fac-b4c5-a7de364c3261", "dfde3d1f-ab0a-478f-a914-4262b66f7c6a", "c29320ff-8e75-4b77-b016-18e1be25d01d", "7310b164-4474-4016-aa0f-3fdd497eca77", "48cd0716-f808-469e-9dc0-b23d97cf6ce7", "9f630407-9357-4be1-8aa7-bb18dcbd289c", "924cfcb1-16ee-49f8-a2ff-f3ce9fb5be02", "3d38c5a3-9bfe-444b-bad4-6091256634a1", "ae8c8db3-ac86-4485-9575-b984a5c46274", "a9daa784-a625-43c3-8a68-2609ecf11533", "0f1a97e4-12d1-4ded-aa38-443e3e2de1ef", "3abcefe4-ff1c-4359-b33d-20767f5fe8db", "6250302b-13fd-4362-a379-da2fae2e34c5", "b10dca99-82d8-46a2-9518-17125e3ee528", "d3f88b21-53c8-4fcb-8a2f-691b959d30e7", "e7bc1571-33a8-40ef-baf7-9892e235cb53", "bc184945-ce9c-465d-a7ba-1176ff1ebe8b", "24c8b156-deb0-4495-9cf5-168aa8d1b830", "a630801b-8b02-4b55-9ae1-dc6534bc2236", "420c79f2-591e-48de-9d3b-80db41e1fe67", "f692ffa9-d1ed-4146-b3a2-e12f5c06f6fd", "84d92d4c-acfd-4de0-9c58-912aa95eaf9c", "d10e1c8c-e6dd-4259-983e-8c99fdf4d2dc", "47eafa46-f21b-43c9-8ba9-f7ce23a2018b", "e8af192c-ce1b-4b46-b191-8060163b7d2d", "412c03b3-a9ce-4c97-917c-da15fdf7db24", "705419f4-171d-4bfe-9509-309f0a3b19c9", "1f17bf72-49f3-4773-9861-0213fb35d330", "fd4aa7f4-a835-41b5-bed6-4394afd97c89", "ca6d6e0e-5f4a-4127-ae32-3f07fdac75ec", "06a746d4-d32d-4aac-8d66-9fab745cabbc", "247d7216-1186-46bb-bc3f-b1a64b730031", "b1fdfdce-0713-42c1-b2d3-57b9e077f191", "f6df5c1e-e4e6-44e2-a72a-2810c11b952c", "d74e823b-d0c5-4a8c-ac74-ceea1401847a", "58e87b5a-7cfc-4a5e-bb05-d3bbe7d5f904", "d676d3f7-b800-4604-b20e-5b4f0f377bc0", "eba37ffb-e55f-466e-8630-7b7c8573b5c5", "4b50b580-e497-4737-990d-392adadf4a54", "6718fee4-d817-4728-bb1a-5478cbebbb03", "a777d448-44bf-4f40-abbf-94438bee9af4", "614c480c-e775-4bd6-bb79-013a42b85ded", "7a341411-3e64-4646-9fc1-141f1aebd13d", "3cd11212-4c3e-47cd-85c7-b10d0b4f6e6b", "6581ed73-cbc9-40e9-a31a-1f14773f6ec4", "015333fd-0e1c-4532-9acb-5c6364bfe60e", "ed472180-c8be-4329-a794-b3aed73a0b6f", "16e184f6-ac37-43e7-a329-a22e888a8c4d", "06409ace-c115-438b-90de-c266dec7bcc3", "04aefeb0-5cc0-4aef-a4e4-ac58d17e123b", "a02c4902-f06c-4abc-b332-bf94ae53270a", "c9af472c-74ce-47eb-ab49-e39834254a26", "bf2bafcb-f5cc-44f9-bf0b-25de3d51351e", "8b2b8a6d-2e23-4f25-b762-c99aa6788ef4", "d16b54dc-0799-472d-bc42-9903f278f162", "63364dbb-410c-484e-bd86-5fb2f9fc0676", "60f27af6-22fe-446c-8131-2a73ab390668", "7b71972f-2fee-4c7f-9405-320e9e253617", "faa35115-544d-423b-bcb6-e86061eded00", "852035ab-fb7f-4b87-b7b9-e88a00cc0aad", "4f4d4648-28f0-4dd0-8442-a8c503658feb", "e770b75b-2df1-4f90-9d6c-fbf4d7bde574", "52a1250d-b8a0-4191-9229-2b15dbc19319", "fdba1591-0249-442f-8d01-59e9475b32ea", "c71ecdde-5418-48c1-800e-19d8b61a3f28", "7efcc8d7-ff45-490f-80ca-21b1281088fa", "2c87aaf1-a30c-46a7-afc3-678c791c2016", "1c1588b2-288d-4355-aeea-881914a2ced6", "135fa37a-f7a8-49e9-acbb-2703292ef181", "be070a2c-cfe9-42bb-a1fe-6b449c331206", "c9a7c799-02f3-4a66-948f-c0289c87e7e7", "17d960aa-0e43-4517-ba8b-6087e36d4cb3", "5611f95a-0c79-4a59-b8ba-0250333787d8", "b1cb3431-38f8-4596-bccf-710945c36b4a", "749e7df2-5b3a-48dc-abee-8642e9ba3a8f", "b66e9fb7-e472-48a3-8d93-2ceaa0d14134", "85469296-2184-46c8-a803-fe1124744603", "bf963b7b-a306-4b5b-bd51-41806902c9f8", "0733f906-4586-4b98-bbdd-c00da8af5425", "d65cc685-a11a-45eb-b243-75da0ccb4deb", "d809f4cb-d156-40d2-8ed5-8a14468c9dcc", "865024d6-3e3f-450f-9f4d-5602ff5e75f8", "6b97c323-a8e4-443f-8d24-06c4d197a061", "e455376f-f61d-4df5-a598-7cce0f6a67e0", "c679dc11-a409-4270-9a99-8a73330ecb2d", "d8cba8ce-d07f-41ef-bcd2-5a0a37d2686e", "9162e014-a9ab-4e6d-abed-9ead7e90dc54", "a5dbc671-bbe1-4015-bd00-babaa2521ebc", "a1e9b8e4-62db-48a1-85c0-fc3df2973991", "3a548e66-2c0f-45b7-882f-7881cb6b0609", "85777db0-f14a-4f8f-ab2b-8f25e5321292", "0ba9fad5-c447-4b9a-ba58-846d796f56b8", "7f831ee1-84f7-4597-bcba-b749e3773a04", "cbb55918-8c9e-4aef-89d6-d7b533a335ef", "6a97effd-af8e-4d7c-8acb-1a8fa91a519c", "dbc28166-c6fd-4942-b988-1ba8d68c5af3", "0eca9d67-1e25-45f2-86e3-fcc0a9904127", "17eb6fd8-721d-4ec5-b96f-f53a94b60fae", "a3e6526d-6bc5-4f28-8120-91dd9b03a9e6", "7c989260-9736-4fd2-a296-aee914d8ae50", "d4178177-4bbd-4c5e-92be-afdf92298a75", "9255d597-1fa7-424d-ba2b-f72fddd5ea5c", "86437872-5ee3-4b82-b34b-b55486bbd037", "b3a9e2fc-eaad-4e31-ae78-92c37c09dc07", "9371d2b0-cb9c-47bc-9380-e2f6f063776f", "df7f8a90-746b-4d4e-97bf-da3ca46dd9f1", "87ec5519-805e-47fb-9a21-212908c8ff2a", "12d7988d-5a20-441e-bde7-d59bd016b2dc", "cd60f77c-1212-4577-a254-5d9caef92f1d", "c225b12e-521f-4b2d-81d2-b5a0da095076", "796e5f1f-ea0b-456f-afec-b3ca568a34a7", "dd597527-a065-491a-a849-4ccaae5bbc30", "f75e5fc7-c9e4-4312-89f9-d86563a4faee", "b9cab056-c6c6-4af8-9561-ef53e8dc2378", "e67162db-9e44-4c87-8914-2819ff914084", "f49a0435-7a00-4dbc-9895-ecd21c96356b", "b6076698-5cb4-4e48-953e-b24dfa256495", "877dccbd-be58-494a-aed2-064af8ff6129", "d52f38ee-8fe2-4193-9ed4-ef76646d8ef5", "a6b07061-6b03-4bd7-ab4a-078e13cb3765", "72ce3c3b-c440-4d7b-a1d2-87b44ff0b6cd", "908f3a5c-a5b0-4b25-a13e-85b71b1b1883", "5008ed49-f955-47b6-8f6c-d987dd6a5798", "d7bed008-144c-4193-8fcf-4694861229cf", "7d1a6513-21ad-495c-bf2e-bc9c6d3d5bde", "83f09215-282c-4703-9cd2-2870ed828839", "f93f9fbb-1740-482a-8cef-7e6ce4474c12", "acf7f2cd-5704-445b-a039-f6db88405cbf", "544243c0-7469-422c-a40c-148bf87fbe25", "bcf9a535-c0c4-4ce7-b013-46bc9989b0c0", "4177b0d5-315f-4db3-b869-544f387f5ad4", "0556908b-5dfd-4ac5-9848-fc6d5fb35943", "9df4c660-910a-4310-9c56-3a17f7777e7e", "a6547808-27ff-42de-b3b3-ed2480581caf", "9b9a72c1-4ee7-4f06-98f2-83e9db391c78", "f744fb59-dcf9-48a0-b9eb-3b5f6fe02cd9", "e2c8543b-20a0-4890-8c0c-47b3bc6d5eea", "c06ffef5-bd04-47c3-8683-a80e6e49f5e2", "95c79b0f-f6d0-4a71-bcab-776ba9efdc30", "4b9c98e1-0fc5-4feb-a068-cf5f2548b443", "6910ec63-5fe4-4eb5-80ed-af1d3f746ac2", "4dd18719-8008-4b6c-b791-1918261569cc", "c0261a8b-fedf-4719-8826-268d436e9b11", "74309ea8-6fb8-4fd0-9e4c-3945d04b5e24", "f848fb8f-0ab6-4a74-be67-f8c358243102", "ff71990f-8376-4315-8fb6-8c884e13f17b", "96cf3e65-0365-4b8f-8e85-ce9d09a7e1c4", "9d185a04-9f28-45ad-ab97-2700e28214bc", "415a8280-a528-487f-9011-6a30d12e16dd", "4dc75d33-4053-441f-a81b-13d9c889a331", "cca618ea-011c-4228-a98d-03406eba4a5e", "16c6df5a-a96f-4ea9-b815-8a8f03255140", "0520a1b3-0eea-4717-aaa2-bdf9f8054b9d"]}
2025-11-19T09:20:26.215+0800	ERROR	loggers/logger.go:196	create weaviate collection failed	{"name": "embeddings_store_dataset_81f71a76-43a7-41f3-9b9d-3ca42d016473", "error": "failed to create class 'embeddings_store_dataset_81f71a76-43a7-41f3-9b9d-3ca42d016473': status code: 422, error: {\"error\":[{\"message\":\"'Embeddings_store_dataset_81f71a76-43a7-41f3-9b9d-3ca42d016473' is not a valid class name\"}]}\n"}
github.com/YOUR-USER-OR-ORG-NAME/YOUR-REPO-NAME/pkg/loggers.Error
	/Users/panwei/Downloads/go/rag/pkg/loggers/logger.go:196
github.com/YOUR-USER-OR-ORG-NAME/YOUR-REPO-NAME/internal/schedulers.(*EmbeddingStoreScheduler).embeddingStore
	/Users/panwei/Downloads/go/rag/internal/schedulers/embedding_store.go:64
github.com/YOUR-USER-OR-ORG-NAME/YOUR-REPO-NAME/internal/schedulers.(*EmbeddingStoreScheduler).startEmbeddingStoreTask
	/Users/panwei/Downloads/go/rag/internal/schedulers/embedding_store.go:29
github.com/YOUR-USER-OR-ORG-NAME/YOUR-REPO-NAME/internal/schedulers.(*Scheduler).Start.func2
	/Users/panwei/Downloads/go/rag/internal/schedulers/scheduler.go:67
2025-11-19T09:20:28.846+0800	INFO	loggers/logger.go:188	begin text splitting task
2025-11-19T09:20:31.846+0800	INFO	loggers/logger.go:188	begin text splitting task
2025-11-19T09:20:34.846+0800	INFO	loggers/logger.go:188	begin text splitting task
2025-11-19T09:20:37.846+0800	INFO	loggers/logger.go:188	begin text splitting task
2025-11-19T09:20:40.845+0800	INFO	loggers/logger.go:188	begin text splitting task
2025-11-19T09:20:43.846+0800	INFO	loggers/logger.go:188	begin text splitting task
2025-11-19T09:20:46.846+0800	INFO	loggers/logger.go:188	begin text splitting task
2025-11-19T09:20:49.845+0800	INFO	loggers/logger.go:188	begin text splitting task
2025-11-19T09:20:52.846+0800	INFO	loggers/logger.go:188	begin text splitting task
2025-11-19T09:20:55.846+0800	INFO	loggers/logger.go:188	begin text splitting task
2025-11-19T09:20:58.845+0800	INFO	loggers/logger.go:188	begin text splitting task
2025-11-19T09:21:01.846+0800	INFO	loggers/logger.go:188	begin text splitting task
2025-11-19T09:21:04.846+0800	INFO	loggers/logger.go:188	begin text splitting task
2025-11-19T09:21:07.846+0800	INFO	loggers/logger.go:188	begin text splitting task
2025-11-19T09:21:10.846+0800	INFO	loggers/logger.go:188	begin text splitting task
2025-11-19T09:21:13.846+0800	INFO	loggers/logger.go:188	begin text splitting task
2025-11-19T09:21:16.845+0800	INFO	loggers/logger.go:188	begin text splitting task
2025-11-19T09:21:19.846+0800	INFO	loggers/logger.go:188	begin text splitting task
2025-11-19T09:21:22.846+0800	INFO	loggers/logger.go:188	begin text splitting task
2025-11-19T09:21:25.846+0800	INFO	loggers/logger.go:188	begin text splitting task
2025-11-19T09:21:28.846+0800	INFO	loggers/logger.go:188	begin text splitting task
2025-11-19T09:21:31.846+0800	INFO	loggers/logger.go:188	begin text splitting task
2025-11-19T09:21:34.846+0800	INFO	loggers/logger.go:188	begin text splitting task
2025-11-19T09:21:37.845+0800	INFO	loggers/logger.go:188	begin text splitting task
2025-11-19T09:21:40.845+0800	INFO	loggers/logger.go:188	begin text splitting task
2025-11-19T09:21:43.846+0800	INFO	loggers/logger.go:188	begin text splitting task
2025-11-19T09:21:46.846+0800	INFO	loggers/logger.go:188	begin text splitting task
2025-11-19T09:21:49.846+0800	INFO	loggers/logger.go:188	begin text splitting task
2025-11-19T09:21:52.846+0800	INFO	loggers/logger.go:188	begin text splitting task
2025-11-19T09:21:55.846+0800	INFO	loggers/logger.go:188	begin text splitting task
2025-11-19T09:21:58.845+0800	INFO	loggers/logger.go:188	begin text splitting task
2025-11-19T09:22:01.846+0800	INFO	loggers/logger.go:188	begin text splitting task
2025-11-19T09:22:04.845+0800	INFO	loggers/logger.go:188	begin text splitting task
2025-11-19T09:22:07.846+0800	INFO	loggers/logger.go:188	begin text splitting task
2025-11-19T09:22:10.845+0800	INFO	loggers/logger.go:188	begin text splitting task
2025-11-19T09:22:13.845+0800	INFO	loggers/logger.go:188	begin text splitting task
2025-11-19T09:22:16.846+0800	INFO	loggers/logger.go:188	begin text splitting task
2025-11-19T09:22:19.845+0800	INFO	loggers/logger.go:188	begin text splitting task
2025-11-19T09:22:22.845+0800	INFO	loggers/logger.go:188	begin text splitting task
2025-11-19T09:22:25.846+0800	INFO	loggers/logger.go:188	begin text splitting task
2025-11-19T09:22:28.846+0800	INFO	loggers/logger.go:188	begin text splitting task
2025-11-19T09:22:31.846+0800	INFO	loggers/logger.go:188	begin text splitting task
2025-11-19T09:22:34.846+0800	INFO	loggers/logger.go:188	begin text splitting task
2025-11-19T09:22:37.845+0800	INFO	loggers/logger.go:188	begin text splitting task
2025-11-19T09:22:40.846+0800	INFO	loggers/logger.go:188	begin text splitting task
2025-11-19T09:22:43.794+0800	INFO	loggers/logger.go:188	begin text splitting task
2025-11-19T09:22:46.793+0800	INFO	loggers/logger.go:188	begin text splitting task
2025-11-19T09:22:49.794+0800	INFO	loggers/logger.go:188	begin text splitting task
2025-11-19T09:22:52.793+0800	INFO	loggers/logger.go:188	begin text splitting task
2025-11-19T09:22:55.793+0800	INFO	loggers/logger.go:188	begin text splitting task
2025-11-19T09:22:58.793+0800	INFO	loggers/logger.go:188	begin text splitting task
2025-11-19T09:23:01.793+0800	INFO	loggers/logger.go:188	begin text splitting task
2025-11-19T09:23:04.794+0800	INFO	loggers/logger.go:188	begin text splitting task
2025-11-19T09:23:07.793+0800	INFO	loggers/logger.go:188	begin text splitting task
2025-11-19T09:23:10.794+0800	INFO	loggers/logger.go:188	begin text splitting task
2025-11-19T09:23:13.793+0800	INFO	loggers/logger.go:188	begin text splitting task
2025-11-19T09:23:16.794+0800	INFO	loggers/logger.go:188	begin text splitting task
2025-11-19T09:23:19.793+0800	INFO	loggers/logger.go:188	begin text splitting task
2025-11-19T09:23:22.794+0800	INFO	loggers/logger.go:188	begin text splitting task
2025-11-19T09:23:25.793+0800	INFO	loggers/logger.go:188	begin text splitting task
2025-11-19T09:23:28.793+0800	INFO	loggers/logger.go:188	begin text splitting task
2025-11-19T09:23:31.793+0800	INFO	loggers/logger.go:188	begin text splitting task
2025-11-19T09:23:34.793+0800	INFO	loggers/logger.go:188	begin text splitting task
2025-11-19T09:23:37.793+0800	INFO	loggers/logger.go:188	begin text splitting task
2025-11-19T09:23:40.793+0800	INFO	loggers/logger.go:188	begin text splitting task
2025-11-19T09:23:43.793+0800	INFO	loggers/logger.go:188	begin text splitting task
2025-11-19T09:23:46.793+0800	INFO	loggers/logger.go:188	begin text splitting task
2025-11-19T09:23:49.793+0800	INFO	loggers/logger.go:188	begin text splitting task
2025-11-19T09:23:52.793+0800	INFO	loggers/logger.go:188	begin text splitting task
2025-11-19T09:23:55.793+0800	INFO	loggers/logger.go:188	begin text splitting task
2025-11-19T09:23:58.793+0800	INFO	loggers/logger.go:188	begin text splitting task
2025-11-19T09:24:01.793+0800	INFO	loggers/logger.go:188	begin text splitting task
2025-11-19T09:24:04.793+0800	INFO	loggers/logger.go:188	begin text splitting task
2025-11-19T09:24:07.793+0800	INFO	loggers/logger.go:188	begin text splitting task
2025-11-19T09:24:10.792+0800	INFO	loggers/logger.go:188	begin text splitting task
2025-11-19T09:24:13.793+0800	INFO	loggers/logger.go:188	begin text splitting task
2025-11-19T09:24:16.793+0800	INFO	loggers/logger.go:188	begin text splitting task
2025-11-19T09:24:19.793+0800	INFO	loggers/logger.go:188	begin text splitting task
2025-11-19T09:24:22.793+0800	INFO	loggers/logger.go:188	begin text splitting task
2025-11-19T09:24:25.793+0800	INFO	loggers/logger.go:188	begin text splitting task
2025-11-19T09:24:28.793+0800	INFO	loggers/logger.go:188	begin text splitting task
2025-11-19T09:24:31.793+0800	INFO	loggers/logger.go:188	begin text splitting task
2025-11-19T09:24:34.793+0800	INFO	loggers/logger.go:188	begin text splitting task
2025-11-19T09:24:37.792+0800	INFO	loggers/logger.go:188	begin text splitting task
2025-11-19T09:24:40.793+0800	INFO	loggers/logger.go:188	begin text splitting task
2025-11-19T09:24:43.793+0800	INFO	loggers/logger.go:188	begin text splitting task
2025-11-19T09:24:46.792+0800	INFO	loggers/logger.go:188	begin text splitting task
2025-11-19T09:24:49.792+0800	INFO	loggers/logger.go:188	begin text splitting task
2025-11-19T09:24:52.792+0800	INFO	loggers/logger.go:188	begin text splitting task
2025-11-19T09:24:55.792+0800	INFO	loggers/logger.go:188	begin text splitting task
2025-11-19T09:24:58.792+0800	INFO	loggers/logger.go:188	begin text splitting task
2025-11-19T09:25:01.792+0800	INFO	loggers/logger.go:188	begin text splitting task
2025-11-19T09:25:04.792+0800	INFO	loggers/logger.go:188	begin text splitting task
2025-11-19T09:25:07.792+0800	INFO	loggers/logger.go:188	begin text splitting task
2025-11-19T09:25:10.792+0800	INFO	loggers/logger.go:188	begin text splitting task
2025-11-19T09:25:13.792+0800	INFO	loggers/logger.go:188	begin text splitting task
2025-11-19T09:25:16.791+0800	INFO	loggers/logger.go:188	begin text splitting task
2025-11-19T09:25:19.792+0800	INFO	loggers/logger.go:188	begin text splitting task
2025-11-19T09:25:22.792+0800	INFO	loggers/logger.go:188	begin text splitting task
2025-11-19T09:25:25.792+0800	INFO	loggers/logger.go:188	begin text splitting task
2025-11-19T09:25:26.511+0800	INFO	loggers/logger.go:188	shutting down gracefully ......
2025-11-19T09:31:39.282+0800	INFO	loggers/logger.go:188	开始初始化 Weaviate 客户端
2025-11-19T09:31:39.289+0800	INFO	loggers/logger.go:188	Weaviate 客户端创建成功，开始检查服务状态
2025-11-19T09:31:39.289+0800	INFO	loggers/logger.go:188	Weaviate 客户端初始化完成
2025-11-19T09:31:39.289+0800	INFO	loggers/logger.go:188	embedding store task 4 start
2025-11-19T09:31:39.290+0800	INFO	loggers/logger.go:188	embedding store task 1 start
2025-11-19T09:31:39.290+0800	INFO	loggers/logger.go:188	embedding store task 2 start
2025-11-19T09:31:39.290+0800	INFO	loggers/logger.go:188	embedding store task 3 start
2025-11-19T09:31:39.290+0800	INFO	loggers/logger.go:188	embedding task 4 start
2025-11-19T09:31:39.290+0800	INFO	loggers/logger.go:188	embedding task 2 start
2025-11-19T09:31:39.290+0800	INFO	loggers/logger.go:188	embedding task 3 start
2025-11-19T09:31:39.290+0800	INFO	loggers/logger.go:188	embedding task 1 start
2025-11-19T09:31:42.290+0800	INFO	loggers/logger.go:188	begin text splitting task
2025-11-19T09:31:45.290+0800	INFO	loggers/logger.go:188	begin text splitting task
2025-11-19T09:31:48.290+0800	INFO	loggers/logger.go:188	begin text splitting task
2025-11-19T09:31:51.290+0800	INFO	loggers/logger.go:188	begin text splitting task
2025-11-19T09:31:54.289+0800	INFO	loggers/logger.go:188	begin text splitting task
2025-11-19T09:31:57.290+0800	INFO	loggers/logger.go:188	begin text splitting task
2025-11-19T09:31:57.463+0800	INFO	loggers/logger.go:188	create document segments success	{"docName": "rag_rag", "segment count": 1}
2025-11-19T09:31:57.465+0800	INFO	loggers/logger.go:188	start document indexing	{"docId": "78454199-8c98-41da-9b8a-19573c7851a8", "docName": "rag_rag"}
2025-11-19T09:31:57.465+0800	INFO	loggers/logger.go:188	document embedding task start	{"docId": "78454199-8c98-41da-9b8a-19573c7851a8"}
2025-11-19T09:31:57.466+0800	INFO	loggers/logger.go:188	segments embedding task start	{"segmentIds": ["b48ad049-612c-4ad4-a077-33292c720218"]}
2025-11-19T09:31:57.466+0800	INFO	loggers/logger.go:188	segments embedding task end	{"completed segment ids": ["b48ad049-612c-4ad4-a077-33292c720218"], "failed segment ids": []}
2025-11-19T09:31:57.467+0800	INFO	loggers/logger.go:188	segments embedding finished	{"docId": "78454199-8c98-41da-9b8a-19573c7851a8", "segmentIds": ["b48ad049-612c-4ad4-a077-33292c720218"]}
2025-11-19T09:31:57.543+0800	INFO	loggers/logger.go:188	embedding store end	{"datasetId": "81f71a76-43a7-41f3-9b9d-3ca42d016473", "docId": "78454199-8c98-41da-9b8a-19573c7851a8", "segmentIds": ["b48ad049-612c-4ad4-a077-33292c720218"]}
2025-11-19T09:32:00.290+0800	INFO	loggers/logger.go:188	begin text splitting task
2025-11-19T09:32:03.290+0800	INFO	loggers/logger.go:188	begin text splitting task
2025-11-19T09:32:06.290+0800	INFO	loggers/logger.go:188	begin text splitting task
2025-11-19T09:32:09.290+0800	INFO	loggers/logger.go:188	begin text splitting task
2025-11-19T09:32:12.290+0800	INFO	loggers/logger.go:188	begin text splitting task
2025-11-19T09:32:15.290+0800	INFO	loggers/logger.go:188	begin text splitting task
2025-11-19T09:32:18.290+0800	INFO	loggers/logger.go:188	begin text splitting task
2025-11-19T09:32:21.290+0800	INFO	loggers/logger.go:188	begin text splitting task
2025-11-19T09:32:24.290+0800	INFO	loggers/logger.go:188	begin text splitting task
2025-11-19T09:32:27.290+0800	INFO	loggers/logger.go:188	begin text splitting task
2025-11-19T09:32:30.289+0800	INFO	loggers/logger.go:188	begin text splitting task
2025-11-19T09:32:33.289+0800	INFO	loggers/logger.go:188	begin text splitting task
2025-11-19T09:32:36.289+0800	INFO	loggers/logger.go:188	begin text splitting task
2025-11-19T09:32:39.290+0800	INFO	loggers/logger.go:188	begin text splitting task
2025-11-19T09:32:39.465+0800	INFO	loggers/logger.go:188	shutting down gracefully ......
